omega,k,ReG,ImG
0.0,0.0,0.25,0.0
0.01,0.0,0.24999400013774684,0.0012499712506599849
0.02,0.0,0.24997600220379762,0.0024997700211180605
0.03,0.0,0.2499460111554452,0.003749223910346871
0.04,0.0,0.24990403525105218,0.004998160675591853
0.05,0.0,0.24985008604436817,0.006246408311316988
0.06,0.0,0.2497841783765839,0.007493795127922123
0.07,0.0,0.24970633036613246,0.008740149830156314
0.08,0.0,0.24961656339625124,0.00998530159515214
0.09,0.0,0.24951490210031982,0.011229080150006543
0.1,0.0,0.2494013743449928,0.012471315848834524
0.11,0.0,0.24927601121114928,0.013711839749222868
0.12,0.0,0.24913884697268338,0.014950483688012075
0.13,0.0,0.24898991907316154,0.01618708035633572
0.14,0.0,0.2488292681003783,0.017421463373847756
0.15,0.0,0.24865693775884054,0.018653467362069506
0.16,0.0,0.24847297484021594,0.019882928016789574
0.17,0.0,0.24827742919178306,0.021109682179451424
0.18,0.0,0.24807035368292144,0.022333567907464946
0.19,0.0,0.24785180416968414,0.023554424543380154
0.2,0.0,0.24762183945749672,0.02477209278286282
0.21,0.0,0.24738052126202809,0.025986414741413912
0.22,0.0,0.24712791416828203,0.027197234019776594
0.23,0.0,0.24686408558795872,0.028404395767976515
0.24,0.0,0.2465891057151387,0.029607746747943458
0.25,0.0,0.24630304748034215,0.030807135394664432
0.26,0.0,0.24600598650301936,0.03200241187582058
0.27,0.0,0.24569800104252854,0.0331934281498626
0.28,0.0,0.2453791719476595,0.03438003802248196
0.29,0.0,0.24504958260476223,0.035562097201436924
0.3,0.0,0.2447093188845417,0.03673946334969598
0.31,0.0,0.24435846908757952,0.03791199613686235
0.32,0.0,0.24399712388864642,0.039079557288847204
0.33,0.0,0.2436253762798683,0.04024201063576061
0.34,0.0,0.2432433215128101,0.04139922215799236
0.35000000000000003,0.0,0.2428510570395434,0.042551060030457416
0.36,0.0,0.24244868245276185,0.04369739466498295
0.37,0.0,0.24203629942501168,0.044838098750817026
0.38,0.0,0.2416140116471026,0.045973047293240935
0.39,0.0,0.241181924765766,0.047102117650270434
0.4,0.0,0.24074014632062637,0.04822518956743317
0.41000000000000003,0.0,0.24028878568055345,0.049342145210612504
0.42,0.0,0.23982795397946025,0.050452869196950065
0.43,0.0,0.23935776405161394,0.051557248623802406
0.44,0.0,0.23887833036652487,0.052655173095748846
0.45,0.0,0.2383897689634796,0.05374653474965096
0.46,0.0,0.23789219738578224,0.05483122827776567
0.47000000000000003,0.0,0.23738573461476856,0.05590915094891677
0.48,0.0,0.23687050100365678,0.05698020262773192
0.49,0.0,0.23634661821129654,0.058044285791954135
0.5,0.0,0.2358142091358798,0.059101305547839544
0.51,0.0,0.23527339784867246,0.06015116964365462
0.52,0.0,0.2347243095278282,0.06119378848128873
0.53,0.0,0.2341670703923422,0.062229075125999615
0.54,0.0,0.23360180763620314,0.06325694531431139
0.55,0.0,0.23302864936279874,0.06427731746008643
0.56,0.0,0.23244772451963105,0.06529011265879468
0.5700000000000001,0.0,0.23185916283339422,0.06629525469000518
0.58,0.0,0.23126309474546708,0.06729267001812643
0.59,0.0,0.2306596513478718,0.06828228779142413
0.6,0.0,0.23004896431974733,0.06926403983934584
0.61,0.0,0.2294311658643853,0.07023786066818383
0.62,0.0,0.22880638864687491,0.07120368745510866
0.63,0.0,0.2281747657324006,0.07216146004060736
0.64,0.0,0.22753643052523578,0.07311112091936116
0.65,0.0,0.22689151670847363,0.07405261522959898
0.66,0.0,0.22624015818453377,0.07498589074096379
0.67,0.0,0.22558248901648345,0.0759108978409299
0.68,0.0,0.22491864337020828,0.07682758951981042
0.6900000000000001,0.0,0.22424875545746695,0.07773592135439437
0.7000000000000001,0.0,0.2235729594798624,0.07863585149025408
0.71,0.0,0.22289138957376003,0.07952734062276416
0.72,0.0,0.22220417975618156,0.08041035197687346
0.73,0.0,0.22151146387170187,0.08128485128567253
0.74,0.0,0.22081337554037359,0.08215080676779869
0.75,0.0,0.22011004810670423,0.08300818910372253
0.76,0.0,0.21940161458970608,0.083856971410958
0.77,0.0,0.2186882076340397,0.08469712921824024
0.78,0.0,0.21796995946226985,0.08552864043871439
0.79,0.0,0.21724700182824938,0.08635148534217905
0.8,0.0,0.2165194659716473,0.08716564652642807
0.81,0.0,0.21578748257363334,0.08797110888773393
0.8200000000000001,0.0,0.21505118171373136,0.08876785959051649
0.8300000000000001,0.0,0.21431069282785145,0.08955588803624001
0.84,0.0,0.21356614466750962,0.09033518583158168
0.85,0.0,0.21281766526024173,0.09110574675591422
0.86,0.0,0.21206538187121726,0.09186756672814478
0.87,0.0,0.2113094209660577,0.09262064377295258
0.88,0.0,0.21054990817486108,0.09336497798646606
0.89,0.0,0.20978696825743468,0.09410057150142119
0.9,0.0,0.20902072506973632,0.09482742845184125
0.91,0.0,0.20825130153152116,0.09554555493727772
0.92,0.0,0.20747881959519376,0.09625495898665216
0.93,0.0,0.20670340021585926,0.09695565052173706
0.9400000000000001,0.0,0.20592516332257046,0.09764764132031442
0.9500000000000001,0.0,0.20514422779076355,0.0983309449790486
0.96,0.0,0.20436071141587567,0.09900557687611056
0.97,0.0,0.20357473088813588,0.09967155413358883
0.98,0.0,0.2027864017685207,0.10032889557972278
0.99,0.0,0.20199583846586308,0.10097762171099164
1.0,0.0,0.20120315421510446,0.10161775465409317
1.01,0.0,0.20040846105667776,0.10224931812784442
1.02,0.0,0.1996118698170078,0.10287233740503597
1.03,0.0,0.1988134900901166,0.10348683927427078
1.04,0.0,0.1980134302203181,0.10409285200181706
1.05,0.0,0.19721179728598806,0.10469040529350462
1.06,0.0,0.19640869708439318,0.1052795302566926
1.07,0.0,0.1956042341175626,0.10586025936233537
1.08,0.0,0.19479851157918585,0.10643262640717363
1.09,0.0,0.19399163134251943,0.10699666647607535
1.1,0.0,0.1931836939492833,0.10755241590455089
1.11,0.0,0.1923747985995308,0.10809991224146673
1.12,0.0,0.191565043142471,0.10863919421197885
1.1300000000000001,0.0,0.1907545240682266,0.10917030168070901
1.1400000000000001,0.0,0.18994333650050604,0.10969327561518338
1.1500000000000001,0.0,0.1891315741901715,0.11020815804955399
1.16,0.0,0.18831932950968172,0.11071499204862165
1.17,0.0,0.1875066934483904,0.11121382167217883
1.18,0.0,0.1866937556086789,0.11170469193968878
1.19,0.0,0.18588060420290317,0.11218764879531787
1.2,0.0,0.18506732605113435,0.11266273907333665
1.21,0.0,0.18425400657967148,0.11313001046390325
1.22,0.0,0.18344072982030657,0.11358951147924407
1.23,0.0,0.1826275784103199,0.1140412914202436
1.24,0.0,0.18181463359318595,0.11448540034345626
1.25,0.0,0.1810019752199677,0.11492188902855091
1.26,0.0,0.18018968175137953,0.11535080894619895
1.27,0.0,0.17937783026049753,0.1157722122264158
1.28,0.0,0.17856649643609593,0.11618615162736412
1.29,0.0,0.17775575458659024,0.11659268050462823
1.3,0.0,0.17694567764456537,0.11699185278096583
1.31,0.0,0.17613633717186933,0.11738372291654525
1.32,0.0,0.1753278033652516,0.1177683458796735
1.33,0.0,0.17452014506252697,0.11814577711802111
1.34,0.0,0.173713429749244,0.11851607253034843
1.35,0.0,0.1729077235658395,0.11887928843873767
1.36,0.0,0.17210309131525936,0.11923548156133482
1.37,0.0,0.17129959647102613,0.11958470898560372
1.3800000000000001,0.0,0.1704973011857353,0.11992702814209545
1.3900000000000001,0.0,0.16969626629996087,0.12026249677873475
1.4000000000000001,0.0,0.16889655135155276,0.12059117293562521
1.41,0.0,0.1680982145853072,0.12091311492037352
1.42,0.0,0.16730131296299264,0.12122838128393401
1.43,0.0,0.16650590217371447,0.12153703079697314
1.44,0.0,0.1657120366446001,0.12183912242675322
1.45,0.0,0.16491976955178858,0.1221347153145348
1.46,0.0,0.16412915283170823,0.12242386875349653
1.47,0.0,0.16334023719262544,0.12270664216717007
1.48,0.0,0.1625530721264499,0.122983095088389
1.49,0.0,0.16176770592077977,0.12325328713874828
1.5,0.0,0.1609841856711723,0.12351727800857208
1.51,0.0,0.16020255729362498,0.12377512743738671
1.52,0.0,0.1594228655372526,0.12402689519489482
1.53,0.0,0.15864515399714654,0.12427264106244795
1.54,0.0,0.15786946512740196,0.12451242481501235
1.55,0.0,0.15709584025430032,0.12474630620362484
1.56,0.0,0.15632431958963333,0.12497434493833327
1.57,0.0,0.15555494224415645,0.1251966006716175
1.58,0.0,0.1547877462411589,0.12541313298228532
1.59,0.0,0.15402276853013885,0.12562400135983845
1.6,0.0,0.15326004500057175,0.12582926518930357
1.61,0.0,0.15249961049576063,0.1260289837365217
1.62,0.0,0.15174149882675741,0.12622321613389137
1.6300000000000001,0.0,0.15098574278634475,0.12641202136655907
1.6400000000000001,0.0,0.15023237416306792,0.12659545825905116
1.6500000000000001,0.0,0.14948142375530718,0.12677358546234066
1.6600000000000001,0.0,0.14873292138538047,0.12694646144134344
1.67,0.0,0.14798689591366773,0.12711414446283661
1.68,0.0,0.14724337525274753,0.1272766925837929
1.69,0.0,0.1465023863815376,0.12743416364012486
1.7,0.0,0.14576395535943068,0.12758661523583162
1.71,0.0,0.14502810734041804,0.12773410473254168
1.72,0.0,0.1442948665871925,0.1278766892394453
1.73,0.0,0.1435642564852242,0.12801442560360934
1.74,0.0,0.142836299556801,0.12814737040066745
1.75,0.0,0.14211101747502808,0.12827557992587962
1.76,0.0,0.14138843107777868,0.12839911018555292
1.77,0.0,0.14066856038159106,0.12851801688881787
1.78,0.0,0.13995142459550455,0.12863235543975216
1.79,0.0,0.1392370421348299,0.12874218092984596
1.8,0.0,0.138525430634848,0.12884754813080118
1.81,0.0,0.13781660696443152,0.12894851148765768
1.82,0.0,0.13711058723958525,0.12904512511224042
1.83,0.0,0.13640738683689965,0.12913744277691944
1.84,0.0,0.13570702040691376,0.12922551790867684
1.85,0.0,0.13500950188738275,0.12930940358347343
1.86,0.0,0.1343148445164462,0.12938915252090832
1.87,0.0,0.13362306084569378,0.12946481707916502
1.8800000000000001,0.0,0.1329341627531238,0.12953644925023677
1.8900000000000001,0.0,0.1322481614559925,0.12960410065542535
1.9000000000000001,0.0,0.1315650675235495,0.12966782254110595
1.9100000000000001,0.0,0.13088489088965766,0.12972766577475178
1.92,0.0,0.13020764086529402,0.12978368084121272
1.93,0.0,0.12953332615092902,0.12983591783924037
1.94,0.0,0.12886195484878213,0.12988442647825424
1.95,0.0,0.12819353447495124,0.12992925607534234
1.96,0.0,0.12752807197141372,0.1299704555524899
1.97,0.0,0.12686557371789778,0.1300080734340306
1.98,0.0,0.12620604554362153,0.13004215784431378
1.99,0.0,0.12554949273889898,0.13007275650558206
2.0,0.0,0.12489592006661115,0.13009991673605328
2.0100000000000002,0.0,0.12424533177354063,0.13012368544820113
2.02,0.0,0.12359773160156946,0.13014410914722868
2.0300000000000002,0.0,0.12295312279873798,0.13016123392972928
2.04,0.0,0.12231150813016504,0.13017510548252928
2.05,0.0,0.12167288988882792,0.13018576908170737
2.06,0.0,0.12103726990620152,0.13019326959178454
2.07,0.0,0.12040464956275654,0.13019765146508022
2.08,0.0,0.11977502979831597,0.13019895874122916
2.09,0.0,0.11914841112226986,0.1301972350468536
2.1,0.0,0.1185247936236473,0.13019252359538622
2.11,0.0,0.11790417698104717,0.13018486718703892
2.12,0.0,0.11728656047242554,0.13017430820891243
2.13,0.0,0.11667194298474176,0.13016088863524228
2.14,0.0,0.11606032302346188,0.13014465002777625
2.15,0.0,0.11545169872192065,0.1301256335362792
2.16,0.0,0.11484606785054173,0.1301038798991603
2.17,0.0,0.11424342782591711,0.13007942944421888
2.18,0.0,0.11364377571974556,0.13005232208950426
2.19,0.0,0.11304710826763126,0.1300225973442855
2.2,0.0,0.11245342187774279,0.12999029431012724
2.21,0.0,0.11186271263933338,0.12995545168206724
2.22,0.0,0.11127497633112286,0.12991810774989207
2.23,0.0,0.11069020842954248,0.12987830039950696
2.24,0.0,0.11010840411684301,0.12983606711439613
2.25,0.0,0.10952955828906753,0.1297914449771702
2.2600000000000002,0.0,0.10895366556388901,0.12974447067119663
2.27,0.0,0.10838072028831464,0.12969518048231007
2.2800000000000002,0.0,0.10781071654625715,0.12964361030059954
2.29,0.0,0.10724364816597463,0.12958979562226833
2.3000000000000003,0.0,0.10667950872737952,0.12953377155156423
2.31,0.0,0.10611829156921847,0.12947557280277627
2.32,0.0,0.10555998979612356,0.12941523370229568
2.33,0.0,0.10500459628553668,0.12935278819073717
2.34,0.0,0.1044521036945079,0.12928826982511843
2.35,0.0,0.10390250446636906,0.1292217117810946
2.36,0.0,0.10335579083728419,0.12915314685524507
2.37,0.0,0.1028119548426776,0.12908260746740993
2.38,0.0,0.1022709883235414,0.12901012566307338
2.39,0.0,0.10173288293262316,0.12893573311579182
2.4,0.0,0.101197630140496,0.12885946112966384
2.41,0.0,0.10066522124151128,0.1287813406418398
2.42,0.0,0.10013564735963636,0.12870140222506893
2.43,0.0,0.099608899454178,0.1286196760902813
2.44,0.0,0.09908496832539337,0.1285361920892027
2.45,0.0,0.0985638446199896,0.1284509797170002
2.46,0.0,0.09804551883651379,0.12836406811495668
2.47,0.0,0.09752998133063413,0.12827548607317127
2.48,0.0,0.0970172223203147,0.12818526203328542
2.49,0.0,0.09650723189088402,0.12809342409123103
2.5,0.0,0.096,0.128
2.5100000000000002,0.0,0.09549551648251171,0.12790501717243263
2.52,0.0,0.09499377105522044,0.12780850268402402
2.5300000000000002,0.0,0.09449475332154023,0.1277104832757456
2.54,0.0,0.09399845277606066,0.12761098535688162
2.5500000000000003,0.0,0.09350485880901205,0.1275100350078776
2.56,0.0,0.09301396071063554,0.12740765798320053
2.57,0.0,0.09252574767545876,0.12730387971420826
2.58,0.0,0.09204020880647888,0.12719872531202756
2.59,0.0,0.0915573331192543,0.12709221957043892
2.6,0.0,0.09107710954590634,0.12698438696876688
2.61,0.0,0.09059952693903262,0.1268752516747749
2.62,0.0,0.09012457407553305,0.12676483754756324
2.63,0.0,0.08965223966035034,0.12665316814046879
2.64,0.0,0.08918251233012581,0.12654026670396565
2.65,0.0,0.0887153806567725,0.12642615618856556
2.66,0.0,0.08825083315096643,0.12631085924771682
2.67,0.0,0.0877888582655577,0.12619439824070086
2.68,0.0,0.0873294443989024,0.12607679523552562
2.69,0.0,0.08687257989811717,0.1259580720118145
2.7,0.0,0.08641825306225705,0.12583825006369
2.71,0.0,0.0859664521454187,0.12571735060265168
2.72,0.0,0.0855171653597696,0.12559539456044674
2.73,0.0,0.08507038087850494,0.12547240259193343
2.74,0.0,0.08462608683873311,0.12534839507793546
2.75,0.0,0.08418427134429163,0.1252233921280876
2.7600000000000002,0.0,0.08374492246849378,0.12509741358367116
2.77,0.0,0.08330802825680851,0.12497047902043908
2.7800000000000002,0.0,0.08287357672947346,0.12484260775142962
2.79,0.0,0.08244155588404317,0.12471381882976822
2.8000000000000003,0.0,0.08201195369787342,0.12458413105145703
2.81,0.0,0.08158475813054299,0.1244535629581515
2.82,0.0,0.08115995712621349,0.12432213283992306
2.83,0.0,0.08073753861592933,0.12418985873800835
2.84,0.0,0.08031749051985801,0.12405675844754342
2.85,0.0,0.0798998007494724,0.12392284952028315
2.86,0.0,0.07948445720967609,0.1237881492673053
2.87,0.0,0.07907144780087262,0.12365267476169857
2.88,0.0,0.07866076042098001,0.12351644284123457
2.89,0.0,0.07825238296739119,0.12337947011102303
2.9,0.0,0.0778463033388821,0.12324177294615025
2.91,0.0,0.07744250943746755,0.12310336749430012
2.92,0.0,0.07704098917020678,0.12296426967835736
2.93,0.0,0.07664173045095905,0.12282449519899341
2.94,0.0,0.07624472120209061,0.12268405953723352
2.95,0.0,0.07584994935613386,0.12254297795700589
2.96,0.0,0.07545740285739973,0.12240126550767177
2.97,0.0,0.0750670696635442,0.12225893702653695
2.98,0.0,0.07467893774709,0.122116007141344
2.99,0.0,0.07429299509690407,0.1219724902727453
3.0,0.0,0.07390922971963225,0.12182840063675644
3.0100000000000002,0.0,0.07352762964109134,0.12168375224719016
3.02,0.0,0.07314818290762033,0.1215385589180704
3.0300000000000002,0.0,0.07277087758739065,0.12139283426602647
3.04,0.0,0.07239570177167719,0.12124659171266719
3.0500000000000003,0.0,0.07202264357609024,0.12109984448693475
3.06,0.0,0.07165169114176975,0.12095260562743856
3.0700000000000003,0.0,0.07128283263654198,0.12080488798476838
3.08,0.0,0.0709160562560403,0.12065670422378746
3.09,0.0,0.0705513502247901,0.12050806682590492
3.1,0.0,0.07018870279725874,0.12035898809132764
3.11,0.0,0.06982810225887189,0.12020948014129162
3.12,0.0,0.06946953692699598,0.12005955492027276
3.13,0.0,0.06911299515188861,0.11990922419817686
3.14,0.0,0.06875846531761652,0.11975849957250903
3.15,0.0,0.06840593584294287,0.11960739247052263
3.16,0.0,0.06805539518218366,0.11945591415134713
3.17,0.0,0.06770683182603462,0.11930407570809573
3.18,0.0,0.06736023430236877,0.1191518880699522
3.19,0.0,0.06701559117700547,0.11899936200423687
3.2,0.0,0.06667289105445184,0.1188465081184525
3.21,0.0,0.06633212257861686,0.11869333686230928
3.22,0.0,0.06599327443349866,0.11853985852972931
3.23,0.0,0.06565633534384624,0.11838608326083089
3.24,0.0,0.06532129407579537,0.11823202104389215
3.25,0.0,0.06498813943748019,0.11807768171729455
3.2600000000000002,0.0,0.06465686027961998,0.11792307497144595
3.27,0.0,0.06432744549608282,0.11776821035068369
3.2800000000000002,0.0,0.06399988402442588,0.11761309725515728
3.29,0.0,0.06367416484641313,0.11745774494269147
3.3000000000000003,0.0,0.06335027698851116,0.11730216253062892
3.31,0.0,0.0630282095223634,0.11714635899765334
3.3200000000000003,0.0,0.06270795156524336,0.11699034318559277
3.33,0.0,0.06238949228048749,0.11683412380120331
3.34,0.0,0.0620728208779078,0.11667770941793297
3.35,0.0,0.06175792661418536,0.11652110847766661
3.36,0.0,0.06144479879324436,0.11636432929245107
3.37,0.0,0.06113342676660782,0.11620738004620121
3.38,0.0,0.06082379993373534,0.11605026879638716
3.39,0.0,0.060515907742342716,0.11589300347570208
3.4,0.0,0.06020973968870492,0.11573559189371141
3.41,0.0,0.05990528531794172,0.11557804173848321
3.42,0.0,0.05960253422428742,0.11542036057820007
3.43,0.0,0.05930147605134426,0.11526255586275237
3.44,0.0,0.05900210049232055,0.11510463492531318
3.45,0.0,0.05870439729025333,0.11494660498389511
3.46,0.0,0.05840835623821663,0.11478847314288884
3.47,0.0,0.05811396717951499,0.11463024639458397
3.48,0.0,0.057821220007863224,0.11447193162067186
3.49,0.0,0.05753010466755231,0.11431353559373078
3.5,0.0,0.05724061115360216,0.11415506497869377
3.5100000000000002,0.0,0.05695272951190134,0.11399652633429881
3.52,0.0,0.05666644983933422,0.11383792611452197
3.5300000000000002,0.0,0.0563817622838958,0.11367927066999328
3.54,0.0,0.0560986570447947,0.11352056624939592
3.5500000000000003,0.0,0.05581712437254438,0.11336181900084819
3.56,0.0,0.0555371545690432,0.11320303497326913
3.5700000000000003,0.0,0.05525873798764333,0.11304422011772762
3.58,0.0,0.05498186503320914,0.1128853802887749
3.59,0.0,0.05470652616216495,0.11272652124576102
3.6,0.0,0.054432711882532916,0.11256764865413518
3.61,0.0,0.05416041275396092,0.11240876808673023
3.62,0.0,0.05388961938774083,0.1122498850250311
3.63,0.0,0.0536203224468178,0.11209100486042806
3.64,0.0,0.05335251264579012,0.1119321328954541
3.65,0.0,0.053086180750900616,0.1117732743450072
3.66,0.0,0.05282131758001935,0.11161443433755723
3.67,0.0,0.052557914002618215,0.1114556179163381
3.68,0.0,0.05229596093973737,0.11129683004052479
3.69,0.0,0.05203544936394389,0.1111380755863957
3.7,0.0,0.05177637029928297,0.11097935934848048
3.71,0.0,0.05151871482122169,0.1108206860406933
3.72,0.0,0.05126247405658572,0.11066206029745206
3.73,0.0,0.051007639183489134,0.11050348667478314
3.74,0.0,0.05075420143125744,0.11034496965141237
3.75,0.0,0.05050215208034433,0.11018651362984218
3.7600000000000002,0.0,0.05025148246224196,0.11002812293741485
3.77,0.0,0.05000218395938527,0.10986980182736243
3.7800000000000002,0.0,0.04975424800505033,0.10971155447984302
3.79,0.0,0.04950766608324706,0.10955338500296392
3.8000000000000003,0.0,0.04926242972860642,0.10939529743379175
3.81,0.0,0.04901853052626228,0.10923729573934933
3.8200000000000003,0.0,0.048775960111727974,0.10907938381759989
3.83,0.0,0.048534710170768186,0.10892156549841861
3.84,0.0,0.048294772439265644,0.1087638445445514
3.85,0.0,0.04805613870308345,0.1086062246525616
3.86,0.0,0.04781880079792279,0.108448709453764
3.87,0.0,0.04758275060917621,0.10829130251514703
3.88,0.0,0.04734798007177694,0.1081340073402828
3.89,0.0,0.047114481170043944,0.10797682737022533
3.9,0.0,0.04688224593752318,0.10781976598439698
3.91,0.0,0.04665126645682511,0.1076628265014633
3.92,0.0,0.046421534859458595,0.10750601218019658
3.93,0.0,0.0461930433256612,0.10734932622032767
3.94,0.0,0.04596578408422637,0.1071927717633871
3.95,0.0,0.045739749412327106,0.10703635189353479
3.96,0.0,0.0455149316353368,0.10688006963837889
3.97,0.0,0.04529132312664691,0.10672392796978376
3.98,0.0,0.045068916307481915,0.10656792980466757
3.99,0.0,0.04484770364671139,0.10641207800578882
4.0,0.0,0.04462767766065964,0.10625637538252296
4.01,0.0,0.0444088309129126,0.10610082469162828
4.0200000000000005,0.0,0.04419115601412248,0.10594542863800185
4.03,0.0,0.04397464562181017,0.10579018987542549
4.04,0.0,0.04375929244016519,0.1056351110073014
4.05,0.0,0.04354508921984375,0.10548019458737833
4.0600000000000005,0.0,0.043332028757764804,0.10532544312046803
4.07,0.0,0.043120103896904106,0.10517085906315192
4.08,0.0,0.04290930752608649,0.10501644482447842
4.09,0.0,0.04269963257977643,0.10486220276665094
4.1,0.0,0.042491072037866985,0.10470813520570657
4.11,0.0,0.04228361892546711,0.10455424441218575
4.12,0.0,0.04207726631268768,0.10440053261179279
4.13,0.0,0.04187200731442591,0.10424700198604767
4.14,0.0,0.04166783509014854,0.10409365467292878
4.15,0.0,0.04146474284367393,0.10394049276750737
4.16,0.0,0.041262723822952846,0.10378751832257313
4.17,0.0,0.04106177131984813,0.1036347333492513
4.18,0.0,0.04086187866991355,0.1034821398176117
4.19,0.0,0.04066303925217152,0.10332973965726919
4.2,0.0,0.040465246488890105,0.10317753475797622
4.21,0.0,0.04026849384535902,0.10302552697020724
4.22,0.0,0.0400727748296651,0.10287371810573508
4.23,0.0,0.039878082992466896,0.10272210993819961
4.24,0.0,0.039684411926768894,0.10257070420366883
4.25,0.0,0.03949175526769483,0.10241950260119179
4.26,0.0,0.03930010669226083,0.10226850679334457
4.2700000000000005,0.0,0.039109459919147854,0.10211771840676835
4.28,0.0,0.038919808708473974,0.10196713903270052
4.29,0.0,0.03873114686156603,0.10181677022749812
4.3,0.0,0.03854346822073124,0.10166661351315441
4.3100000000000005,0.0,0.03835676666902842,0.10151667037780832
4.32,0.0,0.03817103613003915,0.10136694227624687
4.33,0.0,0.03798627056763856,0.10121743063040067
4.34,0.0,0.037802463985766206,0.10106813682983261
4.3500000000000005,0.0,0.037619610428196885,0.10091906223222008
4.36,0.0,0.03743770397831133,0.10077020816383016
4.37,0.0,0.03725673875886695,0.1006215759199886
4.38,0.0,0.03707670893176875,0.10047316676554224
4.39,0.0,0.036897608697840145,0.10032498193531494
4.4,0.0,0.036719432296594155,0.10017702263455748
4.41,0.0,0.036542174006004624,0.100029290039391
4.42,0.0,0.03636582814227765,0.09988178529724447
4.43,0.0,0.03619038905962336,0.09973450952728609
4.44,0.0,0.03601585115002785,0.09958746382084867
4.45,0.0,0.03584220884302563,0.09944064924184923
4.46,0.0,0.035669456605472126,0.09929406682720268
4.47,0.0,0.035497588941316806,0.09914771758722987
4.48,0.0,0.03532660039137663,0.09900160250605991
4.49,0.0,0.035156485533109925,0.09885572254202697
4.5,0.0,0.034987238980390696,0.09871007862806153
4.51,0.0,0.03481885538328346,0.09856467167207617
4.5200000000000005,0.0,0.03465132942781864,0.0984195025573462
4.53,0.0,0.03448465583576841,0.09827457214288467
4.54,0.0,0.034318829364423126,0.09812988126381246
4.55,0.0,0.034153844806368405,0.0979854307317231
4.5600000000000005,0.0,0.033989696989262706,0.09784122133504236
4.57,0.0,0.03382638077561572,0.0976972538393833
4.58,0.0,0.03366389106256714,0.09755352898789572
4.59,0.0,0.03350222278166637,0.09741004750161128
4.6000000000000005,0.0,0.03334137089865276,0.09726681007978355
4.61,0.0,0.03318133041323665,0.09712381740022334
4.62,0.0,0.03302209635888105,0.0969810701196294
4.63,0.0,0.032863663802584146,0.09683856887391448
4.64,0.0,0.03270602784466251,0.09669631427852671
4.65,0.0,0.03254918361853511,0.09655430692876672
4.66,0.0,0.03239312629050817,0.09641254740010019
4.67,0.0,0.03223785105956069,0.09627103624846588
4.68,0.0,0.032083353157130984,0.0961297740105797
4.69,0.0,0.031929627846903855,0.0959887612042341
4.7,0.0,0.03177667042459885,0.09584799832859363
4.71,0.0,0.031624476217759094,0.09570748586448613
4.72,0.0,0.03147304058554124,0.09556722427468982
4.73,0.0,0.03132235891850622,0.0954272140042166
4.74,0.0,0.031172426638410862,0.09528745548059102
4.75,0.0,0.031023239198000437,0.09514794911412564
4.76,0.0,0.03087479208080214,0.09500869529819232
4.7700000000000005,0.0,0.030727080800919456,0.0948696944094897
4.78,0.0,0.030580100902827572,0.09473094680830715
4.79,0.0,0.030433847961169536,0.09459245283878462
4.8,0.0,0.030288317580553576,0.09445421282916915
4.8100000000000005,0.0,0.030143505395351246,0.0943162270920676
4.82,0.0,0.02999940706949661,0.09417849592469589
4.83,0.0,0.02985601829628635,0.09404101960912463
4.84,0.0,0.029713334798180904,0.0939037984125214
4.8500000000000005,0.0,0.029571352326606504,0.09376683258738948
4.86,0.0,0.029430066661758403,0.0936301223718034
4.87,0.0,0.029289473612404828,0.0934936679896409
4.88,0.0,0.029149569015692166,0.09335746965081182
4.89,0.0,0.029010348736951047,0.09322152755148361
4.9,0.0,0.028871808669503448,0.0930858418743038
4.91,0.0,0.028733944734470905,0.09295041278861917
4.92,0.0,0.028596752880583578,0.09281524045069188
4.93,0.0,0.0284602290839905,0.0926803250039125
4.94,0.0,0.028324369348070765,0.09254566657901012
4.95,0.0,0.028189169703245847,0.09241126529425939
4.96,0.0,0.028054626206792756,0.0922771212556845
4.97,0.0,0.02792073494265845,0.09214323455726064
4.98,0.0,0.02778749202127517,0.0920096052811121
4.99,0.0,0.02765489357937685,0.09187623349770804
5.0,0.0,0.027522935779816512,0.09174311926605504
5.01,0.0,0.027391614811384798,0.09161026263388726
5.0200000000000005,0.0,0.02726092688862947,0.09147766363785366
5.03,0.0,0.027130868251676012,0.0913453223037027
5.04,0.0,0.027001435166049203,0.09121323864646426
5.05,0.0,0.026872623922495835,0.09108141267062918
5.0600000000000005,0.0,0.02674443083680837,0.09094984437032595
5.07,0.0,0.026616852249649787,0.09081853372949523
5.08,0.0,0.0264898845263793,0.09068748072206152
5.09,0.0,0.026363524056879268,0.09055668531210258
5.1000000000000005,0.0,0.026237767255383057,0.09042614745401649
5.11,0.0,0.026112610560304048,0.09029586709268615
5.12,0.0,0.02598805043406555,0.09016584416364144
5.13,0.0,0.02586408336293192,0.0900360785932193
5.14,0.0,0.02574070585684055,0.08990657029872114
5.15,0.0,0.025617914449235047,0.08977731918856828
5.16,0.0,0.025495705696899407,0.08964832516245513
5.17,0.0,0.025374076179793155,0.08951958811150004
5.18,0.0,0.0252530225008876,0.08939110791839404
5.19,0.0,0.025132541286003122,0.08926288445754757
5.2,0.0,0.02501262918364746,0.08913491759523492
5.21,0.0,0.02489328286485504,0.0890072071897367
5.22,0.0,0.024774499023027318,0.08887975309148018
5.23,0.0,0.024656274373774184,0.08875255514317779
5.24,0.0,0.024538605654756386,0.08862561317996336
5.25,0.0,0.024421489625528904,0.08849892702952666
5.26,0.0,0.024304923067385433,0.08837249651224581
5.2700000000000005,0.0,0.024188902783203826,0.08824632144131786
5.28,0.0,0.024073425597292586,0.0881204016228875
5.29,0.0,0.023958488355238314,0.0879947368561739
5.3,0.0,0.023844087923754195,0.08786932693359562
5.3100000000000005,0.0,0.023730221190529498,0.08774417164089393
5.32,0.0,0.0236168850640801,0.08761927075725418
5.33,0.0,0.02350407647359987,0.0874946240554254
5.34,0.0,0.023391792368813207,0.08737023130183824
5.3500000000000005,0.0,0.02328002971982849,0.08724609225672127
5.36,0.0,0.023168785516992547,0.08712220667421541
5.37,0.0,0.023058056770746002,0.08699857430248686
5.38,0.0,0.022947840511479776,0.08687519488383828
5.39,0.0,0.02283813378939237,0.08675206815481844
5.4,0.0,0.02272893367434827,0.08662919384633025
5.41,0.0,0.022620237255737273,0.08650657168373721
5.42,0.0,0.022512041642334675,0.08638420138696831
5.43,0.0,0.022404343962162565,0.08626208267062141
5.44,0.0,0.02229714136235199,0.08614021524406507
5.45,0.0,0.022190431009006112,0.08601859881153905
5.46,0.0,0.022084210087064213,0.08589723307225311
5.47,0.0,0.02197847580016677,0.08577611772048459
5.48,0.0,0.02187322537052136,0.08565525244567433
5.49,0.0,0.021768456038769618,0.08553463693252153
5.5,0.0,0.021664165063854934,0.0854142708610768
5.51,0.0,0.021560349722891267,0.08529415390683422
5.5200000000000005,0.0,0.021457007311032755,0.08517428574082178
5.53,0.0,0.021354135141344332,0.08505466602969079
5.54,0.0,0.02125173054467309,0.08493529443580354
5.55,0.0,0.021149790869520763,0.08481617061732015
5.5600000000000005,0.0,0.021048313481916922,0.08469729422828379
5.57,0.0,0.02094729576529323,0.08457866491870493
5.58,0.0,0.0208467351203584,0.08446028233464403
5.59,0.0,0.020746628964974215,0.08434214611829335
5.6000000000000005,0.0,0.020646974734032306,0.08422425590805721
5.61,0.0,0.020547769879331917,0.08410661133863147
5.62,0.0,0.020449011869458397,0.08398921204108142
5.63,0.0,0.020350698189662696,0.08387205764291883
5.64,0.0,0.020252826341741643,0.08375514776817768
5.65,0.0,0.020155393843919095,0.08363848203748883
5.66,0.0,0.02005839823072801,0.08352206006815374
5.67,0.0,0.019961837052893214,0.08340588147421672
5.68,0.0,0.01986570787721514,0.08328994586653646
5.69,0.0,0.019770008286454387,0.08317425285285637
5.7,0.0,0.019674735879217076,0.08305880203787389
5.71,0.0,0.019579888269841007,0.08294359302330866
5.72,0.0,0.019485463088282765,0.08282862540796992
5.73,0.0,0.01939145798000544,0.08271389878782259
5.74,0.0,0.019297870605867417,0.08259941275605273
5.75,0.0,0.019204698642011735,0.08248516690313162
5.76,0.0,0.01911193977975635,0.0823711608168792
5.7700000000000005,0.0,0.019019591725485268,0.08225739408252646
5.78,0.0,0.018927652200540344,0.08214386628277681
5.79,0.0,0.01883611894111394,0.08203057699786667
5.8,0.0,0.018744989698142346,0.08191752580562509
5.8100000000000005,0.0,0.0186542622372,0.08180471228153234
5.82,0.0,0.018563934338394462,0.08169213599877796
5.83,0.0,0.01847400379626216,0.08157979652831752
5.84,0.0,0.018384468419664915,0.08146769343892889
5.8500000000000005,0.0,0.018295326031687188,0.08135582629726734
5.86,0.0,0.018206574469534137,0.08124419466792013
5.87,0.0,0.0181182115844304,0.08113279811346004
5.88,0.0,0.01803023524151957,0.08102163619449809
5.89,0.0,0.01794264331976451,0.08091070846973565
5.9,0.0,0.017855433711848327,0.0808000144960156
5.91,0.0,0.017768604324076107,0.08068955382837276
5.92,0.0,0.017682153076277348,0.08057932602008348
5.93,0.0,0.017596077901709167,0.08046933062271466
5.94,0.0,0.017510376746960158,0.08035956718617181
5.95,0.0,0.017425047571855055,0.08025003525874654
5.96,0.0,0.017340088349359944,0.0801407343871632
5.97,0.0,0.017255497065488352,0.08003166411662489
5.98,0.0,0.017171271719207928,0.07992282399085876
5.99,0.0,0.017087410322347844,0.07981421355216056
6.0,0.0,0.01700391089950689,0.07970583234143853
6.01,0.0,0.01692077148796221,0.07959767989825664
6.0200000000000005,0.0,0.016837990137578817,0.07948975576087718
6.03,0.0,0.01675556491071965,0.07938205946630256
6.04,0.0,0.016673493882156408,0.07927459055031669
6.05,0.0,0.016591775138980976,0.07916734854752547
6.0600000000000005,0.0,0.016510406780517572,0.07906033299139688
6.07,0.0,0.01642938691823551,0.0789535434143003
6.08,0.0,0.016348713675662593,0.07884697934754524
6.09,0.0,0.016268385188299216,0.0787406403214195
6.1000000000000005,0.0,0.016188399603533066,0.07863452586522673
6.11,0.0,0.016108755080554486,0.07852863550732346
6.12,0.0,0.016029449790272408,0.07842296877515535
6.13,0.0,0.015950481915231,0.07831752519529313
6.140000000000001,0.0,0.015871849649526905,0.07821230429346779
6.15,0.0,0.01579355119872707,0.07810730559460535
6.16,0.0,0.015715584779787215,0.07800252862286094
6.17,0.0,0.015637948620970923,0.07789797290165247
6.18,0.0,0.015560640961769318,0.07779363795369369
6.19,0.0,0.015483660052821329,0.07768952330102673
6.2,0.0,0.01540700415583464,0.07758562846505425
6.21,0.0,0.015330671543507087,0.07748195296657086
6.22,0.0,0.01525466049944876,0.07737849632579422
6.23,0.0,0.01517896931810465,0.0772752580623955
6.24,0.0,0.015103596304677903,0.0771722376955296
6.25,0.0,0.01502853977505359,0.07706943474386456
6.26,0.0,0.014953798055723092,0.07696684872561069
6.2700000000000005,0.0,0.014879369483709074,0.07686447915854927
6.28,0.0,0.014805252406490988,0.07676232556006068
6.29,0.0,0.014731445181931126,0.07666038744715208
6.3,0.0,0.014657946178201249,0.07655866433648471
6.3100000000000005,0.0,0.014584753773709788,0.07645715574440072
6.32,0.0,0.01451186635702956,0.07635586118694955
6.33,0.0,0.014439282326826034,0.07625478017991393
6.34,0.0,0.014367000091786125,0.07615391223883529
6.3500000000000005,0.0,0.014295018070547562,0.07605325687903904
6.36,0.0,0.014223334691628781,0.07595281361565921
6.37,0.0,0.014151948393359263,0.07585258196366271
6.38,0.0,0.014080857623810531,0.07575256143787329
6.390000000000001,0.0,0.014010060840727553,0.07565275155299503
6.4,0.0,0.013939556511460746,0.07555315182363548
6.41,0.0,0.013869343112898393,0.07545376176432836
6.42,0.0,0.01379941913139969,0.07535458088955593
6.43,0.0,0.01372978306272818,0.07525560871377099
6.44,0.0,0.013660433411985773,0.0751568447514185
6.45,0.0,0.013591368693547242,0.07505828851695683
6.46,0.0,0.013522587430995166,0.07495993952487864
6.47,0.0,0.01345408815705542,0.0748617972897315
6.48,0.0,0.013385869413533126,0.07476386132613798
6.49,0.0,0.013317929751249104,0.07466613114881564
6.5,0.0,0.013250267729976754,0.07456860627259644
6.51,0.0,0.013182881918379467,0.07447128621244599
6.5200000000000005,0.0,0.013115770893948489,0.07437417048348238
6.53,0.0,0.013048933242941258,0.07427725860099481
6.54,0.0,0.012982367560320165,0.07418055008046169
6.55,0.0,0.012916072449691828,0.07408404443756861
6.5600000000000005,0.0,0.01285004652324681,0.07398774118822594
6.57,0.0,0.01278428840169978,0.07389163984858615
6.58,0.0,0.012718796714230122,0.07379573993506074
6.59,0.0,0.012653570098422986,0.07370004096433695
6.6000000000000005,0.0,0.01258860720021082,0.07360454245339423
6.61,0.0,0.012523906673815305,0.07350924391952035
6.62,0.0,0.012459467181689735,0.0734141448803271
6.63,0.0,0.012395287394461824,0.07331924485376602
6.640000000000001,0.0,0.012331365990876959,0.07322454335814359
6.65,0.0,0.01226770165774189,0.07313003991213624
6.66,0.0,0.012204293089868798,0.07303573403480512
6.67,0.0,0.012141138990019824,0.07294162524561053
6.68,0.0,0.012078238068852,0.07284771306442618
6.69,0.0,0.012015589044862593,0.0727539970115531
6.7,0.0,0.011953190644334892,0.07266047660773343
6.71,0.0,0.011891041601284324,0.0725671513741638
6.72,0.0,0.011829140657405056,0.0724740208325085
6.73,0.0,0.011767486562016942,0.07238108450491257
6.74,0.0,0.01170607807201295,0.07228834191401448
6.75,0.0,0.011644913951806833,0.07219579258295857
6.76,0.0,0.011583992973281377,0.07210343603540736
6.7700000000000005,0.0,0.011523313915736867,0.07201127179555358
6.78,0.0,0.0114628755658401,0.07191929938813202
6.79,0.0,0.011402676717573616,0.071827518338431
6.8,0.0,0.011342716172185456,0.07173592817230386
6.8100000000000005,0.0,0.011282992738139192,0.07164452841618002
6.82,0.0,0.011223505231064404,0.071553318597076
6.83,0.0,0.011164252473707476,0.07146229824260611
6.84,0.0,0.011105233295882774,0.07137146688099291
6.8500000000000005,0.0,0.01104644653442423,0.07128082404107765
6.86,0.0,0.010987891033137225,0.07119036925233033
6.87,0.0,0.01092956564275087,0.07110010204485956
6.88,0.0,0.010871469220870648,0.07101002194942244
6.890000000000001,0.0,0.010813600631931368,0.07092012849743387
6.9,0.0,0.010755958747150553,0.07083042122097617
6.91,0.0,0.010698542444482081,0.07074089965280801
6.92,0.0,0.010641350608570221,0.07065156332637346
6.93,0.0,0.010584382130704027,0.07056241177581081
6.94,0.0,0.010527635908772037,0.07047344453596117
6.95,0.0,0.010471110847217352,0.07038466114237692
6.96,0.0,0.010414805856992993,0.07029606113132993
6.97,0.0,0.010358719855517624,0.07020764403981967
6.98,0.0,0.010302851766631637,0.07011940940558119
6.99,0.0,0.010247200520553505,0.07003135676709284
7.0,0.0,0.0101917650538365,0.06994348566358383
7.01,0.0,0.010136544309325705,0.06985579563504173
7.0200000000000005,0.0,0.010081537236115368,0.06976828622221973
7.03,0.0,0.010026742789506597,0.06968095696664371
7.04,0.0,0.009972159930965289,0.06959380741061932
7.05,0.0,0.009917787628080458,0.06950683709723865
7.0600000000000005,0.0,0.009863624854522825,0.069420045570387
7.07,0.0,0.009809670590003755,0.06933343237474937
7.08,0.0,0.009755923820234422,0.06924699705581683
7.09,0.0,0.009702383536885385,0.06916073915989272
7.1000000000000005,0.0,0.009649048737546361,0.06907465823409879
7.11,0.0,0.00959591842568639,0.06898875382638116
7.12,0.0,0.00954299161061421,0.06890302548551601
7.13,0.0,0.009490267307438974,0.06881747276111543
7.140000000000001,0.0,0.009437744537031263,0.0687320952036328
7.15,0.0,0.009385422325984378,0.06864689236436838
7.16,0.0,0.009333299706575891,0.06856186379547444
7.17,0.0,0.009281375716729523,0.06847700904996046
7.18,0.0,0.009229649399977278,0.06839232768169821
7.19,0.0,0.009178119805421874,0.06830781924542664
7.2,0.0,0.009126785987699443,0.06822348329675665
7.21,0.0,0.009075647006942498,0.06813931939217573
7.22,0.0,0.009024701928743184,0.06805532708905257
7.23,0.0,0.008973949824116806,0.06797150594564148
7.24,0.0,0.00892338976946562,0.06788785552108668
7.25,0.0,0.008873020846542887,0.06780437537542654
7.26,0.0,0.008822842142417192,0.06772106506959766
7.2700000000000005,0.0,0.008772852749437031,0.06763792416543883
7.28,0.0,0.008723051765195675,0.06755495222569499
7.29,0.0,0.008673438292496248,0.06747214881402092
7.3,0.0,0.008624011439317113,0.06738951349498493
7.3100000000000005,0.0,0.008574770318777469,0.06730704583407243
7.32,0.0,0.008525714049103251,0.06722474539768947
7.33,0.0,0.008476841753593221,0.06714261175316592
7.34,0.0,0.008428152560585355,0.06706064446875895
7.3500000000000005,0.0,0.008379645603423455,0.06697884311365604
7.36,0.0,0.008331320020424025,0.06689720725797815
7.37,0.0,0.008283174954843353,0.06681573647278262
7.38,0.0,0.008235209554844877,0.06673443033006614
7.390000000000001,0.0,0.008187422973466765,0.06665328840276749
7.4,0.0,0.008139814368589746,0.06657231026477027
7.41,0.0,0.008092382902905159,0.06649149549090551
7.42,0.0,0.008045127743883251,0.0664108436569542
7.43,0.0,0.00799804806374171,0.06633035433964976
7.44,0.0,0.007951143039414398,0.06625002711668034
7.45,0.0,0.00790441185252038,0.0661698615666912
7.46,0.0,0.007857853689333082,0.06608985726928682
7.47,0.0,0.007811467740749757,0.066010013805033
7.48,0.0,0.007765253202261142,0.06593033075545902
7.49,0.0,0.007719209273921338,0.0658508077030595
7.5,0.0,0.007673335160317895,0.06577144423129624
7.51,0.0,0.007627630070542146,0.06569223992460019
7.5200000000000005,0.0,0.0075820932181597306,0.06561319436837298
7.53,0.0,0.007536723821181356,0.06553430714898881
7.54,0.0,0.0074915211020337436,0.06545557785379577
7.55,0.0,0.007446484287530805,0.0653770060711176
7.5600000000000005,0.0,0.007401612608845027,0.06529859139025497
7.57,0.0,0.007356905301479065,0.06522033340148697
7.58,0.0,0.0073123616052375275,0.06514223169607235
7.59,0.0,0.007267980764198986,0.06506428586625074
7.6000000000000005,0.0,0.007223762026688164,0.06498649550524392
7.61,0.0,0.007179704645248378,0.0649088602072569
7.62,0.0,0.0071358078766140896,0.0648313795674789
7.63,0.0,0.007092070981683753,0.06475405318208444
7.640000000000001,0.0,0.00704849322549279,0.06467688064823414
7.65,0.0,0.0070050738771868055,0.06459986156407578
7.66,0.0,0.006961812209994945,0.06452299552874487
7.67,0.0,0.006918707501203512,0.06444628214236557
7.68,0.0,0.00687575903212972,0.06436972100605134
7.69,0.0,0.006832966088095639,0.0642933117219055
7.7,0.0,0.006790327958402395,0.06421705389302192
7.71,0.0,0.006747843936304442,0.06414094712348542
7.72,0.0,0.006705513318984125,0.06406499101837236
7.73,0.0,0.006663335407526372,0.06398918518375096
7.74,0.0,0.006621309506893574,0.0639135292266817
7.75,0.0,0.006579434925900659,0.06383802275521766
7.76,0.0,0.006537710977190328,0.0637626653784047
7.7700000000000005,0.0,0.0064961369772084865,0.06368745670628174
7.78,0.0,0.006454712246179847,0.06361239634988095
7.79,0.0,0.0064134361080836885,0.06353748392122771
7.8,0.0,0.006372307890629816,0.06346271903334086
7.8100000000000005,0.0,0.00633132692523468,0.06338810130023262
7.82,0.0,0.00629049254699767,0.06331363033690858
7.83,0.0,0.006249804094677568,0.06323930575936762
7.84,0.0,0.0062092609106691845,0.06316512718460181
7.8500000000000005,0.0,0.0061688623409801475,0.06309109423059626
7.86,0.0,0.00612860773520788,0.0630172065163289
7.87,0.0,0.006088496446516713,0.06294346366177024
7.88,0.0,0.006048527831615179,0.06286986528788306
7.890000000000001,0.0,0.006008701250733461,0.06279641101662214
7.9,0.0,0.005969016067601023,0.06272310047093387
7.91,0.0,0.005929471649424351,0.06264993327475578
7.92,0.0,0.005890067366864911,0.06257690905301622
7.930000000000001,0.0,0.005850802594017225,0.06250402743163377
7.94,0.0,0.005811676708387114,0.062431288037516776
7.95,0.0,0.005772689090870098,0.06235869049856279
7.96,0.0,0.0057338391257299405,0.06228623444365793
7.97,0.0,0.005695126200577367,0.06221391950267634
7.98,0.0,0.005656549706348894,0.062141745306479416
7.99,0.0,0.0056181090372858745,0.06206971148691526
8.0,0.0,0.0055798035909136,0.06199781767681778
8.01,0.0,0.005541632768020638,0.06192606351000604
8.02,0.0,0.005503595972638268,0.061854448621283434
8.03,0.0,0.005465692612020064,0.061782972646436854
8.040000000000001,0.0,0.005427922096621649,0.061711635222235856
8.05,0.0,0.00539028384008057,0.06164043598643171
8.06,0.0,0.005352777259196301,0.06156937457775656
8.07,0.0,0.005315401773910427,0.061498450635922415
8.08,0.0,0.005278156807286939,0.0614276638016202
8.09,0.0,0.005241041785492668,0.061357013716518756
8.1,0.0,0.005204056137777877,0.06128650002326375
8.11,0.0,0.005167199296456968,0.0612161223654767
8.120000000000001,0.0,0.005130470696889321,0.0611458803877538
8.13,0.0,0.005093869777460319,0.0610757737356649
8.14,0.0,0.005057395979562414,0.06100580205575227
8.15,0.0,0.005021048747576417,0.06093596499552946
8.16,0.0,0.004984827528852857,0.06086626220348014
8.17,0.0,0.004948731773693521,0.060796693329056885
8.18,0.0,0.004912760935333066,0.06072725802267989
8.19,0.0,0.004876914469920804,0.06065795593573571
8.2,0.0,0.0048411918365026145,0.06058878672057604
8.21,0.0,0.004805592497002936,0.060519750030516295
8.22,0.0,0.0047701159162069585,0.0604508455198344
8.23,0.0,0.004734761561742864,0.06038207284376934
8.24,0.0,0.00469952890406424,0.06031343165851983
8.25,0.0,0.004664417416432591,0.06024492162124287
8.26,0.0,0.004629426574900005,0.06017654239005242
8.27,0.0,0.004594555858291888,0.06010829362401786
8.28,0.0,0.004559804748189868,0.0600401749831626
8.290000000000001,0.0,0.0045251727289147906,0.059972186128462564
8.3,0.0,0.004490659287509854,0.05990432672184474
8.31,0.0,0.004456263913723813,0.059836596426185606
8.32,0.0,0.00442198609999437,0.059768994905309646
8.33,0.0,0.004387825341431626,0.05970152182398776
8.34,0.0,0.004353781135801667,0.05963417684793573
8.35,0.0,0.004319852983510267,0.05956695964381262
8.36,0.0,0.004286040387586704,0.059499869879219174
8.370000000000001,0.0,0.00425234285366765,0.05943290722269615
8.38,0.0,0.004218759889981271,0.05936607134372284
8.39,0.0,0.0041852910073313,0.05929936191271522
8.4,0.0,0.004151935719081328,0.0592327786010244
8.41,0.0,0.004118693541139163,0.059166321080934905
8.42,0.0,0.0040855639919413,0.05909998902566304
8.43,0.0,0.004052546592437485,0.05903378210935507
8.44,0.0,0.004019640866075422,0.05896770000708562
8.45,0.0,0.003986846338785539,0.05890174239485582
8.46,0.0,0.0039541625389658865,0.058835908949591634
8.47,0.0,0.003921588997467154,0.058770199349142085
8.48,0.0,0.0038891252475777454,0.05870461327227745
8.49,0.0,0.0038567708250089846,0.058639150398687466
8.5,0.0,0.0038245252678804306,0.05857381040897957
8.51,0.0,0.003792388116705275,0.05850859298467704
8.52,0.0,0.0037603589143758455,0.0584434978082172
8.53,0.0,0.003728437206149213,0.05837852456294955
8.540000000000001,0.0,0.003696622539632885,0.058313672933133956
8.55,0.0,0.003664914464770625,0.05824894260393878
8.56,0.0,0.003633312533828323,0.058184333261439
8.57,0.0,0.003601816301380004,0.058119844592614295
8.58,0.0,0.0035704253242939085,0.05805547628534723
8.59,0.0,0.0035391391617186872,0.0579912280284213
8.6,0.0,0.0035079573750696658,0.057927099511519045
8.61,0.0,0.0034768795280152196,0.057863090425220115
8.620000000000001,0.0,0.003445905186463233,0.05779920046099933
8.63,0.0,0.0034150339185476737,0.057735429311224835
8.64,0.0,0.0033842652946152116,0.05767177666915598
8.65,0.0,0.003353598887211966,0.05760824222894156
8.66,0.0,0.003323034271070343,0.05754482568561766
8.67,0.0,0.0032925710230959355,0.057481526735105884
8.68,0.0,0.0032622087223545407,0.05741834507421122
8.69,0.0,0.0032319469500592495,0.05735528040062012
8.700000000000001,0.0,0.0032017852895576135,0.057292332412898515
8.71,0.0,0.003171723326318942,0.057229500810489775
8.72,0.0,0.00314176064792162,0.057166785293712746
8.73,0.0,0.0031118968440405695,0.05710418556375972
8.74,0.0,0.0030821315064347575,0.05704170132269442
8.75,0.0,0.0030524642289348155,0.056979332273449916
8.76,0.0,0.003022894607430725,0.05691707811982673
8.77,0.0,0.00299342223985958,0.05685493856649062
8.78,0.0,0.002964046726193463,0.056792913318970725
8.790000000000001,0.0,0.0029347676684273586,0.05673100208365734
8.8,0.0,0.002905584670567199,0.05666920456780001
8.81,0.0,0.0028764973386179323,0.05660752047950535
8.82,0.0,0.0028475052805717223,0.0565459495277351
8.83,0.0,0.002818608106396193,0.056484491422303905
8.84,0.0,0.0027898054280227746,0.056423145873877416
8.85,0.0,0.0027610968593351115,0.05636191259397008
8.86,0.0,0.0027324820161575528,0.05630079129494313
8.870000000000001,0.0,0.002703960516243719,0.05623978169000244
8.88,0.0,0.0026755319792651695,0.0561788834931965
8.89,0.0,0.0026471960268000818,0.05611809641941431
8.9,0.0,0.0026189522823220806,0.05605742018438319
8.91,0.0,0.002590800371189098,0.05599685450466686
8.92,0.0,0.0025627399206323087,0.05593639909766316
8.93,0.0,0.002534770559745168,0.055876053681602034
8.94,0.0,0.002506891919472483,0.055815817975543414
8.950000000000001,0.0,0.002479103632599585,0.055755691699375075
8.96,0.0,0.002451405333741575,0.05569567457381059
8.97,0.0,0.00242379665933261,0.05563576632038714
8.98,0.0,0.002396277247615292,0.0555759666614634
8.99,0.0,0.002368846738630119,0.05551627532021746
9.0,0.0,0.002341504774204998,0.055456692020644675
9.01,0.0,0.002314250997944832,0.05539721648755556
9.02,0.0,0.0022870850552211834,0.05533784844657361
9.03,0.0,0.0022600065931619915,0.055278587624133256
9.040000000000001,0.0,0.002233015260641359,0.055219433747477634
9.05,0.0,0.002206110708269439,0.055160386544656555
9.06,0.0,0.002179292588382329,0.0551014457445243
9.07,0.0,0.002152560555032076,0.05504261107673748
9.08,0.0,0.0021259142639767463,0.05498388227175299
9.09,0.0,0.0020993533726705376,0.05492525906082576
9.1,0.0,0.0020728775402539673,0.05486674117600668
9.11,0.0,0.002046486427544137,0.05480832835014045
9.120000000000001,0.0,0.0020201796970250358,0.054750020316863456
9.13,0.0,0.001993957012837947,0.05469181681060161
9.14,0.0,0.0019678180407718573,0.05463371756656823
9.15,0.0,0.00194176244825399,0.05457572232076185
9.16,0.0,0.0019157899043403645,0.054517830809964155
9.17,0.0,0.0018899000797064284,0.054460042771737806
9.18,0.0,0.001864092646637751,0.05440235794442427
9.19,0.0,0.0018383672790207729,0.054344776067141734
9.200000000000001,0.0,0.0018127236523336186,0.05428729687978294
9.21,0.0,0.001787161443636986,0.05422992012301304
9.22,0.0,0.0017616803315650546,0.05417264553826747
9.23,0.0,0.001736279996316484,0.05411547286774982
9.24,0.0,0.0017109601196454796,0.05405840185442965
9.25,0.0,0.0016857203848528832,0.054001432242040404
9.26,0.0,0.0016605604767773465,0.05394456377507728
9.27,0.0,0.0016354800817865594,0.05388779619879504
9.28,0.0,0.0016104788877685215,0.05383112925920593
9.290000000000001,0.0,0.0015855565841228815,0.053774562703077525
9.3,0.0,0.0015607128617523463,0.05371809627793059
9.31,0.0,0.0015359474130541067,0.053661729732036964
9.32,0.0,0.001511259931911352,0.05360546281441742
9.33,0.0,0.0014866501136848323,0.053549295274839565
9.34,0.0,0.0014621176552044731,0.05349322686381565
9.35,0.0,0.0014376622547610342,0.05343725733260052
9.36,0.0,0.0014132836120978435,0.05338138643318945
9.370000000000001,0.0,0.0013889814284025648,0.05332561391831603
9.38,0.0,0.0013647554062990322,0.05326993954145005
9.39,0.0,0.0013406052498391241,0.05321436305679537
9.4,0.0,0.001316530664494702,0.05315888421928783
9.41,0.0,0.0012925313571495887,0.053103502784593117
9.42,0.0,0.001268607036091615,0.05304821850910463
9.43,0.0,0.0012447574110047012,0.05299303114994143
9.44,0.0,0.0012209821929609946,0.052937940464946084
9.450000000000001,0.0,0.0011972810944130584,0.052882946212682566
9.46,0.0,0.001173653829186127,0.0528280481524342
9.47,0.0,0.0011501001124703677,0.052773246044201486
9.48,0.0,0.00112661966081323,0.05271853964870005
9.49,0.0,0.0011032121921118467,0.05266392872735854
9.5,0.0,0.0010798774256054447,0.05260941304231652
9.51,0.0,0.0010566150818678499,0.05255499235642241
9.52,0.0,0.0010334248828000104,0.052500666433231334
9.53,0.0,0.0010103065516225728,0.05244643503700315
9.540000000000001,0.0,0.0009872598128685143,0.052392297932700234
9.55,0.0,0.0009642843923758248,0.052338254885985494
9.56,0.0,0.0009413800172802056,0.052284305663220246
9.57,0.0,0.0009185464160078509,0.05223045003146218
9.58,0.0,0.0008957833182682631,0.05217668775846323
9.59,0.0,0.000873090455047101,0.05212301861266758
9.6,0.0,0.0008504675585990896,0.052069442363209546
9.61,0.0,0.0008279143624409707,0.05201595877991153
9.620000000000001,0.0,0.0008054306013444823,0.05196256763328194
9.63,0.0,0.0007830160113294241,0.05190926869451321
9.64,0.0,0.0007606703296567099,0.05185606173547966
9.65,0.0,0.0007383932948215083,0.051802946528735475
9.66,0.0,0.0007161846465464043,0.05174992284751268
9.67,0.0,0.0006940441257746204,0.0516969904657191
9.68,0.0,0.0006719714746632638,0.05164414915793628
9.69,0.0,0.0006499664365766252,0.05159139869941751
9.700000000000001,0.0,0.0006280287560795155,0.05153873886608571
9.71,0.0,0.000606158178930665,0.051486169434531506
9.72,0.0,0.0005843544520761148,0.05143369018201114
9.73,0.0,0.0005626173236427079,0.05138130088644444
9.74,0.0,0.000540946542931583,0.051329001326412854
9.75,0.0,0.0005193418604117216,0.05127679128115737
9.76,0.0,0.0004978030277135368,0.05122467053057658
9.77,0.0,0.00047632979762250185,0.051172638855224634
9.78,0.0,0.0004549219240728094,0.05112069603630922
9.790000000000001,0.0,0.00043357916214108123,0.05106884185568959
9.8,0.0,0.0004123012680401281,0.051017076095874615
9.81,0.0,0.0003910879991127077,0.050965398540020676
9.82,0.0,0.0003699391138253692,0.05091380897192977
9.83,0.0,0.00034885437176230725,0.05086230717604751
9.84,0.0,0.0003278335336192614,0.05081089293746114
9.85,0.0,0.0003068763611974617,0.05075956604189753
9.86,0.0,0.0002859826173975989,0.05070832627572128
9.870000000000001,0.0,0.00026515206621383124,0.05065717342593264
9.88,0.0,0.00024438447272785854,0.05060610728016571
9.89,0.0,0.0002236796031029854,0.05055512762668629
9.9,0.0,0.0002030372245782542,0.050504234254390074
9.91,0.0,0.0001824571054626095,0.05045342695280065
9.92,0.0,0.00016193901512909497,0.05040270551206752
9.93,0.0,0.00014148272400907878,0.050352069722964216
9.94,0.0,0.00012108800358653258,0.05030151937688634
9.950000000000001,0.0,0.0001007546263923289,0.05025105426584959
9.96,0.0,8.048236599858987e-05,0.05020067418248792
9.97,0.0,6.0270997013043445e-05,0.05015037892005153
9.98,0.0,4.0120295073452965e-05,0.05010016827240499
9.99,0.0,2.0030036842045087e-05,0.05005004203402529
10.0,0.0,-0.0,0.05
10.01,0.0,-1.9970036758044464e-05,0.04995004196602527
10.02,0.0,-3.9880293729445976e-05,0.04990016772840397
10.03,0.0,-5.973099020897628e-05,0.04985037708404384
10.040000000000001,0.0,-7.952234449421182e-05,0.04980066983045548
10.05,0.0,-9.925457389087728e-05,0.049751045765750596
10.06,0.0,-0.00011892789471818663,0.04970150468863999
10.07,0.0,-0.00013854252231411678,0.04965204639843178
10.08,0.0,-0.00015809867104066606,0.049602670695029445
10.09,0.0,-0.0001775965542890851,0.049553377378930015
10.1,0.0,-0.00019703638448506031,0.04950416625122215
10.11,0.0,-0.00021641837309388544,0.04945503711358433
10.120000000000001,0.0,-0.0002357427306255794,0.049405989768282955
10.13,0.0,-0.0002550096666399843,0.04935702401817052
10.14,0.0,-0.00027421938975183825,0.04930813966668374
10.15,0.0,-0.00029337210763581755,0.049259336517841715
10.16,0.0,-0.0003124680270315222,0.049210614376244105
10.17,0.0,-0.000331507353748468,0.04916197304706929
10.18,0.0,-0.0003504902926710214,0.0491134123360725
10.19,0.0,-0.00036941704776331455,0.04906493204958406
10.200000000000001,0.0,-0.0003882878220741398,0.049016531994507485
10.21,0.0,-0.0004071028177417811,0.048968211978317765
10.22,0.0,-0.0004258622359988669,0.04891997180905945
10.23,0.0,-0.00044456627717714666,0.04887181129534491
10.24,0.0,-0.0004632151407122709,0.04882373024635249
10.25,0.0,-0.0004818090251485141,0.04877572847182475
10.26,0.0,-0.0005003481281434971,0.04872780578206665
10.27,0.0,-0.0005188326464728677,0.04867996198794376
10.28,0.0,-0.0005372627760349406,0.04863219690088048
10.290000000000001,0.0,-0.000555638711855339,0.04858451033285825
10.3,0.0,-0.0005739606480915749,0.04853690209641383
10.31,0.0,-0.0005922287780376314,0.048489372004637425
10.32,0.0,-0.0006104432941284932,0.048441919871171045
10.33,0.0,-0.0006286043879446756,0.04839454551020662
10.34,0.0,-0.0006467122502166946,0.04834724873648434
10.35,0.0,-0.0006647670708295333,0.048300029365290854
10.36,0.0,-0.000682769038827081,0.04825288721245755
10.370000000000001,0.0,-0.0007007183424165361,0.0482058220943588
10.38,0.0,-0.0007186151689727711,0.048158833827910225
10.39,0.0,-0.0007364597050427184,0.04811192223056694
10.4,0.0,-0.0007542521363496677,0.0480650871203219
10.41,0.0,-0.0007719926477975843,0.04801832831570406
10.42,0.0,-0.0007896814234753854,0.047971645635776786
10.43,0.0,-0.0008073186466611801,0.047925038900136045
10.44,0.0,-0.0008249044998264993,0.047878507928908735
10.450000000000001,0.0,-0.0008424391646405111,0.04783205254275099
10.46,0.0,-0.000859922821974163,0.04778567256284647
10.47,0.0,-0.0008773556519043622,0.04773936781090466
10.48,0.0,-0.0008947378337180904,0.0476931381091592
10.49,0.0,-0.0009120695459165014,0.047646983280366144
10.5,0.0,-0.0009293509662189995,0.047600903147802395
10.51,0.0,-0.0009465822715672953,0.0475548975352639
10.52,0.0,-0.00096376363812943,0.04750896626706408
10.53,0.0,-0.00098089524130378,0.0474631091680321
10.540000000000001,0.0,-0.0009979772557230403,0.047417326063511234
10.55,0.0,-0.0010150098552581723,0.047371616779357244
10.56,0.0,-0.0010319932130223525,0.04732598114193663
10.57,0.0,-0.0010489275013748722,0.04728041897812513
10.58,0.0,-0.0010658128919250238,0.047234930115305905
10.59,0.0,-0.001082649555535972,0.04718951438136807
10.6,0.0,-0.0010994376623285902,0.047144171604704944
10.61,0.0,-0.001116177381685279,0.04709890161421247
10.620000000000001,0.0,-0.0011328688822537657,0.04705370423928759
10.63,0.0,-0.0011495123319508692,0.04700857930982665
10.64,0.0,-0.0011661078979662667,0.04696352665622373
10.65,0.0,-0.0011826557467662113,0.04691854610936907
10.66,0.0,-0.0011991560440972391,0.046873637500647485
10.67,0.0,-0.0012156089549898704,0.04682880066193672
10.68,0.0,-0.001232014643762249,0.04678403542560591
10.69,0.0,-0.0012483732740238042,0.04673934162451396
10.700000000000001,0.0,-0.001264685008678871,0.046694719092007925
10.71,0.0,-0.0012809500099302733,0.04665016766192154
10.72,0.0,-0.0012971684392829254,0.04660568716857351
10.73,0.0,-0.0013133404575473736,0.04656127744676604
10.74,0.0,-0.0013294662248433465,0.04651693833178323
10.75,0.0,-0.0013455459006032535,0.04647266965938951
10.76,0.0,-0.0013615796435757046,0.0464284712658281
10.77,0.0,-0.0013775676118289654,0.04638434298781946
10.78,0.0,-0.0013935099627544205,0.046340284662559725
10.790000000000001,0.0,-0.0014094068530700163,0.04629629612771917
10.8,0.0,-0.0014252584388236547,0.04625237722144069
10.81,0.0,-0.0014410648753966173,0.046208527782338256
10.82,0.0,-0.0014568263175069225,0.046164747649495366
10.83,0.0,-0.001472542919212681,0.04612103666246357
10.84,0.0,-0.0014882148339154398,0.0460773946612609
10.85,0.0,-0.001503842214363501,0.046033821486370405
10.86,0.0,-0.0015194252126552084,0.04599031697873858
10.870000000000001,0.0,-0.0015349639802422427,0.045946880979773945
10.88,0.0,-0.001550458667932858,0.045903513331345465
10.89,0.0,-0.0015659094258951534,0.04586021387578111
10.9,0.0,-0.0015813164036602668,0.04581698245586633
10.91,0.0,-0.0015966797501256041,0.04577381891484259
10.92,0.0,-0.0016119996135579968,0.04573072309640589
10.93,0.0,-0.0016272761415968948,0.04568769484470527
10.94,0.0,-0.001642509481257502,0.04564473400434135
10.950000000000001,0.0,-0.0016576997789339047,0.04560184042036487
10.96,0.0,-0.0016728471804021892,0.04555901393827521
10.97,0.0,-0.001687951830823537,0.045516254404018956
10.98,0.0,-0.0017030138747473006,0.04547356166398842
10.99,0.0,-0.0017180334561140598,0.0454309355650202
11.0,0.0,-0.0017330107182586707,0.04538837595439376
11.01,0.0,-0.0017479458039132783,0.04534588267982994
11.02,0.0,-0.0017628388552103288,0.04530345558948956
11.03,0.0,-0.0017776900136855698,0.04526109453197201
11.040000000000001,0.0,-0.0017924994202810074,0.04521879935631373
11.05,0.0,-0.0018072672153478585,0.045176569911986916
11.06,0.0,-0.001821993538649511,0.04513440604889801
11.07,0.0,-0.0018366785293644316,0.04509230761738633
11.08,0.0,-0.0018513223260890677,0.04505027446822261
11.09,0.0,-0.0018659250668407405,0.04500830645260768
11.1,0.0,-0.0018804868890605205,0.044966403422171
11.11,0.0,-0.0018950079296160768,0.0449245652289693
11.120000000000001,0.0,-0.0019094883248045255,0.04488279172548514
11.13,0.0,-0.0019239282103552396,0.04484108276462564
11.14,0.0,-0.001938327721432667,0.04479943819972094
11.15,0.0,-0.0019526869926391197,0.04475785788452293
11.16,0.0,-0.001967006158017551,0.044716341673203874
11.17,0.0,-0.0019812853510543086,0.044674889420355
11.18,0.0,-0.001995524704681885,0.04463350098098517
11.19,0.0,-0.002009724351281644,0.04459217621051948
11.200000000000001,0.0,-0.002023884422686538,0.04455091496479795
11.21,0.0,-0.0020380050501837893,0.044509717100074175
11.22,0.0,-0.0020520863645176017,0.04446858247301394
11.23,0.0,-0.0020661284958918016,0.0444275109406939
11.24,0.0,-0.002080131573972501,0.04438650236060025
11.25,0.0,-0.0020940957278907375,0.04434555659062738
11.26,0.0,-0.002108021086245093,0.04430467348907656
11.27,0.0,-0.0021219077771042986,0.04426385291465459
11.28,0.0,-0.0021357559280098383,0.04422309472647251
11.290000000000001,0.0,-0.002149565665978516,0.044182398784044286
11.3,0.0,-0.0021633371175050174,0.04414176494728546
11.31,0.0,-0.0021770704085644814,0.044101193076511884
11.32,0.0,-0.0021907656646150088,0.0440606830324384
11.33,0.0,-0.0022044230106002005,0.04402023467617755
11.34,0.0,-0.0022180425709516583,0.04397984786923827
11.35,0.0,-0.002231624469591475,0.04393952247352458
11.36,0.0,-0.002245168829934723,0.04389925835133438
11.370000000000001,0.0,-0.0022586757748919136,0.04385905536535807
11.38,0.0,-0.0022721454268714403,0.043818913378677354
11.39,0.0,-0.0022855779077820297,0.04377883225476389
11.4,0.0,-0.002298973339035164,0.04373881185747808
11.41,0.0,-0.0023123318415474853,0.043698852051067806
11.42,0.0,-0.0023256535357431916,0.04365895270016711
11.43,0.0,-0.002338938541556433,0.043619113669795026
11.44,0.0,-0.0023521869784336657,0.043579334825354255
11.450000000000001,0.0,-0.002365398965336024,0.04353961603262993
11.46,0.0,-0.0023785746207416487,0.043499957157788434
11.47,0.0,-0.0023917140626480383,0.04346035806737606
11.48,0.0,-0.00240481740857435,0.04342081862831787
11.49,0.0,-0.002417884775563714,0.0433813387079164
11.5,0.0,-0.0024309162801855262,0.04334191817385047
11.51,0.0,-0.0024439120385377202,0.04330255689417392
11.52,0.0,-0.0024568721662490455,0.04326325473731446
11.53,0.0,-0.0024697967784813157,0.04322401157207238
11.540000000000001,0.0,-0.002482685989931654,0.04318482726761938
11.55,0.0,-0.0024955399148347134,0.04314570169349737
11.56,0.0,-0.0025083586669649126,0.043106634719617246
11.57,0.0,-0.0025211423596386276,0.04306762621625769
11.58,0.0,-0.002533891105716386,0.04302867605406399
11.59,0.0,-0.002546605017605057,0.04298978410404686
11.6,0.0,-0.00255928420726001,0.0429509502375812
11.61,0.0,-0.0025719287861872774,0.042912174326404984
11.620000000000001,0.0,-0.0025845388654457007,0.04287345624261804
11.63,0.0,-0.0025971145556490586,0.042834795858680885
11.64,0.0,-0.002609655966968193,0.04279619304741355
11.65,0.0,-0.0026221632091331256,0.04275764768199441
11.66,0.0,-0.0026346363914351444,0.04271915963595903
11.67,0.0,-0.0026470756227288954,0.042680728783199014
11.68,0.0,-0.0026594810114344667,0.04264235499796084
11.69,0.0,-0.0026718526655394393,0.04260403815484469
11.700000000000001,0.0,-0.00268419069260095,0.04256577812880333
11.71,0.0,-0.0026964951997477263,0.04252757479514098
11.72,0.0,-0.002708766293682127,0.042489428029512125
11.73,0.0,-0.00272100408068215,0.042451337707920415
11.74,0.0,-0.0027332086666034556,0.04241330370671753
11.75,0.0,-0.0027453801568813455,0.04237532590260205
11.76,0.0,-0.0027575186565327674,0.04233740417261832
11.77,0.0,-0.002769624270158281,0.042299538394155345
11.78,0.0,-0.0027816971019440253,0.04226172844494566
11.790000000000001,0.0,-0.0027937372556636774,0.042223974203064236
11.8,0.0,-0.0028057448346803892,0.04218627554692735
11.81,0.0,-0.0028177199419487276,0.04214863235529151
11.82,0.0,-0.0028296626800165927,0.0421110445072523
11.83,0.0,-0.0028415731510271357,0.042073511882243335
11.84,0.0,-0.002853451456720656,0.04203603436003515
11.85,0.0,-0.002865297698436495,0.0419986118207341
11.86,0.0,-0.0028771119771149223,0.04196124414478128
11.870000000000001,0.0,-0.0028888943932989983,0.04192393121295145
11.88,0.0,-0.002900645047136441,0.041886672906351965
11.89,0.0,-0.0029123640383814774,0.041849469106421656
11.9,0.0,-0.002924051466396688,0.0418123196949298
11.91,0.0,-0.002935707430154832,0.04177522455397504
11.92,0.0,-0.0029473320282406745,0.04173818356598432
11.93,0.0,-0.002958925358852793,0.041701196613711806
11.94,0.0,-0.0029704875198053814,0.04166426358023788
11.950000000000001,0.0,-0.00298201860853005,0.04162738434896802
11.96,0.0,-0.0029935187220775927,0.041590558803631814
11.97,0.0,-0.003004987957119775,0.04155378682828186
11.98,0.0,-0.003016426409951092,0.04151706830729276
11.99,0.0,-0.0030278341764905245,0.04148040312536006
12.0,0.0,-0.003039211352283276,0.041443791167499223
12.01,0.0,-0.0030505580325025233,0.041407232319044605
12.02,0.0,-0.003061874311951127,0.041370726465648405
12.030000000000001,0.0,-0.0030731602850633606,0.04133427349327965
12.040000000000001,0.0,-0.0030844160459066066,0.0412978732882232
12.05,0.0,-0.0030956416881830692,0.041261525737078676
12.06,0.0,-0.0031068373052314585,0.04122523072675951
12.07,0.0,-0.0031180029900286597,0.04118898814449186
12.08,0.0,-0.0031291388351914287,0.04115279787781368
12.09,0.0,-0.0031402449329780285,0.04111665981457366
12.1,0.0,-0.0031513213752899045,0.04108057384293024
12.11,0.0,-0.0031623682536733194,0.041044539851350634
12.120000000000001,0.0,-0.0031733856593209897,0.04100855772860979
12.13,0.0,-0.003184373683073716,0.04097262736378948
12.14,0.0,-0.0031953324154220036,0.040936748646277214
12.15,0.0,-0.003206261946507671,0.040900921465765336
12.16,0.0,-0.003217162366125447,0.04086514571224997
12.17,0.0,-0.003228033763724581,0.040829421276030155
12.18,0.0,-0.003238876228410404,0.040793748047706746
12.19,0.0,-0.0032496898489459245,0.04075812591818153
12.200000000000001,0.0,-0.003260474713753392,0.040722554778656196
12.21,0.0,-0.003271230910915853,0.04068703452063147
12.22,0.0,-0.0032819585281787028,0.040651565035906036
12.23,0.0,-0.00329265765295124,0.04061614621657565
12.24,0.0,-0.0033033283723081894,0.040580777955032184
12.25,0.0,-0.0033139707729912325,0.04054546014396265
12.26,0.0,-0.003324584941410537,0.04051019267634828
12.27,0.0,-0.0033351709636462498,0.04047497544546355
12.280000000000001,0.0,-0.0033457289254500222,0.040439808344875275
12.290000000000001,0.0,-0.0033562589122464823,0.04040469126844166
12.3,0.0,-0.0033667610091347466,0.04036962411031134
12.31,0.0,-0.0033772353008898843,0.040334606764922516
12.32,0.0,-0.0033876818719643918,0.040299639127001935
12.33,0.0,-0.0033981008064896613,0.04026472109156404
12.34,0.0,-0.0034084921882774374,0.040229852553910025
12.35,0.0,-0.003418856100821261,0.04019503340962691
12.36,0.0,-0.0034291926272979204,0.040160263554586635
12.370000000000001,0.0,-0.0034395018505688755,0.040125542884945145
12.38,0.0,-0.0034497838531816864,0.0400908712971415
12.39,0.0,-0.0034600387173714447,0.04005624868789693
12.4,0.0,-0.0034702665250621674,0.040021674954213965
12.41,0.0,-0.0034804673578682113,0.039987149993375534
12.42,0.0,-0.003490641297095675,0.03995267370294406
12.43,0.0,-0.0035007884237437748,0.03991824598076056
12.44,0.0,-0.0035109088185062407,0.03988386672494379
12.450000000000001,0.0,-0.0035210025617726866,0.03984953583388931
12.46,0.0,-0.003531069733629974,0.03981525320626865
12.47,0.0,-0.0035411104138635806,0.039781018741028386
12.48,0.0,-0.0035511246819589556,0.039746832337389286
12.49,0.0,-0.003561112617102858,0.03971269389484544
12.5,0.0,-0.003571074298184704,0.03967860331316338
12.51,0.0,-0.0035810098037979,0.0396445604923812
12.52,0.0,-0.0035909192122411684,0.03961056533280772
12.530000000000001,0.0,-0.003600802601519862,0.03957661773502159
12.540000000000001,0.0,-0.0036106600493472814,0.03954271759987048
12.55,0.0,-0.0036204916331459844,0.03950886482847015
12.56,0.0,-0.0036302974300490825,0.03947505932220369
12.57,0.0,-0.003640077516901525,0.03944130098272057
12.58,0.0,-0.0036498319702613995,0.03940758971193587
12.59,0.0,-0.003659560866401205,0.03937392541202941
12.6,0.0,-0.0036692642813091125,0.03934030798544488
12.61,0.0,-0.0036789422906902567,0.03930673733488907
12.620000000000001,0.0,-0.0036885949699679735,0.03927321336333095
12.63,0.0,-0.0036982223942850618,0.03923973597400091
12.64,0.0,-0.003707824638505025,0.039206305070389885
12.65,0.0,-0.003717401777213327,0.03917292055624856
12.66,0.0,-0.0037269538847186055,0.0391395823355865
12.67,0.0,-0.003736481035053916,0.03910629031267139
12.68,0.0,-0.003745983301977937,0.03907304439202816
12.69,0.0,-0.0037554607589762056,0.039039844478438224
12.700000000000001,0.0,-0.0037649134792623116,0.0390066904769386
12.71,0.0,-0.0037743415357790982,0.03897358229282118
12.72,0.0,-0.00378374500119987,0.03894051983163184
12.73,0.0,-0.003793123947929581,0.03890750299916971
12.74,0.0,-0.0038024784481060126,0.038874531701486324
12.75,0.0,-0.003811808573600955,0.038841605844884844
12.76,0.0,-0.0038211143960213815,0.03880872533591926
12.77,0.0,-0.003830395986710618,0.03877589008139358
12.780000000000001,0.0,-0.003839653416749493,0.03874309998836106
12.790000000000001,0.0,-0.003848886756957501,0.038710354964123436
12.8,0.0,-0.0038580960778939505,0.03867765491623008
12.81,0.0,-0.0038672814498591085,0.03864499975247726
12.82,0.0,-0.0038764429428953255,0.038612389380907365
12.83,0.0,-0.0038855806267881856,0.038579823709808114
12.84,0.0,-0.0038946945710676218,0.03854730264771177
12.85,0.0,-0.0039037848450090297,0.0385148261033944
12.86,0.0,-0.003912851517634397,0.03848239398587507
12.870000000000001,0.0,-0.003921894657713404,0.03845000620441512
12.88,0.0,-0.003930914333764519,0.038417662668517365
12.89,0.0,-0.003939910614056118,0.03838536328792536
12.9,0.0,-0.003948883566607549,0.038353107972622626
12.91,0.0,-0.003957833259190238,0.03832089663283188
12.92,0.0,-0.003966759759328769,0.03828872917901433
12.93,0.0,-0.003975663134301948,0.038256605521868894
12.94,0.0,-0.003984543451143881,0.03822452557233143
12.950000000000001,0.0,-0.003993400776645045,0.038192489241574035
12.96,0.0,-0.004002235177353332,0.0381604964410043
12.97,0.0,-0.004011046719575112,0.03812854708226451
12.98,0.0,-0.004019835469376286,0.03809664107723101
12.99,0.0,-0.00402860149258333,0.038064778338013354
13.0,0.0,-0.004037344854784312,0.03803295877695367
13.01,0.0,-0.004046065621329958,0.038001182306625865
13.02,0.0,-0.0040547638573346576,0.03796944883983495
13.030000000000001,0.0,-0.004063439627677492,0.03793775828961627
13.040000000000001,0.0,-0.004072092997003248,0.037906110569234805
13.05,0.0,-0.004080724029723448,0.03787450559218447
13.06,0.0,-0.004089332790017332,0.03784294327218734
13.07,0.0,-0.004097919341832888,0.03781142352319299
13.08,0.0,-0.0041064837488878165,0.03777994625937777
13.09,0.0,-0.004115026074670555,0.037748511395144076
13.1,0.0,-0.00412354638244125,0.03771711884511966
13.11,0.0,-0.004132044735232739,0.03768576852415695
13.120000000000001,0.0,-0.004140521195851532,0.03765446034733227
13.13,0.0,-0.004148975826878783,0.03762319422994522
13.14,0.0,-0.004157408690671265,0.03759197008751797
13.15,0.0,-0.004165819849362317,0.03756078783579449
13.16,0.0,-0.004174209364862823,0.03752964739073996
13.17,0.0,-0.004182577298862156,0.03749854866854002
13.18,0.0,-0.004190923712829115,0.03746749158560008
13.19,0.0,-0.004199248668012898,0.03743647605854467
13.200000000000001,0.0,-0.004207552225444015,0.03740550200421672
13.21,0.0,-0.004215834445935236,0.0373745693396769
13.22,0.0,-0.004224095390082518,0.03734367798220296
13.23,0.0,-0.004232335118265934,0.037312827849288986
13.24,0.0,-0.004240553690650597,0.037282018858644815
13.25,0.0,-0.004248751167187559,0.037251250928195305
13.26,0.0,-0.004256927607614752,0.03722052397607969
13.27,0.0,-0.0042650830714578685,0.03718983792065089
13.280000000000001,0.0,-0.004273217618031286,0.03715919268047488
13.290000000000001,0.0,-0.004281331306438948,0.037128588174330006
13.3,0.0,-0.004289424195575271,0.03709802432120634
13.31,0.0,-0.004297496344126035,0.037067501040305
13.32,0.0,-0.004305547810569261,0.037037018251037515
13.33,0.0,-0.00431357865317609,0.03700657587302516
13.34,0.0,-0.004321588930011679,0.03697617382609832
13.35,0.0,-0.004329578698936055,0.036945812030295844
13.36,0.0,-0.004337548017604987,0.036915490405864365
13.370000000000001,0.0,-0.004345496943470859,0.03688520887325768
13.38,0.0,-0.004353425533783516,0.03685496735313614
13.39,0.0,-0.004361333845591137,0.036824765766365945
13.4,0.0,-0.004369221935741071,0.03679460403401857
13.41,0.0,-0.004377089860880695,0.03676448207737007
13.42,0.0,-0.00438493767745825,0.0367343998179005
13.43,0.0,-0.004392765441723686,0.036704357177293256
13.44,0.0,-0.004400573209729491,0.03667435407743446
13.450000000000001,0.0,-0.004408361037331537,0.03664439044041232
13.46,0.0,-0.004416128980189881,0.03661446618851652
13.47,0.0,-0.004423877093769607,0.03658458124423759
13.48,0.0,-0.004431605433341648,0.03655473553026629
13.49,0.0,-0.004439314053983591,0.036524928969492984
13.5,0.0,-0.0044470030105804885,0.03649516148500704
13.51,0.0,-0.004454672357825668,0.036465433000096206
13.52,0.0,-0.0044623221502215395,0.036435743438246
13.530000000000001,0.0,-0.004469952442080392,0.036406092723139105
13.540000000000001,0.0,-0.00447756328752518,0.03637648077865475
13.55,0.0,-0.0044851547404903295,0.03634690752886813
13.56,0.0,-0.004492726854722518,0.03631737289804977
13.57,0.0,-0.004500279683781464,0.03628787681066496
13.58,0.0,-0.0045078132810406945,0.03625841919137313
13.59,0.0,-0.004515327699688337,0.03622899996502726
13.6,0.0,-0.004522822992727888,0.03619961905667329
13.61,0.0,-0.004530299212978969,0.03617027639154953
13.620000000000001,0.0,-0.004537756413078116,0.036140971895086055
13.63,0.0,-0.004545194645479515,0.036111705492904135
13.64,0.0,-0.004552613962455781,0.036082477110815636
13.65,0.0,-0.004560014416098697,0.036053286674822445
13.66,0.0,-0.0045673960583199795,0.03602413411111588
13.67,0.0,-0.004574758940852014,0.03599501934607611
13.68,0.0,-0.004582103115248597,0.03596594230627158
13.69,0.0,-0.00458942863288569,0.03593690291845844
13.700000000000001,0.0,-0.004596735544962142,0.035907901109579955
13.71,0.0,-0.004604023902500425,0.03587893680676595
13.72,0.0,-0.0046112937563473734,0.03585000993733224
13.73,0.0,-0.004618545157174893,0.03582112042878003
13.74,0.0,-0.004625778155480702,0.03579226820879541
13.75,0.0,-0.004632992801589036,0.035763453205248694
13.76,0.0,-0.0046401891456513645,0.03573467534619398
13.77,0.0,-0.004647367237647114,0.03570593455986849
13.780000000000001,0.0,-0.004654527127384367,0.035677230774692044
13.790000000000001,0.0,-0.004661668864500568,0.035648563919266546
13.8,0.0,-0.004668792498463227,0.035619933922375335
13.81,0.0,-0.004675898078570621,0.035591340712982734
13.82,0.0,-0.0046829856539524865,0.03556278422023342
13.83,0.0,-0.00469005527357071,0.03553426437345192
13.84,0.0,-0.004697106986220021,0.035505781102142045
13.85,0.0,-0.004704140840528676,0.03547733433598636
13.86,0.0,-0.004711156884959134,0.035448924004845624
13.870000000000001,0.0,-0.0047181551678087495,0.03542055003875825
13.88,0.0,-0.004725135737210433,0.03539221236793978
13.89,0.0,-0.004732098641133334,0.035363910922782335
13.9,0.0,-0.00473904392738351,0.03533564563385408
13.91,0.0,-0.004745971643604583,0.03530741643189868
13.92,0.0,-0.004752881837278414,0.03527922324783479
13.93,0.0,-0.004759774555725762,0.03525106601275553
13.94,0.0,-0.004766649846106928,0.035222944657927906
13.950000000000001,0.0,-0.004773507755422425,0.03519485911479232
13.96,0.0,-0.004780348330513621,0.03516680931496209
13.97,0.0,-0.004787171618063386,0.03513879519022281
13.98,0.0,-0.004793977664596735,0.035110816672531936
13.99,0.0,-0.004800766516481476,0.03508287369401821
14.0,0.0,-0.0048075382199288495,0.03505496618698119
14.01,0.0,-0.004814292820994147,0.03502709408389065
14.02,0.0,-0.004821030365577369,0.03499925731738617
14.030000000000001,0.0,-0.004827750899423832,0.034971455820276526
14.040000000000001,0.0,-0.00483445446812481,0.03494368952553927
14.05,0.0,-0.004841141117118147,0.03491595836632014
14.06,0.0,-0.0048478108916888895,0.0348882622759326
14.07,0.0,-0.0048544638369699,0.034860601187857325
14.08,0.0,-0.004861099997942462,0.03483297503574169
14.09,0.0,-0.004867719419436901,0.03480538375339926
14.1,0.0,-0.004874322146133205,0.03477782727480933
14.11,0.0,-0.004880908222561606,0.03475030553411638
14.120000000000001,0.0,-0.004887477693103203,0.03472281846562958
14.13,0.0,-0.00489403060199055,0.034695366003822344
14.14,0.0,-0.0049005669933082675,0.03466794808333178
14.15,0.0,-0.004907086910993627,0.03464056463895822
14.16,0.0,-0.0049135903988371445,0.034613215605664736
14.17,0.0,-0.004920077500483175,0.03458590091857664
14.18,0.0,-0.004926548259430496,0.03455862051298101
14.19,0.0,-0.004933002719032892,0.03453137432432619
14.200000000000001,0.0,-0.004939440922499738,0.0345041622882213
14.21,0.0,-0.004945862912896569,0.0344769843404358
14.22,0.0,-0.004952268733145676,0.03444984041689895
14.23,0.0,-0.004958658426026653,0.034422730453699354
14.24,0.0,-0.004965032034176989,0.03439565438708451
14.25,0.0,-0.004971389600092633,0.034368612153460286
14.26,0.0,-0.004977731166128543,0.03434160368939048
14.27,0.0,-0.004984056774499273,0.03431462893159635
14.280000000000001,0.0,-0.0049903664672795115,0.034287687816956104
14.290000000000001,0.0,-0.004996660286404655,0.03426078028250449
14.3,0.0,-0.005002938273671355,0.034233906265432275
14.31,0.0,-0.00500920047073807,0.034207065703085814
14.32,0.0,-0.005015446919125623,0.03418025853296656
14.33,0.0,-0.005021677660217739,0.03415348469273062
14.34,0.0,-0.005027892735261593,0.03412674412018828
14.35,0.0,-0.005034092185368358,0.03410003675330358
14.36,0.0,-0.005040276051513749,0.0340733625301938
14.370000000000001,0.0,-0.005046444374538534,0.03404672138912902
14.38,0.0,-0.005052597195149098,0.034020113268531736
14.39,0.0,-0.005058734553917965,0.033993538106976286
14.4,0.0,-0.0050648564912843305,0.03396699584318849
14.41,0.0,-0.005070963047554576,0.03394048641604516
14.42,0.0,-0.005077054262902815,0.03391400976457367
14.43,0.0,-0.005083130177371402,0.03388756582795149
14.44,0.0,-0.005089190830871456,0.03386115454550574
14.450000000000001,0.0,-0.0050952362631833835,0.03383477585671279
14.46,0.0,-0.005101266513957377,0.03380842970119774
14.47,0.0,-0.005107281622713957,0.03378211601873405
14.48,0.0,-0.005113281628844457,0.03375583474924306
14.49,0.0,-0.005119266571611543,0.03372958583279356
14.5,0.0,-0.0051252364901497255,0.03370336920960137
14.51,0.0,-0.005131191423465848,0.03367718482002886
14.52,0.0,-0.005137131410439604,0.033651032604584595
14.530000000000001,0.0,-0.005143056489824028,0.0336249125039228
14.540000000000001,0.0,-0.00514896670024599,0.03359882445884302
14.55,0.0,-0.005154862080206706,0.03357276841028963
14.56,0.0,-0.00516074266808221,0.03354674429935147
14.57,0.0,-0.005166608502123858,0.03352075206726132
14.58,0.0,-0.0051724596204588144,0.03349479165539558
14.59,0.0,-0.005178296061090531,0.03346886300527379
14.6,0.0,-0.00518411786189924,0.0334429660585582
14.61,0.0,-0.005189925060642429,0.03341710075705337
14.620000000000001,0.0,-0.005195717694955326,0.03339126704270577
14.63,0.0,-0.005201495802351368,0.03336546485760333
14.64,0.0,-0.005207259420222686,0.03333969414397501
14.65,0.0,-0.00521300858584057,0.033313954844190426
14.66,0.0,-0.005218743336355947,0.03328824690075942
14.67,0.0,-0.005224463708799843,0.03326257025633163
14.68,0.0,-0.005230169740083854,0.0332369248536961
14.69,0.0,-0.005235861467000605,0.03321131063578087
14.700000000000001,0.0,-0.005241538926224225,0.033185727545652556
14.71,0.0,-0.0052472021543107875,0.03316017552651594
14.72,0.0,-0.005252851187698788,0.033134654521713595
14.73,0.0,-0.005258486062709586,0.03310916447472543
14.74,0.0,-0.00526410681554787,0.03308370532916833
14.75,0.0,-0.005269713482302099,0.03305827702879574
14.76,0.0,-0.005275306098944967,0.03303287951749727
14.77,0.0,-0.005280884701333831,0.03300751273929827
14.780000000000001,0.0,-0.005286449325211177,0.03298217663835948
14.790000000000001,0.0,-0.005292000006205047,0.03295687115897659
14.8,0.0,-0.0052975367798294955,0.032931596245579856
14.81,0.0,-0.005303059681485022,0.03290635184273374
14.82,0.0,-0.005308568746459007,0.03288113789513646
14.83,0.0,-0.005314064009926153,0.03285595434761965
14.84,0.0,-0.005319545506948918,0.03283080114514793
14.85,0.0,-0.0053250132724779456,0.032805678232818554
14.86,0.0,-0.005330467341352497,0.03278058555586101
14.870000000000001,0.0,-0.005335907748300876,0.0327555230596366
14.88,0.0,-0.0053413345279408634,0.03273049068963814
14.89,0.0,-0.005346747714780127,0.032705488391489464
14.9,0.0,-0.005352147343216668,0.03268051611094515
14.91,0.0,-0.0053575334475392125,0.032655573793890044
14.92,0.0,-0.0053629060619276555,0.03263066138633897
14.93,0.0,-0.005368265220453462,0.03260577883443629
14.94,0.0,-0.005373610957080088,0.032580926084455536
14.950000000000001,0.0,-0.005378943305663403,0.03255610308279907
14.96,0.0,-0.005384262299952077,0.03253130977599766
14.97,0.0,-0.005389567973588015,0.032506546110710154
14.98,0.0,-0.005394860360106761,0.032481812033723065
14.99,0.0,-0.005400139492937882,0.03245710749195023
15.0,0.0,-0.005405405405405406,0.032432432432432434
15.01,0.0,-0.005410658130728196,0.03240778680233703
15.02,0.0,-0.005415897702020366,0.032383170548957604
15.030000000000001,0.0,-0.005421124152291677,0.03235858361971356
15.040000000000001,0.0,-0.00542633751444793,0.0323340259621498
15.05,0.0,-0.005431537821291372,0.03230949752393633
15.06,0.0,-0.005436725105521068,0.03228499825286792
15.07,0.0,-0.005441899399733321,0.03226052809686375
15.08,0.0,-0.005447060736422045,0.032236087003967004
15.09,0.0,-0.005452209147979151,0.03221167492234455
15.1,0.0,-0.0054573446666949495,0.032187291800286594
15.11,0.0,-0.0054624673247585165,0.032162937586206294
15.120000000000001,0.0,-0.005467577154258094,0.032138612228639396
15.13,0.0,-0.005472674187181459,0.03211431567624395
15.14,0.0,-0.005477758455416309,0.03209004787779985
15.15,0.0,-0.005482829990750641,0.032065808782208584
15.16,0.0,-0.005487888824873131,0.032041598338492815
15.17,0.0,-0.005492934989373496,0.032017416495796064
15.18,0.0,-0.005497968515742885,0.03199326320338237
15.19,0.0,-0.005502989435374243,0.03196913841063591
15.200000000000001,0.0,-0.005507997779562672,0.03194504206706066
15.21,0.0,-0.005512993579505816,0.031920974122280114
15.22,0.0,-0.005517976866304216,0.03189693452603684
15.23,0.0,-0.005522947670961685,0.0318729232281922
15.24,0.0,-0.005527906024385659,0.031848940178726
15.25,0.0,-0.005532851957387571,0.031824985327736144
15.26,0.0,-0.005537785500683207,0.0318010586254383
15.27,0.0,-0.005542706684893061,0.03177716002216556
15.280000000000001,0.0,-0.005547615540542702,0.03175328946836809
15.290000000000001,0.0,-0.00555251209806312,0.03172944691461284
15.3,0.0,-0.005557396387791086,0.031705632311583125
15.31,0.0,-0.005562268439969507,0.0316818456100784
15.32,0.0,-0.005567128284747767,0.03165808676101383
15.33,0.0,-0.005571975952182087,0.03163435571542002
15.34,0.0,-0.005576811472235872,0.03161065242444266
15.35,0.0,-0.00558163487478005,0.03158697683934221
15.36,0.0,-0.005586446189593427,0.03156332891149354
15.370000000000001,0.0,-0.005591245446363027,0.03153970859238566
15.38,0.0,-0.005596032674684432,0.03151611583362135
15.39,0.0,-0.00560080790406212,0.03149255058691683
15.4,0.0,-0.005605571163909815,0.03146901280410147
15.41,0.0,-0.0056103224835508175,0.03144550243711744
15.42,0.0,-0.005615061892218338,0.031422019438019415
15.43,0.0,-0.0056197894190558395,0.03139856375897423
15.44,0.0,-0.005624505093117367,0.03137513535226056
15.450000000000001,0.0,-0.005629208943367877,0.031351734170268625
15.46,0.0,-0.005633900998683574,0.03132836016549987
15.47,0.0,-0.005638581287852232,0.031305013290566605
15.48,0.0,-0.005643249839573531,0.031281693498191744
15.49,0.0,-0.005647906682459378,0.031258400741208475
15.5,0.0,-0.005652551845034233,0.031235134972559937
15.51,0.0,-0.005657185355735431,0.031211896145298894
15.52,0.0,-0.005661807242913508,0.03118868421258747
15.530000000000001,0.0,-0.005666417534832517,0.031165499127696793
15.540000000000001,0.0,-0.00567101625967035,0.031142340844006723
15.55,0.0,-0.0056756034455190596,0.03111920931500551
15.56,0.0,-0.005680179120385168,0.031096104494289498
15.57,0.0,-0.005684743312189986,0.031073026335562838
15.58,0.0,-0.005689296048769931,0.031049974792637172
15.59,0.0,-0.005693837357876833,0.031026949819431302
15.6,0.0,-0.005698367267178247,0.03100395136997093
15.610000000000001,0.0,-0.005702885804257771,0.03098097939838834
15.620000000000001,0.0,-0.005707392996615339,0.03095803385892207
15.63,0.0,-0.005711888871667548,0.03093511470591667
15.64,0.0,-0.005716373456747941,0.03091222189382233
15.65,0.0,-0.0057208467791073385,0.03088935537719465
15.66,0.0,-0.005725308865914119,0.030866515110694305
15.67,0.0,-0.005729759744254529,0.030843701049086757
15.68,0.0,-0.005734199441132989,0.030820913147241946
15.69,0.0,-0.005738627983472387,0.030798151360134026
15.700000000000001,0.0,-0.005743045398114377,0.03077541564284105
15.71,0.0,-0.00574745171181968,0.03075270595054469
15.72,0.0,-0.005751846951268372,0.030730022238529924
15.73,0.0,-0.005756231143060191,0.030707364462184767
15.74,0.0,-0.0057606043137148205,0.030684732576999985
15.75,0.0,-0.005764966489672178,0.03066212653856878
15.76,0.0,-0.005769317697292717,0.030639546302586522
15.77,0.0,-0.005773657962857715,0.03061699182485047
15.780000000000001,0.0,-0.005777987312569549,0.030594463061259455
15.790000000000001,0.0,-0.005782305772551997,0.03057195996781364
15.8,0.0,-0.005786613368850515,0.030549482500614185
15.81,0.0,-0.005790910127432533,0.030527030615863017
15.82,0.0,-0.005795196074187718,0.03050460426986249
15.83,0.0,-0.005799471234928279,0.03048220341901517
15.84,0.0,-0.005803735635389239,0.030459828019823495
15.85,0.0,-0.0058079893012287,0.03043747802888952
15.860000000000001,0.0,-0.005812232258028153,0.030415153402914646
15.870000000000001,0.0,-0.005816464531292725,0.030392854098699344
15.88,0.0,-0.005820686146451477,0.030370580073142864
15.89,0.0,-0.005824897128857663,0.030348331283242953
15.9,0.0,-0.0058290975037890175,0.030326107686095595
15.91,0.0,-0.00583328729644802,0.03030390923889476
15.92,0.0,-0.005837466531962173,0.03028173589893206
15.93,0.0,-0.005841635235384261,0.030259587623596564
15.94,0.0,-0.005845793431692634,0.030237464370374462
15.950000000000001,0.0,-0.0058499411457914735,0.030215366096848814
15.96,0.0,-0.0058540784025110475,0.03019329276069931
15.97,0.0,-0.005858205226607984,0.03017124431970193
15.98,0.0,-0.005862321642765549,0.03014922073172877
15.99,0.0,-0.0058664276755938894,0.030127221954747683
16.0,0.0,-0.005870523349630308,0.03010524794682209
16.01,0.0,-0.0058746086893395185,0.030083298666110647
16.02,0.0,-0.005878683719113911,0.03006137407086705
16.03,0.0,-0.005882748463273819,0.030039474119439705
16.04,0.0,-0.0058868029460677485,0.03001759877027151
16.05,0.0,-0.0058908471916726815,0.02999574798189957
16.06,0.0,-0.005894881224194288,0.02997392171295496
16.07,0.0,-0.005898905067667206,0.029952119922162426
16.080000000000002,0.0,-0.005902918746055295,0.02993034256834017
16.09,0.0,-0.005906922283251868,0.029908589610399567
16.1,0.0,-0.0059109157030799745,0.029886861007344886
16.11,0.0,-0.005914899029292633,0.0298651567182731
16.12,0.0,-0.005918872285573082,0.029843476702373552
16.13,0.0,-0.0059228354955350275,0.029821820918927756
16.14,0.0,-0.005926788682722901,0.029800189327309105
16.15,0.0,-0.005930731870612094,0.02977858188698265
16.16,0.0,-0.005934665082609216,0.02975699855750481
16.17,0.0,-0.00593858834205233,0.029735439298523174
16.18,0.0,-0.005942501672211195,0.029713904069776188
16.19,0.0,-0.00594640509628752,0.029692392831092946
16.2,0.0,-0.005950298637415197,0.029670905542392937
16.21,0.0,-0.005954182318660538,0.029649442163685754
16.22,0.0,-0.005958056163022525,0.029628002655070925
16.23,0.0,-0.00596192019343305,0.029606586976737577
16.240000000000002,0.0,-0.005965774432757138,0.029585195088964265
16.25,0.0,-0.005969618903793195,0.02956382695211868
16.26,0.0,-0.005973453629273247,0.029542482526657417
16.27,0.0,-0.005977278631863162,0.029521161773125738
16.28,0.0,-0.0059810939341629,0.029499864652157308
16.29,0.0,-0.005984899558706727,0.029478591124473996
16.3,0.0,-0.005988695527963472,0.029457341150885562
16.31,0.0,-0.005992481864336729,0.029436114692289503
16.32,0.0,-0.005996258590165115,0.02941491170967073
16.330000000000002,0.0,-0.006000025727722476,0.0293937321641014
16.34,0.0,-0.006003783299218127,0.02937257601674062
16.35,0.0,-0.006007531326797086,0.029351443228834238
16.36,0.0,-0.006011269832540281,0.029330333761714615
16.37,0.0,-0.006014998838464794,0.029309247576800344
16.38,0.0,-0.006018718366524073,0.029288184635596078
16.39,0.0,-0.006022428438608165,0.029267144899692232
16.4,0.0,-0.006026129076543927,0.029246128330764804
16.41,0.0,-0.006029820302095266,0.0292251348905751
16.42,0.0,-0.006033502136963339,0.02920416454096951
16.43,0.0,-0.006037174602786788,0.029183217243879317
16.44,0.0,-0.006040837721141953,0.02916229296132039
16.45,0.0,-0.0060444915135430865,0.029141391655393027
16.46,0.0,-0.006048136001442587,0.029120513288281673
16.47,0.0,-0.006051771206231188,0.029099657822254724
16.48,0.0,-0.006055397149238203,0.029078825219664265
16.490000000000002,0.0,-0.006059013851731721,0.0290580154429459
16.5,0.0,-0.006062621334918826,0.029037228454618466
16.51,0.0,-0.006066219619945807,0.029016464217283815
16.52,0.0,-0.006069808727898376,0.028995722693626637
16.53,0.0,-0.006073388679801878,0.028975003846414167
16.54,0.0,-0.006076959496621495,0.02895430763849603
16.55,0.0,-0.006080521199262463,0.02893363403280394
16.56,0.0,-0.006084073808570271,0.02891298299235156
16.57,0.0,-0.0060876173453308854,0.028892354480234216
16.580000000000002,0.0,-0.006091151830270939,0.02887174845962871
16.59,0.0,-0.0060946772840579444,0.02885116489379309
16.6,0.0,-0.006098193727300505,0.02883060374606641
16.61,0.0,-0.006101701180548513,0.028810064979868568
16.62,0.0,-0.006105199664293349,0.0287895485587
16.63,0.0,-0.006108689198968095,0.028769054446141563
16.64,0.0,-0.0061121698049477315,0.028748582605854226
16.65,0.0,-0.006115641502549332,0.028728133001578924
16.66,0.0,-0.006119104312032282,0.02870770559713628
16.67,0.0,-0.006122558253598453,0.028687300356426453
16.68,0.0,-0.006126003347392422,0.028666917243428885
16.69,0.0,-0.006129439613501662,0.028646556222202076
16.7,0.0,-0.006132867071956738,0.028626217256883427
16.71,0.0,-0.006136285742731503,0.028605900311688942
16.72,0.0,-0.006139695645743297,0.028585605350913118
16.73,0.0,-0.006143096800853146,0.028565332338928637
16.740000000000002,0.0,-0.006146489227865935,0.02854508124018622
16.75,0.0,-0.006149872946530628,0.028524852019214404
16.76,0.0,-0.006153247976540448,0.0285046446406193
16.77,0.0,-0.006156614337533063,0.028484459069084443
16.78,0.0,-0.006159972049090791,0.028464295269370516
16.79,0.0,-0.006163321130740777,0.02844415320631521
16.8,0.0,-0.00616666160195519,0.02842403284483296
16.81,0.0,-0.006169993482151407,0.028403934149914788
16.82,0.0,-0.006173316790692206,0.02838385708662805
16.830000000000002,0.0,-0.006176631546885952,0.028363801620116282
16.84,0.0,-0.006179937769986771,0.028343767715598947
16.85,0.0,-0.006183235479194768,0.028323755338371278
16.86,0.0,-0.006186524693656166,0.028303764453804024
16.87,0.0,-0.0061898054324635325,0.028283795027343298
16.88,0.0,-0.0061930777146559325,0.02826384702451035
16.89,0.0,-0.006196341559219134,0.02824392041090136
16.9,0.0,-0.006199596985085771,0.028224015152187257
16.91,0.0,-0.006202844011135541,0.028204131214113505
16.92,0.0,-0.006206082656195371,0.028184268562499913
16.93,0.0,-0.006209312939039611,0.028164427163240434
16.94,0.0,-0.0062125348783902004,0.02814460698230296
16.95,0.0,-0.006215748492916851,0.028124807985729135
16.96,0.0,-0.0062189538012372364,0.02810503013963415
16.97,0.0,-0.006222150821917148,0.02808527341020657
16.98,0.0,-0.006225339573470687,0.028065537763708088
16.990000000000002,0.0,-0.006228520074360433,0.028045823166473395
17.0,0.0,-0.006231692342997623,0.02802612958490994
17.01,0.0,-0.006234856397742319,0.028006456985497738
17.02,0.0,-0.006238012256903588,0.02798680533478922
17.03,0.0,-0.006241159938739675,0.027967174599408975
17.04,0.0,-0.006244299461458171,0.027947564746053623
17.05,0.0,-0.006247430843216185,0.027927975741491574
17.06,0.0,-0.006250554102120516,0.027908407552562874
17.07,0.0,-0.006253669256227828,0.027888860146178984
17.080000000000002,0.0,-0.006256776323544807,0.027869333489322617
17.09,0.0,-0.006259875322028343,0.027849827549047544
17.1,0.0,-0.006262966269585692,0.027830342292478383
17.11,0.0,-0.00626604918407464,0.027810877686810436
17.12,0.0,-0.006269124083303678,0.027791433699309493
17.13,0.0,-0.006272190985032159,0.027772010297311658
17.14,0.0,-0.006275249906970477,0.02775260744822313
17.150000000000002,0.0,-0.006278300866780216,0.027733225119520064
17.16,0.0,-0.00628134388207432,0.027713863278748356
17.17,0.0,-0.006284378970417263,0.027694521893523446
17.18,0.0,-0.0062874061493252064,0.027675200931530187
17.19,0.0,-0.006290425436266157,0.02765590036052259
17.2,0.0,-0.0062934368486601356,0.02763662014832372
17.21,0.0,-0.006296440403879341,0.027617360262825442
17.22,0.0,-0.006299436119248298,0.027598120671988302
17.23,0.0,-0.006302424012044027,0.027578901343841274
17.240000000000002,0.0,-0.006305404099496199,0.027559702246481663
17.25,0.0,-0.006308376398787298,0.027540523348074882
17.26,0.0,-0.006311340927052774,0.02752136461685424
17.27,0.0,-0.0063142977013812005,0.027502226021120835
17.28,0.0,-0.006317246738814441,0.027483107529243322
17.29,0.0,-0.006320188056347792,0.02746400910965777
17.3,0.0,-0.006323121670930141,0.027444930730867435
17.31,0.0,-0.006326047599464129,0.02742587236144266
17.32,0.0,-0.006328965858806295,0.02740683397002062
17.330000000000002,0.0,-0.006331876465767242,0.027387815525305205
17.34,0.0,-0.006334779437111772,0.02736881699606682
17.35,0.0,-0.00633767478955906,0.0273498383511422
17.36,0.0,-0.006340562539782785,0.027330879559434283
17.37,0.0,-0.006343442704411297,0.027311940589911956
17.38,0.0,-0.006346315300027759,0.02729302141160998
17.39,0.0,-0.0063491803431703015,0.027274121993628726
17.400000000000002,0.0,-0.006352037850332167,0.027255242305134073
17.41,0.0,-0.006354887837961867,0.02723638231535722
17.42,0.0,-0.006357730322463321,0.027217541993594458
17.43,0.0,-0.006360565320196008,0.027198721309207096
17.44,0.0,-0.006363392847475121,0.027179920231621215
17.45,0.0,-0.006366212920571701,0.02716113873032755
17.46,0.0,-0.006369025555712792,0.027142376774881266
17.47,0.0,-0.006371830769081582,0.027123634334901857
17.48,0.0,-0.0063746285768175506,0.027104911380072906
17.490000000000002,0.0,-0.006377418995016612,0.027086207880142
17.5,0.0,-0.006380202039731259,0.027067523804920487
17.51,0.0,-0.006382977726970707,0.027048859124283356
17.52,0.0,-0.006385746072701037,0.027030213808169057
17.53,0.0,-0.006388507092845337,0.027011587826579322
17.54,0.0,-0.006391260803283841,0.02699298114957905
17.55,0.0,-0.006394007219854075,0.026974393747296068
17.56,0.0,-0.006396746358350995,0.02695582558992105
17.57,0.0,-0.006399478234527127,0.026937276647707273
17.580000000000002,0.0,-0.006402202864092708,0.02691874689097052
17.59,0.0,-0.006404920262715819,0.026900236290088888
17.6,0.0,-0.006407630446022536,0.026881744815502626
17.61,0.0,-0.006410333429597052,0.026863272437713984
17.62,0.0,-0.006413029228981826,0.02684481912728703
17.63,0.0,-0.006415717859677719,0.026826384854847545
17.64,0.0,-0.006418399337144122,0.02680796959108278
17.650000000000002,0.0,-0.006421073676799097,0.026789573306741372
17.66,0.0,-0.006423740894019518,0.026771195972633156
17.67,0.0,-0.006426401004141196,0.02675283755962899
17.68,0.0,-0.006429054022459018,0.02673449803866064
17.69,0.0,-0.0064316999642270835,0.02671617738072057
17.7,0.0,-0.006434338844658825,0.026697875556861834
17.71,0.0,-0.006436970678927161,0.026679592538197874
17.72,0.0,-0.00643959548216461,0.026661328295902422
17.73,0.0,-0.006442213269463435,0.026643082801209285
17.740000000000002,0.0,-0.0064448240558757615,0.026624856025412227
17.75,0.0,-0.00644742785641372,0.026606647939864815
17.76,0.0,-0.006450024686049577,0.026588458515980233
17.77,0.0,-0.006452614559715848,0.026570287725231165
17.78,0.0,-0.00645519749230545,0.026552135539149615
17.79,0.0,-0.0064577734986718096,0.026534001929326794
17.8,0.0,-0.006460342593629006,0.026515886867412904
17.81,0.0,-0.006462904791951888,0.02649779032511706
17.82,0.0,-0.006465460108376211,0.026479712274207062
17.830000000000002,0.0,-0.006468008557598759,0.026461652686509327
17.84,0.0,-0.0064705501542774635,0.026443611533908673
17.85,0.0,-0.006473084913031546,0.026425588788348192
17.86,0.0,-0.006475612848441623,0.026407584421829108
17.87,0.0,-0.006478133975049856,0.026389598406410617
17.88,0.0,-0.006480648307360048,0.026371630714209754
17.89,0.0,-0.006483155859837791,0.026353681317401213
17.900000000000002,0.0,-0.006485656646910576,0.02633575018821725
17.91,0.0,-0.006488150682967915,0.02631783729894748
17.92,0.0,-0.006490637982361477,0.026299942621938775
17.93,0.0,-0.006493118559405191,0.026282066129595088
17.94,0.0,-0.006495592428375391,0.026264207794377322
17.95,0.0,-0.00649805960351091,0.026246367588803193
17.96,0.0,-0.006500520099013224,0.026228545485447056
17.97,0.0,-0.006502973929046555,0.026210741456939798
17.98,0.0,-0.0065054211077380086,0.026192955475968647
17.990000000000002,0.0,-0.006507861649177676,0.026175187515277084
18.0,0.0,-0.00651029556741876,0.026157437547664662
18.01,0.0,-0.0065127228764777,0.026139705545986866
18.02,0.0,-0.0065151435903342755,0.02612199148315499
18.03,0.0,-0.006517557722931739,0.026104295332135968
18.04,0.0,-0.006519965288176921,0.026086617065952257
18.05,0.0,-0.006522366299940353,0.02606895665768168
18.06,0.0,-0.0065247607720563825,0.02605131408045731
18.07,0.0,-0.006527148718323292,0.02603368930746728
18.080000000000002,0.0,-0.006529530152503407,0.0260160823119547
18.09,0.0,-0.0065319050883232135,0.025998493067217486
18.1,0.0,-0.006534273539473479,0.02598092154660822
18.11,0.0,-0.006536635519609356,0.02596336772353403
18.12,0.0,-0.006538991042350508,0.025945831571456426
18.13,0.0,-0.006541340121281209,0.02592831306389119
18.14,0.0,-0.00654368276995047,0.025910812174408215
18.150000000000002,0.0,-0.006546019001872139,0.02589332887663139
18.16,0.0,-0.006548348830525021,0.025875863144238447
18.17,0.0,-0.006550672269352986,0.025858414950960817
18.18,0.0,-0.006552989331765083,0.02584098427058354
18.19,0.0,-0.006555300031135649,0.025823571076945048
18.2,0.0,-0.006557604380804419,0.02580617534393713
18.21,0.0,-0.006559902394076636,0.025788797045504706
18.22,0.0,-0.006562194084223159,0.025771436155645765
18.23,0.0,-0.006564479464480578,0.025754092648411168
18.240000000000002,0.0,-0.006566758548051317,0.025736766497904573
18.25,0.0,-0.006569031348103739,0.025719457678282272
18.26,0.0,-0.006571297877772267,0.025702166163753037
18.27,0.0,-0.006573558150157477,0.02568489192857805
18.28,0.0,-0.006575812178326214,0.025667634947070698
18.29,0.0,-0.006578059975311697,0.025650395193596506
18.3,0.0,-0.006580301554113619,0.025633172642572952
18.31,0.0,-0.006582536927698265,0.025615967268469392
18.32,0.0,-0.006584766108998606,0.02559877904580686
18.330000000000002,0.0,-0.006586989110914412,0.02558160794915802
18.34,0.0,-0.0065892059463123496,0.025564453953146975
18.35,0.0,-0.0065914166280260965,0.025547317032449144
18.36,0.0,-0.0065936211688564315,0.025530197161791175
18.37,0.0,-0.006595819581571351,0.02551309431595075
18.38,0.0,-0.0065980118789061674,0.025496008469756547
18.39,0.0,-0.006600198073563611,0.025478939598088016
18.400000000000002,0.0,-0.00660237817821393,0.02546188767587531
18.41,0.0,-0.006604552205494996,0.025444852678099154
18.42,0.0,-0.006606720168012409,0.025427834579790698
18.43,0.0,-0.006608882078339591,0.025410833356031417
18.44,0.0,-0.0066110379490178965,0.025393848981952946
18.45,0.0,-0.006613187792556703,0.025376881432737006
18.46,0.0,-0.006615331621433514,0.02535993068361523
18.47,0.0,-0.006617469448094064,0.02534299670986908
18.48,0.0,-0.006619601284952417,0.025326079486829686
18.490000000000002,0.0,-0.006621727144391054,0.025309178989877744
18.5,0.0,-0.006623847038760989,0.025292295194443405
18.51,0.0,-0.006625960980381858,0.025275428076006107
18.52,0.0,-0.006628068981542019,0.025258577610094507
18.53,0.0,-0.006630171054498641,0.0252417437722863
18.54,0.0,-0.006632267211477819,0.02522492653820817
18.55,0.0,-0.006634357464674659,0.025208125883535586
18.56,0.0,-0.006636441826253369,0.02519134178399274
18.57,0.0,-0.006638520308347377,0.025174574215352415
18.580000000000002,0.0,-0.006640592923059402,0.025157823153435836
18.59,0.0,-0.006642659682461563,0.0251410885741126
18.6,0.0,-0.006644720598595474,0.02512437045330049
18.61,0.0,-0.006646775683472329,0.02510766876696542
18.62,0.0,-0.006648824949073019,0.025090983491121276
18.63,0.0,-0.006650868407348197,0.025074314601829815
18.64,0.0,-0.006652906070218389,0.02505766207520052
18.650000000000002,0.0,-0.0066549379495740935,0.02504102588739053
18.66,0.0,-0.006656964057275851,0.025024406014604483
18.67,0.0,-0.006658984405154365,0.025007802433094396
18.68,0.0,-0.006660999005010571,0.02499121511915959
18.69,0.0,-0.0066630078686157465,0.024974644049146504
18.7,0.0,-0.006665011007711588,0.024958089199448658
18.71,0.0,-0.006667008434010314,0.02494155054650647
18.72,0.0,-0.006669000159194748,0.024925028066807183
18.73,0.0,-0.006670986194918415,0.024908521736884726
18.740000000000002,0.0,-0.006672966552805629,0.024892031533319613
18.75,0.0,-0.006674941244451584,0.024875557432738823
18.76,0.0,-0.006676910281422445,0.02485909941181567
18.77,0.0,-0.006678873675255432,0.024842657447269732
18.78,0.0,-0.006680831437458919,0.02482623151586667
18.79,0.0,-0.006682783579512511,0.02480982159441819
18.8,0.0,-0.006684730112867144,0.024793427659781864
18.81,0.0,-0.006686671048945166,0.024777049688861064
18.82,0.0,-0.006688606399140426,0.024760687658604823
18.830000000000002,0.0,-0.0066905361748183624,0.024744341546007728
18.84,0.0,-0.006692460387316093,0.024728011328109836
18.85,0.0,-0.006694379047942496,0.024711696981996496
18.86,0.0,-0.006696292167978299,0.02469539848479832
18.87,0.0,-0.006698199758676174,0.024679115813690998
18.88,0.0,-0.006700101831260802,0.024662848945895245
18.89,0.0,-0.006701998396928986,0.024646597858676646
18.900000000000002,0.0,-0.006703889466849715,0.024630362529345588
18.91,0.0,-0.006705775052164257,0.02461414293525712
18.92,0.0,-0.006707655163986248,0.02459793905381084
18.93,0.0,-0.006709529813401767,0.024581750862450822
18.94,0.0,-0.006711399011469427,0.024565578338665458
18.95,0.0,-0.006713262769220457,0.024549421459987394
18.96,0.0,-0.006715121097658791,0.024533280203993396
18.97,0.0,-0.006716974007761136,0.02451715454830426
18.98,0.0,-0.006718821510477071,0.02450104447058466
18.990000000000002,0.0,-0.006720663616729125,0.02448494994854312
19.0,0.0,-0.006722500337412853,0.02446887095993184
19.01,0.0,-0.006724331683396926,0.024452807482546596
19.02,0.0,-0.006726157665523212,0.024436759494226683
19.03,0.0,-0.006727978294606853,0.02442072697285475
19.04,0.0,-0.006729793581436344,0.02440470989635672
19.05,0.0,-0.006731603536773631,0.024388708242701698
19.06,0.0,-0.006733408171354167,0.024372721989901844
19.07,0.0,-0.00673520749588701,0.024356751116012272
19.080000000000002,0.0,-0.006737001521054897,0.02434079559913095
19.09,0.0,-0.0067387902575143255,0.024324855417398615
19.1,0.0,-0.006740573715895627,0.024308930548998613
19.11,0.0,-0.006742351906803059,0.024293020972156874
19.12,0.0,-0.0067441248408148715,0.024277126665141733
19.13,0.0,-0.006745892528483388,0.024261247606263876
19.14,0.0,-0.006747654980335093,0.02424538377387622
19.150000000000002,0.0,-0.006749412206870696,0.024229535146373812
19.16,0.0,-0.006751164218565219,0.02421370170219374
19.17,0.0,-0.006752911025868077,0.024197883419815
19.18,0.0,-0.0067546526392031426,0.024182080277758415
19.19,0.0,-0.006756389068968833,0.024166292254586545
19.2,0.0,-0.006758120325538181,0.024150519328903566
19.21,0.0,-0.006759846419258922,0.02413476147935517
19.22,0.0,-0.006761567360453556,0.0241190186846285
19.23,0.0,-0.0067632831594194335,0.024103290923451967
19.240000000000002,0.0,-0.006764993826428824,0.02408757817459526
19.25,0.0,-0.006766699371729001,0.024071880416869168
19.26,0.0,-0.006768399805542308,0.024056197629125486
19.27,0.0,-0.006770095138066234,0.02404052979025697
19.28,0.0,-0.006771785379473494,0.024024876879197164
19.29,0.0,-0.006773470539912101,0.02400923887492038
19.3,0.0,-0.00677515062950544,0.023993615756441516
19.31,0.0,-0.006776825658352334,0.023978007502816038
19.32,0.0,-0.006778495636527134,0.02396241409313982
19.330000000000002,0.0,-0.006780160574079776,0.02394683550654909
19.34,0.0,-0.006781820481035863,0.023931271722220322
19.35,0.0,-0.006783475367396734,0.023915722719370095
19.36,0.0,-0.0067851252431395444,0.023900188477255085
19.37,0.0,-0.006786770118217323,0.02388466897517187
19.38,0.0,-0.006788410002559059,0.02386916419245693
19.39,0.0,-0.006790044906069765,0.023853674108486458
19.400000000000002,0.0,-0.006791674838630554,0.023838198702676346
19.41,0.0,-0.006793299810098704,0.023822737954482046
19.42,0.0,-0.006794919830307736,0.023807291843398453
19.43,0.0,-0.006796534909067483,0.023791860348959894
19.44,0.0,-0.006798145056164155,0.023776443450739933
19.45,0.0,-0.006799750281360415,0.023761041128351357
19.46,0.0,-0.006801350594395448,0.02374565336144602
19.47,0.0,-0.0068029460049850304,0.023730280129714818
19.48,0.0,-0.006804536522821601,0.023714921412887512
19.490000000000002,0.0,-0.006806122157574323,0.023699577190732717
19.5,0.0,-0.006807702918889166,0.023684247443057756
19.51,0.0,-0.006809278816388961,0.02366893214970858
19.52,0.0,-0.006810849859673481,0.02365363129056969
19.53,0.0,-0.006812416058319499,0.023638344845564027
19.54,0.0,-0.006813977421880864,0.023623072794652897
19.55,0.0,-0.006815533959888566,0.023607815117835853
19.56,0.0,-0.0068170856818508,0.023592571795150643
19.57,0.0,-0.006818632597253041,0.02357734280667308
19.580000000000002,0.0,-0.006820174715558105,0.023562128132516975
19.59,0.0,-0.006821712046206216,0.02354692775283405
19.6,0.0,-0.006823244598615075,0.023531741647813815
19.61,0.0,-0.006824772382179932,0.023516569797683528
19.62,0.0,-0.006826295406273637,0.023501412182708053
19.63,0.0,-0.0068278136802467195,0.02348626878318982
19.64,0.0,-0.006829327213427454,0.023471139579468697
19.650000000000002,0.0,-0.006830836015121912,0.023456024551921913
19.66,0.0,-0.006832340094614044,0.02344092368096399
19.67,0.0,-0.006833839461165738,0.023425836947046613
19.68,0.0,-0.006835334124016877,0.02341076433065859
19.69,0.0,-0.006836824092385417,0.023395705812325723
19.7,0.0,-0.006838309375467442,0.02338066137261075
19.71,0.0,-0.00683978998243723,0.02336563099211322
19.72,0.0,-0.006841265922447318,0.023350614651469467
19.73,0.0,-0.006842737204628572,0.023335612331352458
19.740000000000002,0.0,-0.0068442038380902345,0.023320624012471744
19.75,0.0,-0.006845665831920002,0.023305649675573373
19.76,0.0,-0.006847123195184084,0.023290689301439772
19.77,0.0,-0.006848575936927263,0.02327574287088972
19.78,0.0,-0.006850024066172968,0.02326081036477819
19.79,0.0,-0.006851467591923313,0.02324589176399632
19.8,0.0,-0.006852906523159192,0.023230987049471304
19.81,0.0,-0.00685434086884031,0.02321609620216631
19.82,0.0,-0.006855770637905267,0.02320121920308039
19.830000000000002,0.0,-0.006857195839271608,0.02318635603324842
19.84,0.0,-0.006858616481835885,0.023171506673740978
19.85,0.0,-0.006860032574473728,0.023156671105664276
19.86,0.0,-0.006861444126039893,0.02314184931016011
19.87,0.0,-0.006862851145368329,0.023127041268405694
19.88,0.0,-0.006864253641272241,0.023112246961613684
19.89,0.0,-0.00686565162254414,0.023097466371031994
19.900000000000002,0.0,-0.006867045097955921,0.023082699477943783
19.91,0.0,-0.006868434076258903,0.023067946263667347
19.92,0.0,-0.006869818566183903,0.023053206709556018
19.93,0.0,-0.00687119857644129,0.023038480796998117
19.94,0.0,-0.006872574115721045,0.023023768507416848
19.95,0.0,-0.0068739451926928185,0.023009069822270235
19.96,0.0,-0.00687531181600599,0.022994384723051008
19.97,0.0,-0.006876673994289731,0.022979713191286565
19.98,0.0,-0.006878031736153059,0.022965055208538847
19.990000000000002,0.0,-0.006879385050184898,0.022950410756404298
20.0,0.0,-0.006880733944954128,0.02293577981651376
20.01,0.0,-0.006882078429009663,0.022921162370532388
20.02,0.0,-0.0068834185108804825,0.022906558400159586
20.03,0.0,-0.006884754199075714,0.022891967887128918
20.04,0.0,-0.006886085502084677,0.022877390813208043
20.05,0.0,-0.006887412428376935,0.0228628271601986
20.06,0.0,-0.006888734986402366,0.02284827690993617
20.07,0.0,-0.006890053184591209,0.02283374004429016
20.080000000000002,0.0,-0.006891367031354129,0.02281921654516377
20.09,0.0,-0.0068926765350822644,0.02280470639449387
20.1,0.0,-0.006893981704147289,0.022790209574250927
20.11,0.0,-0.006895282546901466,0.022775726066438965
20.12,0.0,-0.006896579071677706,0.02276125585309543
20.13,0.0,-0.006897871286789619,0.02274679891629117
20.14,0.0,-0.006899159200531571,0.02273235523813031
20.150000000000002,0.0,-0.006900442821178739,0.022717924800750203
20.16,0.0,-0.006901722156987171,0.02270350758632134
20.17,0.0,-0.006902997216193836,0.02268910357704728
20.18,0.0,-0.006904268007016673,0.02267471275516457
20.19,0.0,-0.00690553453765466,0.02266033510294266
20.2,0.0,-0.006906796816287854,0.022645970602683852
20.21,0.0,-0.006908054851077457,0.02263161923672319
20.22,0.0,-0.006909308650165856,0.022617280987428403
20.23,0.0,-0.006910558221676696,0.022602955837199838
20.240000000000002,0.0,-0.006911803573714912,0.02258864376847037
20.25,0.0,-0.006913044714366798,0.022574344763705328
20.26,0.0,-0.0069142816517000555,0.022560058805402412
20.27,0.0,-0.00691551439376384,0.022545785876091656
20.28,0.0,-0.006916742948588833,0.022531525958335293
20.29,0.0,-0.006917967324187267,0.022517279034727732
20.3,0.0,-0.006919187528553,0.02250304508789546
20.31,0.0,-0.00692040356966156,0.02248882410049698
20.32,0.0,-0.006921615455470199,0.022474616055222718
20.330000000000002,0.0,-0.006922823193917937,0.022460420934794965
20.34,0.0,-0.0069240267929256295,0.02244623872196781
20.35,0.0,-0.0069252262603959995,0.022432069399527032
20.36,0.0,-0.006926421604213713,0.02241791295029008
20.37,0.0,-0.006927612832245402,0.02240376935710595
20.38,0.0,-0.0069287999523397386,0.022389638602855148
20.39,0.0,-0.006929982972327479,0.022375520670449588
20.400000000000002,0.0,-0.006931161900021509,0.022361415542832545
20.41,0.0,-0.006932336743216897,0.022347323202978577
20.42,0.0,-0.006933507509690949,0.022333243633893433
20.43,0.0,-0.0069346742072032555,0.022319176818614013
20.44,0.0,-0.0069358368434957445,0.022305122740208266
20.45,0.0,-0.00693699542629272,0.02229108138177515
20.46,0.0,-0.006938149963300931,0.022277052726444525
20.47,0.0,-0.006939300462209602,0.022263036757377116
20.48,0.0,-0.0069404469306905,0.022249033457764415
20.490000000000002,0.0,-0.006941589376397964,0.022235042810828633
20.5,0.0,-0.006942727806968972,0.022221064799822624
20.51,0.0,-0.006943862230023182,0.022207099408029785
20.52,0.0,-0.006944992653162979,0.022193146618764037
20.53,0.0,-0.006946119083973533,0.022179206415369714
20.54,0.0,-0.006947241530022831,0.022165278781221525
20.55,0.0,-0.00694835999886174,0.022151363699724442
20.56,0.0,-0.0069494744980240514,0.022137461154313684
20.57,0.0,-0.006950585035026525,0.022123571128454603
20.580000000000002,0.0,-0.006951691617368939,0.022109693605642636
20.59,0.0,-0.006952794252534142,0.022095828569403248
20.6,0.0,-0.006953892947988094,0.022081976003291825
20.61,0.0,-0.0069549877111799155,0.02206813589089365
20.62,0.0,-0.006956078549541934,0.022054308215823798
20.63,0.0,-0.006957165470489734,0.0220404929617271
20.64,0.0,-0.006958248481422209,0.022026690112278043
20.650000000000002,0.0,-0.00695932758972159,0.022012899651180726
20.66,0.0,-0.006960402802753512,0.021999121562168805
20.67,0.0,-0.00696147412786705,0.021985355829005366
20.68,0.0,-0.006962541572394764,0.021971602435482938
20.69,0.0,-0.0069636051436527515,0.021957861365423357
20.7,0.0,-0.006964664848940689,0.021944132602677753
20.71,0.0,-0.006965720695541884,0.021930416131126434
20.72,0.0,-0.006966772690723309,0.021916711934678867
20.73,0.0,-0.0069678208417356564,0.021903019997273572
20.740000000000002,0.0,-0.0069688651558133825,0.021889340302878094
20.75,0.0,-0.006969905640174746,0.0218756728354889
20.76,0.0,-0.006970942302021868,0.021862017579131334
20.77,0.0,-0.00697197514854076,0.021848374517859554
20.78,0.0,-0.006973004186901378,0.02183474363575645
20.79,0.0,-0.006974029424257664,0.021821124916933603
20.8,0.0,-0.006975050867747593,0.021807518345531192
20.81,0.0,-0.006976068524493215,0.02179392390571796
20.82,0.0,-0.006977082401600702,0.021780341581691117
20.830000000000002,0.0,-0.00697809250616039,0.021766771357676296
20.84,0.0,-0.006979098845246818,0.021753213217927503
20.85,0.0,-0.006980101425918782,0.021739667146727
20.86,0.0,-0.0069811002552193704,0.021726133128385314
20.87,0.0,-0.006982095340176013,0.021712611147241104
20.88,0.0,-0.0069830866878005165,0.021699101187661145
20.89,0.0,-0.006984074305089122,0.02168560323404024
20.900000000000002,0.0,-0.006985058199022527,0.021672117270801164
20.91,0.0,-0.006986038376565952,0.021658643282394623
20.92,0.0,-0.0069870148446691625,0.021645181253299138
20.93,0.0,-0.00698798761026652,0.021631731168021032
20.94,0.0,-0.0069889566802770345,0.021618293011094344
20.95,0.0,-0.006989922061604385,0.02160486676708078
20.96,0.0,-0.0069908837611369875,0.02159145242056964
20.97,0.0,-0.006991841785748009,0.021578049956177743
20.98,0.0,-0.006992796142295435,0.021564659358549405
20.990000000000002,0.0,-0.006993746837622093,0.021551280612356342
21.0,0.0,-0.0069946938785557045,0.021537913702297625
21.01,0.0,-0.006995637271908925,0.021524558613099598
21.02,0.0,-0.006996577024479381,0.02151121532951585
21.03,0.0,-0.006997513143049716,0.021497883836327128
21.04,0.0,-0.006998445634387626,0.02148456411834129
21.05,0.0,-0.006999374505245906,0.02147125616039322
21.06,0.0,-0.007000299762362491,0.02145795994734482
21.07,0.0,-0.00700122141246049,0.021444675464084878
21.080000000000002,0.0,-0.007002139462248237,0.021431402695529067
21.09,0.0,-0.007003053918419319,0.021418141626619865
21.1,0.0,-0.007003964787652629,0.021404892242326477
21.11,0.0,-0.007004872076612396,0.02139165452764481
21.12,0.0,-0.007005775791948229,0.021378428467597375
21.13,0.0,-0.00700667594029516,0.02136521404723327
21.14,0.0,-0.0070075725282736775,0.02135201125162807
21.150000000000002,0.0,-0.0070084655624897746,0.021338820065883824
21.16,0.0,-0.0070093550495349734,0.02132564047512895
21.17,0.0,-0.007010240995986388,0.021312472464518197
21.18,0.0,-0.007011123408406738,0.021299316019232593
21.19,0.0,-0.007012002293344408,0.021286171124479357
21.2,0.0,-0.007012877657333474,0.02127303776549188
21.21,0.0,-0.007013749506893749,0.021259915927529634
21.22,0.0,-0.007014617848530818,0.021246805595878132
21.23,0.0,-0.007015482688736081,0.021233706755848868
21.240000000000002,0.0,-0.007016344033986783,0.021220619392779246
21.25,0.0,-0.007017201890746065,0.021207543492032552
21.26,0.0,-0.007018056265462993,0.021194479038997852
21.27,0.0,-0.007018907164572596,0.02118142601908998
21.28,0.0,-0.00701975459449591,0.021168384417749448
21.29,0.0,-0.00702059856164001,0.021155354220442412
21.3,0.0,-0.007021439072398054,0.021142335412660595
21.31,0.0,-0.00702227613314931,0.021129327979921245
21.32,0.0,-0.007023109750259208,0.021116331907767072
21.330000000000002,0.0,-0.007023939930079368,0.021103347181766194
21.34,0.0,-0.00702476667894764,0.02109037378751209
21.35,0.0,-0.007025590003188133,0.021077411710623502
21.36,0.0,-0.00702640990911127,0.02106446093674445
21.37,0.0,-0.0070272264030138065,0.02105152145154411
21.38,0.0,-0.007028039491178886,0.021038593240716802
21.39,0.0,-0.007028849179876051,0.021025676289981893
21.400000000000002,0.0,-0.007029655475361306,0.021012770585083797
21.41,0.0,-0.007030458383877139,0.020999876111791875
21.42,0.0,-0.007031257911652563,0.02098699285590038
21.43,0.0,-0.0070320540649031465,0.020974120803228444
21.44,0.0,-0.00703284684983106,0.020961259939619965
21.45,0.0,-0.0070336362726251,0.020948410250943607
21.46,0.0,-0.0070344223394607375,0.02093557172309271
21.47,0.0,-0.0070352050565001415,0.020922744341985246
21.48,0.0,-0.007035984429892222,0.02090992809356376
21.490000000000002,0.0,-0.007036760465772663,0.020897122963795336
21.5,0.0,-0.007037533170263959,0.020884328938671516
21.51,0.0,-0.007038302549475457,0.020871546004208263
21.52,0.0,-0.007039068609503371,0.020858774146445897
21.53,0.0,-0.007039831356430847,0.020846013351449054
21.54,0.0,-0.007040590796327968,0.02083326360530663
21.55,0.0,-0.007041346935251811,0.020820524894131696
21.56,0.0,-0.007042099779246469,0.020807797204061507
21.57,0.0,-0.007042849334343098,0.020795080521257395
21.580000000000002,0.0,-0.007043595606559935,0.02078237483190474
21.59,0.0,-0.007044338601902344,0.020769680122212912
21.6,0.0,-0.007045078326362852,0.020756996378415212
21.61,0.0,-0.007045814785921175,0.020744323586768844
21.62,0.0,-0.007046547986544257,0.020731661733554826
21.63,0.0,-0.007047277934186302,0.02071901080507797
21.64,0.0,-0.00704800463478881,0.020706370787666805
21.650000000000002,0.0,-0.007048728094280609,0.020693741667673547
21.66,0.0,-0.007049448318577895,0.020681123431474043
21.67,0.0,-0.007050165313584248,0.020668516065467688
21.68,0.0,-0.007050879085190687,0.020655919556077432
21.69,0.0,-0.007051589639275698,0.02064333388974967
21.7,0.0,-0.007052296981705249,0.02063075905295423
21.71,0.0,-0.007053001118332849,0.020618195032184303
21.72,0.0,-0.007053702054999565,0.0206056418139564
21.73,0.0,-0.007054399797534064,0.020593099384810295
21.740000000000002,0.0,-0.007055094351752633,0.02058056773130898
21.75,0.0,-0.007055785723459223,0.020568046840038615
21.76,0.0,-0.007056473918445486,0.020555536697608467
21.77,0.0,-0.007057158942490791,0.020543037290650882
21.78,0.0,-0.0070578408013622735,0.0205305486058212
21.79,0.0,-0.007058519500814848,0.020518070629797745
21.8,0.0,-0.007059195046591264,0.020505603349281736
21.81,0.0,-0.007059867444422125,0.02049314675099728
21.82,0.0,-0.007060536700025917,0.020480700821691268
21.830000000000002,0.0,-0.007061202819109046,0.020468265548133385
21.84,0.0,-0.007061865807365873,0.020455840917116018
21.85,0.0,-0.0070625256704787386,0.02044342691545422
21.86,0.0,-0.007063182414118,0.020431023529985673
21.87,0.0,-0.00706383604394206,0.020418630747570603
21.88,0.0,-0.007064486565597399,0.020406248555091783
21.89,0.0,-0.007065133984718605,0.020393876939454436
21.900000000000002,0.0,-0.007065778306928406,0.020381515887586216
21.91,0.0,-0.007066419537837707,0.020369165386437155
21.92,0.0,-0.007067057683045606,0.020356825422979594
21.93,0.0,-0.0070676927481394414,0.02034449598420817
21.94,0.0,-0.007068324738694817,0.02033217705713973
21.95,0.0,-0.0070689536602756235,0.02031986862881332
21.96,0.0,-0.007069579518434084,0.020307570686290095
21.97,0.0,-0.007070202318710777,0.02029528321665332
21.98,0.0,-0.007070822066634662,0.02028300620700828
21.990000000000002,0.0,-0.007071438767723127,0.020270739644482255
22.0,0.0,-0.007072052427481995,0.020258483516224467
22.01,0.0,-0.007072663051405575,0.02024623780940603
22.02,0.0,-0.007073270644976679,0.020234002511219908
22.03,0.0,-0.007073875213666657,0.020221777608880862
22.04,0.0,-0.007074476762935428,0.020209563089625415
22.05,0.0,-0.0070750752982315125,0.020197358940711785
22.06,0.0,-0.00707567082499205,0.02018516514941986
22.07,0.0,-0.007076263348642843,0.020172981703051127
22.080000000000002,0.0,-0.0070768528745983736,0.020160808588928658
22.09,0.0,-0.007077439408261847,0.020148645794397037
22.1,0.0,-0.007078022955025209,0.020136493306822312
22.11,0.0,-0.007078603520269182,0.02012435111359198
22.12,0.0,-0.0070791811093632905,0.020112219202114902
22.13,0.0,-0.007079755727665893,0.020100097559821284
22.14,0.0,-0.0070803273805242085,0.020087986174162614
22.150000000000002,0.0,-0.007080896073274348,0.020075885032611637
22.16,0.0,-0.0070814618112413396,0.020063794122662293
22.17,0.0,-0.007082024599739159,0.02005171343182966
22.18,0.0,-0.007082584444070761,0.020039642947649955
22.19,0.0,-0.007083141349528106,0.020027582657680426
22.2,0.0,-0.007083695321392188,0.020015532549499362
22.21,0.0,-0.007084246364933063,0.020003492610706015
22.22,0.0,-0.007084794485409871,0.019991462828920566
22.23,0.0,-0.007085339688070884,0.019979443191784078
22.240000000000002,0.0,-0.007085881978153507,0.019967433686958462
22.25,0.0,-0.00708642136088433,0.019955434302126412
22.26,0.0,-0.007086957841479139,0.019943445024991378
22.27,0.0,-0.007087491425142953,0.01993146584327752
22.28,0.0,-0.007088022117070052,0.019919496744729637
22.29,0.0,-0.0070885499224439975,0.019907537717113184
22.3,0.0,-0.007089074846437667,0.01989558874821415
22.31,0.0,-0.007089596894213282,0.019883649825839084
22.32,0.0,-0.007090116070922426,0.019871720937814998
22.330000000000002,0.0,-0.007090632381706083,0.01985980207198936
22.34,0.0,-0.0070911458316946585,0.01984789321623004
22.35,0.0,-0.00709165642600801,0.019835994358425244
22.36,0.0,-0.0070921641697554725,0.019824105486483518
22.37,0.0,-0.007092669068035882,0.019812226588333644
22.38,0.0,-0.007093171125937612,0.01980035765192466
22.39,0.0,-0.0070936703485385885,0.019788498665225765
22.400000000000002,0.0,-0.007094166740906327,0.019776649616226313
22.41,0.0,-0.007094660308097948,0.01976481049293575
22.42,0.0,-0.007095151055160221,0.01975298128338357
22.43,0.0,-0.007095638987129572,0.019741161975619287
22.44,0.0,-0.007096124109032123,0.019729352557712385
22.45,0.0,-0.007096606425883706,0.019717553017752267
22.46,0.0,-0.007097085942689907,0.019705763343848225
22.47,0.0,-0.007097562664446075,0.019693983524129405
22.48,0.0,-0.007098036596137364,0.019682213546744733
22.490000000000002,0.0,-0.007098507742738737,0.01967045339986291
22.5,0.0,-0.007098976109215017,0.019658703071672355
22.51,0.0,-0.007099441700520896,0.019646962550381144
22.52,0.0,-0.007099904521600965,0.019635231824217014
22.53,0.0,-0.007100364577389746,0.019623510881427268
22.54,0.0,-0.007100821872811706,0.019611799710278783
22.55,0.0,-0.007101276412781294,0.019600098299057924
22.56,0.0,-0.00710172820220296,0.019588406636070543
22.57,0.0,-0.007102177245971178,0.019576724709641908
22.580000000000002,0.0,-0.0071026235489704825,0.01956505250811668
22.59,0.0,-0.007103067116075479,0.01955339001985887
22.6,0.0,-0.0071035079521508835,0.019541737233251772
22.61,0.0,-0.0071039460620515365,0.019530094136697974
22.62,0.0,-0.00710438145062243,0.019518460718619263
22.63,0.0,-0.007104814122698742,0.01950683696745663
22.64,0.0,-0.007105244083105849,0.019495222871670187
22.650000000000002,0.0,-0.0071056713366593575,0.019483618419739168
22.66,0.0,-0.007106095888165125,0.019472023600161863
22.67,0.0,-0.007106517742419291,0.019460438401455577
22.68,0.0,-0.007106936904208295,0.01944886281215661
22.69,0.0,-0.0071073533783089,0.019437296820820193
22.7,0.0,-0.007107767169488229,0.01942574041602047
22.71,0.0,-0.0071081782825037736,0.019414193586350437
22.72,0.0,-0.007108586722103427,0.019402656320421926
22.73,0.0,-0.0071089924930255064,0.019391128606865544
22.740000000000002,0.0,-0.007109395599998782,0.019379610434330646
22.75,0.0,-0.007109796047742488,0.0193681017914853
22.76,0.0,-0.007110193840966363,0.01935660266701622
22.77,0.0,-0.00711058898437066,0.019345113049628774
22.78,0.0,-0.0071109814826461806,0.01933363292804689
22.79,0.0,-0.007111371340474292,0.01932216229101307
22.8,0.0,-0.007111758562526955,0.01931070112728832
22.81,0.0,-0.007112143153466742,0.01929924942565211
22.82,0.0,-0.007112525117946871,0.01928780717490234
22.830000000000002,0.0,-0.007112904460611216,0.019276374363855323
22.84,0.0,-0.007113281186094338,0.019264950981345726
22.85,0.0,-0.0071136552990215115,0.019253537016226514
22.86,0.0,-0.007114026804008739,0.01924213245736895
22.87,0.0,-0.007114395705662778,0.01923073729366253
22.88,0.0,-0.0071147620085811715,0.01921935151401497
22.89,0.0,-0.007115125717352258,0.019207975107352122
22.900000000000002,0.0,-0.007115486836555201,0.019196608062617995
22.91,0.0,-0.0071158453707600156,0.01918525036877468
22.92,0.0,-0.007116201324527585,0.01917390201480231
22.93,0.0,-0.007116554702409692,0.01916256298969905
22.94,0.0,-0.007116905508949023,0.01915123328248102
22.95,0.0,-0.0071172537486792154,0.019139912882182315
22.96,0.0,-0.007117599426124863,0.019128601777854897
22.97,0.0,-0.007117942545801545,0.019117299958568614
22.98,0.0,-0.007118283112215844,0.019106007413411136
22.990000000000002,0.0,-0.0071186211298653775,0.01909472413148793
23.0,0.0,-0.0071189566032388105,0.01908345010192222
23.01,0.0,-0.00711928953681588,0.019072185313854927
23.02,0.0,-0.0071196199350674234,0.019060929756444692
23.03,0.0,-0.00711994780245539,0.019049683418867758
23.04,0.0,-0.007120273143432879,0.019038446290318013
23.05,0.0,-0.00712059596244414,0.019027218360006887
23.06,0.0,-0.00712091626392461,0.019015999617163364
23.07,0.0,-0.0071212340523009385,0.019004790051033924
23.080000000000002,0.0,-0.007121549331990995,0.018993589650882502
23.09,0.0,-0.0071218621074039005,0.018982398405990475
23.1,0.0,-0.007122172382940049,0.018971216305656593
23.11,0.0,-0.007122480162991124,0.018960043339196972
23.12,0.0,-0.007122785451940124,0.018948879495945044
23.13,0.0,-0.007123088254161384,0.018937724765251525
23.14,0.0,-0.007123388574020597,0.01892657913648437
23.150000000000002,0.0,-0.0071236864158748334,0.01891544259902877
23.16,0.0,-0.007123981784072563,0.01890431514228707
23.17,0.0,-0.007124274682953675,0.018893196755678753
23.18,0.0,-0.007124565116849506,0.018882087428640434
23.19,0.0,-0.007124853090082849,0.01887098715062577
23.2,0.0,-0.007125138606967984,0.018859895911105474
23.21,0.0,-0.0071254216718107015,0.018848813699567247
23.22,0.0,-0.007125702288908311,0.018837740505515763
23.23,0.0,-0.007125980462549669,0.018826676318472617
23.240000000000002,0.0,-0.007126256197015206,0.018815621127976315
23.25,0.0,-0.007126529496576937,0.01880457492358221
23.26,0.0,-0.007126800365498486,0.018793537694862493
23.27,0.0,-0.007127068808035105,0.018782509431406136
23.28,0.0,-0.007127334828433705,0.01877149012281887
23.29,0.0,-0.007127598430932857,0.01876047975872316
23.3,0.0,-0.007127859619762829,0.018749478328758146
23.31,0.0,-0.007128118399145602,0.018738485822579636
23.32,0.0,-0.0071283747732948845,0.01872750222986004
23.330000000000002,0.0,-0.007128628746416142,0.018716527540288377
23.34,0.0,-0.007128880322706609,0.018705561743570204
23.35,0.0,-0.007129129506355312,0.018694604829427596
23.36,0.0,-0.007129376301543098,0.018683656787599125
23.37,0.0,-0.007129620712442636,0.018672717607839794
23.38,0.0,-0.007129862743218451,0.018661787279921047
23.39,0.0,-0.007130102398026947,0.018650865793630695
23.400000000000002,0.0,-0.00713033968101641,0.0186399531387729
23.41,0.0,-0.007130574596327047,0.018629049305168156
23.42,0.0,-0.007130807148090991,0.018618154282653218
23.43,0.0,-0.007131037340432334,0.018607268061081123
23.44,0.0,-0.007131265177467126,0.01859639063032108
23.45,0.0,-0.007131490663303424,0.018585521980258535
23.46,0.0,-0.007131713802041283,0.018574662100795045
23.47,0.0,-0.00713193459777279,0.018563810981848297
23.48,0.0,-0.007132153054582087,0.018552968613352074
23.490000000000002,0.0,-0.0071323691765453785,0.0185421349852562
23.5,0.0,-0.007132582967730957,0.018531310087526533
23.51,0.0,-0.007132794432199224,0.018520493910144892
23.52,0.0,-0.007133003574002707,0.018509686443109085
23.53,0.0,-0.0071332103971860775,0.018498887676432815
23.54,0.0,-0.007133414905786171,0.018488097600145692
23.55,0.0,-0.0071336171038320064,0.018477316204293173
23.56,0.0,-0.007133816995344805,0.018466543478936552
23.57,0.0,-0.0071340145843380096,0.018455779414152905
23.580000000000002,0.0,-0.007134209874817302,0.018445024000035084
23.59,0.0,-0.007134402870780622,0.018434277226691657
23.6,0.0,-0.007134593576218188,0.018423539084246897
23.61,0.0,-0.007134781995112515,0.01841280956284074
23.62,0.0,-0.007134968131438426,0.01840208865262876
23.63,0.0,-0.007135151989163088,0.018391376343782136
23.64,0.0,-0.007135333572246012,0.018380672626487602
23.650000000000002,0.0,-0.007135512884639081,0.018369977490947452
23.66,0.0,-0.0071356899302865645,0.018359290927379483
23.67,0.0,-0.007135864713125145,0.01834861292601696
23.68,0.0,-0.007136037237083921,0.0183379434771086
23.69,0.0,-0.007136207506084442,0.018327282570918535
23.7,0.0,-0.007136375524040715,0.018316630197726284
23.71,0.0,-0.007136541294859227,0.018305986347826698
23.72,0.0,-0.007136704822438965,0.01829535101152998
23.73,0.0,-0.0071368661106714255,0.018284724179161594
23.740000000000002,0.0,-0.00713702516344065,0.01827410584106229
23.75,0.0,-0.007137181984623218,0.018263495987588033
23.76,0.0,-0.00713733657808829,0.018252894609109976
23.77,0.0,-0.007137488947697605,0.018242301696014464
23.78,0.0,-0.007137639097305514,0.01823171723870295
23.79,0.0,-0.007137787030758986,0.01822114122759203
23.8,0.0,-0.007137932751897633,0.01821057365311333
23.81,0.0,-0.007138076264553723,0.018200014505713572
23.82,0.0,-0.007138217572552202,0.018189463775854453
23.830000000000002,0.0,-0.007138356679710707,0.01817892145401267
23.84,0.0,-0.007138493589839588,0.018168387530679887
23.85,0.0,-0.00713862830674192,0.01815786199636267
23.86,0.0,-0.007138760834213523,0.018147344841582504
23.87,0.0,-0.007138891176042984,0.01813683605687572
23.88,0.0,-0.007139019336011664,0.0181263356327935
23.89,0.0,-0.007139145317893728,0.018115843559901815
23.900000000000002,0.0,-0.007139269125456149,0.018105359828781427
23.91,0.0,-0.007139390762458735,0.018094884430027845
23.92,0.0,-0.0071395102326541416,0.01808441735425128
23.93,0.0,-0.007139627539787889,0.018073958592076646
23.94,0.0,-0.00713974268759838,0.018063508134143508
23.95,0.0,-0.007139855679816917,0.01805306597110606
23.96,0.0,-0.007139966520167722,0.0180426320936331
23.97,0.0,-0.0071400752123679445,0.018032206492407995
23.98,0.0,-0.007140181760127685,0.018021789158128642
23.990000000000002,0.0,-0.007140286167150013,0.018011380081507464
24.0,0.0,-0.007140388437130981,0.01800097925327138
24.01,0.0,-0.007140488573759636,0.01799058666416172
24.02,0.0,-0.0071405865807180535,0.01798020230493429
24.03,0.0,-0.007140682461681328,0.01796982616635926
24.04,0.0,-0.007140776220317611,0.01795945823922118
24.05,0.0,-0.007140867860288118,0.017949098514318928
24.060000000000002,0.0,-0.00714095738524715,0.017938746982465715
24.07,0.0,-0.007141044798842098,0.01792840363448902
24.080000000000002,0.0,-0.007141130104713481,0.017918068461230573
24.09,0.0,-0.0071412133064949375,0.01790774145354634
24.1,0.0,-0.00714129440781326,0.01789742260230648
24.11,0.0,-0.007141373412288402,0.017887111898395314
24.12,0.0,-0.007141450323533496,0.017876809332711314
24.13,0.0,-0.00714152514515487,0.017866514896167064
24.14,0.0,-0.007141597880752068,0.01785622857968923
24.150000000000002,0.0,-0.00714166853391786,0.01784595037421853
24.16,0.0,-0.007141737108238254,0.017835680270709725
24.17,0.0,-0.007141803607292526,0.017825418260131565
24.18,0.0,-0.007141868034653223,0.017815164333466783
24.19,0.0,-0.007141930393886182,0.01780491848171204
24.2,0.0,-0.007141990688550548,0.017794680695877942
24.21,0.0,-0.007142048922198793,0.01778445096698896
24.22,0.0,-0.007142105098376722,0.01777422928608345
24.23,0.0,-0.007142159220623495,0.017764015644213586
24.240000000000002,0.0,-0.007142211292471644,0.01775381003244536
24.25,0.0,-0.007142261317447081,0.017743612441858545
24.26,0.0,-0.007142309299069123,0.017733422863546656
24.27,0.0,-0.007142355240850504,0.017723241288616957
24.28,0.0,-0.007142399146297386,0.01771306770819039
24.29,0.0,-0.00714244101890938,0.017702902113401586
24.3,0.0,-0.007142480862179556,0.017692744495398805
24.310000000000002,0.0,-0.007142518679594464,0.017682594845343937
24.32,0.0,-0.007142554474634147,0.01767245315441247
24.330000000000002,0.0,-0.007142588250772155,0.017662319413793436
24.34,0.0,-0.007142620011475558,0.01765219361468942
24.35,0.0,-0.00714264976020497,0.01764207574831652
24.36,0.0,-0.007142677500414554,0.017631965805904315
24.37,0.0,-0.00714270323555204,0.017621863778695835
24.38,0.0,-0.007142726969058744,0.01761176965794756
24.39,0.0,-0.00714274870436958,0.017601683434929353
24.400000000000002,0.0,-0.0071427684449130715,0.017591605100924473
24.41,0.0,-0.007142786194111376,0.017581534647229533
24.42,0.0,-0.007142801955380284,0.017571472065154452
24.43,0.0,-0.007142815732129253,0.01756141734602248
24.44,0.0,-0.0071428275277614075,0.01755137048117011
24.45,0.0,-0.007142837345673559,0.01754133146194711
24.46,0.0,-0.007142845189256219,0.017531300279716448
24.47,0.0,-0.00714285106189362,0.01752127692585431
24.48,0.0,-0.007142854966963722,0.017511261391750032
24.490000000000002,0.0,-0.007142856907838227,0.017501253668806106
24.5,0.0,-0.007142856887882598,0.017491253748438147
24.51,0.0,-0.007142854910456078,0.01748126162207485
24.52,0.0,-0.007142850978911691,0.017471277281157993
24.53,0.0,-0.007142845096596268,0.017461300717142383
24.54,0.0,-0.007142837266850451,0.01745133192149585
24.55,0.0,-0.007142827493008726,0.017441370885699213
24.560000000000002,0.0,-0.007142815778399404,0.017431417601246252
24.57,0.0,-0.007142802126344677,0.017421472059643707
24.580000000000002,0.0,-0.007142786540160597,0.017411534252411206
24.59,0.0,-0.007142769023157113,0.01740160417108129
24.6,0.0,-0.007142749578638066,0.017391681807199345
24.61,0.0,-0.007142728209901222,0.01738176715232361
24.62,0.0,-0.007142704920238276,0.01737186019802514
24.63,0.0,-0.0071426797129348595,0.017361960935887773
24.64,0.0,-0.007142652591270572,0.017352069357508108
24.650000000000002,0.0,-0.007142623558518978,0.017342185454495496
24.66,0.0,-0.00714259261794763,0.017332309218471995
24.67,0.0,-0.007142559772818082,0.01732244064107235
24.68,0.0,-0.007142525026385896,0.017312579713943985
24.69,0.0,-0.007142488381900667,0.01730272642874695
24.7,0.0,-0.007142449842606026,0.01729288077715392
24.71,0.0,-0.007142409411739663,0.01728304275085016
24.72,0.0,-0.007142367092533332,0.017273212341533506
24.73,0.0,-0.007142322888212869,0.017263389540914328
24.740000000000002,0.0,-0.007142276801998207,0.017253574340715522
24.75,0.0,-0.007142228837103385,0.017243766732672482
24.76,0.0,-0.007142178996736567,0.01723396670853306
24.77,0.0,-0.007142127284100053,0.017224174260057564
24.78,0.0,-0.007142073702390288,0.01721438937901872
24.79,0.0,-0.007142018254797883,0.017204612057201658
24.8,0.0,-0.007141960944507621,0.017194842286403868
24.810000000000002,0.0,-0.007141901774698475,0.017185080058435203
24.82,0.0,-0.007141840748543621,0.017175325365117837
24.830000000000002,0.0,-0.007141777869210455,0.01716557819828625
24.84,0.0,-0.007141713139860589,0.01715583854978719
24.85,0.0,-0.007141646563649893,0.017146106411479674
24.86,0.0,-0.007141578143728474,0.01713638177523494
24.87,0.0,-0.007141507883240722,0.017126664632936436
24.88,0.0,-0.0071414357853253,0.017116954976479793
24.89,0.0,-0.007141361853115164,0.0171072527977728
24.900000000000002,0.0,-0.007141286089737583,0.01709755808873539
24.91,0.0,-0.007141208498314139,0.017087870841299604
24.92,0.0,-0.007141129081960746,0.01707819104740957
24.93,0.0,-0.007141047843787673,0.017068518699021495
24.94,0.0,-0.007140964786899539,0.017058853788103616
24.95,0.0,-0.007140879914395333,0.017049196306636195
24.96,0.0,-0.007140793229368433,0.01703954624661149
24.97,0.0,-0.007140704734906612,0.017029903600033744
24.98,0.0,-0.007140614434092048,0.01702026835891913
24.990000000000002,0.0,-0.0071405223300013455,0.017010640515295765
25.0,0.0,-0.007140428425705542,0.017001020061203673
25.01,0.0,-0.007140332724270122,0.01699140698869474
25.02,0.0,-0.007140235228755028,0.016981801289832746
25.03,0.0,-0.007140135942214675,0.016972202956693265
25.04,0.0,-0.007140034867697966,0.016962611981363725
25.05,0.0,-0.007139932008248294,0.016953028355943315
25.060000000000002,0.0,-0.007139827366903569,0.016943452072543008
25.07,0.0,-0.007139720946696216,0.016933883123285528
25.080000000000002,0.0,-0.007139612750653197,0.016924321500305303
25.09,0.0,-0.007139502781796021,0.016914767195748484
25.1,0.0,-0.007139391043140753,0.01690522020177288
25.11,0.0,-0.007139277537698032,0.01689568051054798
25.12,0.0,-0.00713916226847308,0.01688614811425488
25.13,0.0,-0.007139045238465706,0.01687662300508631
25.14,0.0,-0.0071389264506703356,0.016867105175246574
25.150000000000002,0.0,-0.007138805908076014,0.016857594616951563
25.16,0.0,-0.007138683613666412,0.01684809132242869
25.17,0.0,-0.007138559570419845,0.016838595283916905
25.18,0.0,-0.007138433781309287,0.01682910649366666
25.19,0.0,-0.007138306249302375,0.01681962494393988
25.2,0.0,-0.0071381769773614335,0.016810150627009954
25.21,0.0,-0.007138045968443465,0.016800683535161696
25.22,0.0,-0.007137913225500189,0.016791223660691346
25.23,0.0,-0.00713777875147803,0.016781770995906525
25.240000000000002,0.0,-0.007137642549318144,0.01677232553312624
25.25,0.0,-0.007137504621956428,0.01676288726468083
25.26,0.0,-0.00713736497232352,0.016753456182911967
25.27,0.0,-0.007137223603344827,0.016744032280172638
25.28,0.0,-0.007137080517940532,0.016734615548827093
25.29,0.0,-0.0071369357190255965,0.01672520598125087
25.3,0.0,-0.007136789209509781,0.01671580356983072
25.310000000000002,0.0,-0.00713664099229766,0.01670640830696464
25.32,0.0,-0.0071364910702886196,0.016697020185061816
25.330000000000002,0.0,-0.0071363394463768845,0.016687639196542602
25.34,0.0,-0.0071361861234515165,0.01667826533383852
25.35,0.0,-0.007136031104396435,0.016668898589392224
25.36,0.0,-0.007135874392090428,0.01665953895565748
25.37,0.0,-0.007135715989407158,0.01665018642509914
25.38,0.0,-0.007135555899215173,0.016640840990193147
25.39,0.0,-0.007135394124377926,0.016631502643426468
25.400000000000002,0.0,-0.00713523066775378,0.016622171377297122
25.41,0.0,-0.007135065532196019,0.016612847184314133
25.42,0.0,-0.007134898720552865,0.016603530056997502
25.43,0.0,-0.007134730235667482,0.016594219987878214
25.44,0.0,-0.0071345600803779845,0.016584916969498174
25.45,0.0,-0.007134388257517469,0.016575620994410248
25.46,0.0,-0.007134214769913995,0.016566332055178174
25.47,0.0,-0.0071340396203906226,0.0165570501443766
25.48,0.0,-0.007133862811765407,0.01654777525459102
25.490000000000002,0.0,-0.007133684346851417,0.016538507378417784
25.5,0.0,-0.0071335042284567446,0.01652924650846406
25.51,0.0,-0.007133322459384513,0.016519992637347814
25.52,0.0,-0.007133139042432893,0.016510745757697808
25.53,0.0,-0.0071329539803951115,0.016501505862153546
25.54,0.0,-0.007132767276059459,0.016492272943365294
25.55,0.0,-0.0071325789322093025,0.016483046993994027
25.560000000000002,0.0,-0.0071323889516231,0.01647382800671142
25.57,0.0,-0.007132197337074407,0.016464615974199844
25.580000000000002,0.0,-0.007132004091331894,0.01645541088915231
25.59,0.0,-0.007131809217159342,0.01644621274427249
25.6,0.0,-0.0071316127173156685,0.01643702153227466
25.61,0.0,-0.007131414594554937,0.016427837245883717
25.62,0.0,-0.007131214851626357,0.016418659877835112
25.63,0.0,-0.007131013491274303,0.016409489420874886
25.64,0.0,-0.007130810516238323,0.016400325867759597
25.650000000000002,0.0,-0.00713060592925315,0.01639116921125634
25.66,0.0,-0.007130399733048715,0.016382019444142713
25.67,0.0,-0.00713019193035015,0.016372876559206783
25.68,0.0,-0.007129982523877802,0.016363740549247094
25.69,0.0,-0.007129771516347247,0.01635461140707262
25.7,0.0,-0.007129558910469299,0.016345489125502773
25.71,0.0,-0.007129344708950016,0.016336373697367356
25.72,0.0,-0.007129128914490715,0.016327265115506563
25.73,0.0,-0.007128911529787981,0.016318163372770946
25.740000000000002,0.0,-0.007128692557533677,0.01630906846202142
25.75,0.0,-0.007128472000414952,0.016299980376129206
25.76,0.0,-0.007128249861114261,0.016290899107975848
25.77,0.0,-0.0071280261423093605,0.016281824650453164
25.78,0.0,-0.007127800846673327,0.016272756996463245
25.79,0.0,-0.007127573976874574,0.016263696138918447
25.8,0.0,-0.007127345535576842,0.01625464207074133
25.810000000000002,0.0,-0.007127115525439231,0.01624559478486468
25.82,0.0,-0.0071268839491161985,0.016236554274231485
25.830000000000002,0.0,-0.007126650809257572,0.01622752053179488
25.84,0.0,-0.007126416108508555,0.016218493550518177
25.85,0.0,-0.007126179849509745,0.016209473323374815
25.86,0.0,-0.00712594203489714,0.01620045984334835
25.87,0.0,-0.007125702667302145,0.016191453103432427
25.88,0.0,-0.007125461749351587,0.016182453096630797
25.89,0.0,-0.007125219283667722,0.016173459815957233
25.900000000000002,0.0,-0.007124975272868241,0.01616447325443558
25.91,0.0,-0.007124729719566298,0.016155493405099693
25.92,0.0,-0.007124482626370491,0.01614652026099343
25.93,0.0,-0.0071242339958848926,0.016137553815170645
25.94,0.0,-0.007123983830709063,0.016128594060695143
25.95,0.0,-0.007123732133438034,0.016119640990640692
25.96,0.0,-0.00712347890666235,0.016110694598090978
25.97,0.0,-0.007123224152968062,0.016101754876139615
25.98,0.0,-0.007122967874936731,0.01609282181789009
25.990000000000002,0.0,-0.0071227100751454515,0.016083895416455777
26.0,0.0,-0.007122450756166854,0.016074975664959915
26.01,0.0,-0.0071221899205691185,0.016066062556535563
26.02,0.0,-0.0071219275709159735,0.01605715608432561
26.03,0.0,-0.007121663709766725,0.016048256241482744
26.04,0.0,-0.007121398339676241,0.016039363021169442
26.05,0.0,-0.007121131463194986,0.016030476416557946
26.060000000000002,0.0,-0.007120863082869012,0.016021596420830234
26.07,0.0,-0.0071205932012399775,0.016012723027178037
26.080000000000002,0.0,-0.007120321820845156,0.016003856228802776
26.09,0.0,-0.00712004894421744,0.015994996018915575
26.1,0.0,-0.0071197745738853565,0.015986142390737236
26.11,0.0,-0.00711949871237307,0.015977295337498212
26.12,0.0,-0.0071192213622004044,0.015968454852438606
26.13,0.0,-0.007118942525882838,0.01595962092880814
26.14,0.0,-0.007118662205931515,0.01595079355986613
26.150000000000002,0.0,-0.0071183804048532634,0.015941972738881496
26.16,0.0,-0.0071180971251506,0.01593315845913272
26.17,0.0,-0.007117812369321736,0.015924350713907832
26.18,0.0,-0.0071175261398605865,0.01591554949650441
26.19,0.0,-0.00711723843925679,0.01590675480022953
26.2,0.0,-0.007116949269995703,0.015897966618399786
26.21,0.0,-0.007116658634558415,0.015889184944341234
26.22,0.0,-0.007116366535421765,0.015880409771389416
26.23,0.0,-0.007116072975058337,0.015871641092889303
26.240000000000002,0.0,-0.007115777955936477,0.0158628789021953
26.25,0.0,-0.0071154814805203075,0.01585412319267124
26.26,0.0,-0.007115183551269722,0.015845373957690333
26.27,0.0,-0.007114884170640406,0.01583663119063517
26.28,0.0,-0.007114583341083841,0.015827894884897706
26.29,0.0,-0.007114281065047313,0.015819165033879243
26.3,0.0,-0.007113977344973925,0.015810441630990404
26.310000000000002,0.0,-0.007113672183302603,0.01580172466965112
26.32,0.0,-0.007113365582468104,0.01579301414329062
26.330000000000002,0.0,-0.007113057544901031,0.015784310045347406
26.34,0.0,-0.007112748073027831,0.015775612369269245
26.35,0.0,-0.007112437169270812,0.01576692110851313
26.36,0.0,-0.007112124836048151,0.01575823625654529
26.37,0.0,-0.007111811075773901,0.01574955780684116
26.38,0.0,-0.007111495890858,0.015740885752885365
26.39,0.0,-0.007111179283706279,0.015732220088171704
26.400000000000002,0.0,-0.0071108612567204734,0.015723560806203137
26.41,0.0,-0.00711054181229823,0.015714907900491765
26.42,0.0,-0.007110220952833112,0.015706261364558795
26.43,0.0,-0.007109898680714611,0.015697621191934574
26.44,0.0,-0.007109574998328164,0.01568898737615851
26.45,0.0,-0.007109249908055146,0.015680359910779106
26.46,0.0,-0.007108923412272882,0.015671738789353906
26.47,0.0,-0.007108595513354669,0.015663124005449506
26.48,0.0,-0.007108266213669776,0.015654515552641527
26.490000000000002,0.0,-0.007107935515583439,0.015645913424514594
26.5,0.0,-0.007107603421456895,0.015637317614662326
26.51,0.0,-0.007107269933647374,0.01562872811668732
26.52,0.0,-0.007106935054508106,0.015620144924201124
26.53,0.0,-0.007106598786388345,0.01561156803082424
26.54,0.0,-0.007106261131633349,0.01560299743018609
26.55,0.0,-0.007105922092584427,0.015594433115925007
26.560000000000002,0.0,-0.007105581671578912,0.015585875081688223
26.57,0.0,-0.007105239870950189,0.015577323321131844
26.580000000000002,0.0,-0.007104896693027696,0.015568777827920837
26.59,0.0,-0.007104552140136938,0.015560238595729026
26.6,0.0,-0.007104206214599487,0.01555170561823905
26.61,0.0,-0.007103858918732997,0.015543178889142372
26.62,0.0,-0.007103510254851207,0.015534658402139247
26.63,0.0,-0.007103160225263958,0.015526144150938719
26.64,0.0,-0.007102808832277195,0.015517636129258596
26.650000000000002,0.0,-0.007102456078192964,0.015509134330825436
26.66,0.0,-0.0071021019653094465,0.015500638749374534
26.67,0.0,-0.007101746495920943,0.015492149378649891
26.68,0.0,-0.007101389672317893,0.015483666212404235
26.69,0.0,-0.007101031496786886,0.015475189244398965
26.7,0.0,-0.007100671971610654,0.015466718468404155
26.71,0.0,-0.007100311099068099,0.015458253878198535
26.72,0.0,-0.007099948881434286,0.015449795467569475
26.73,0.0,-0.007099585320980461,0.01544134323031297
26.740000000000002,0.0,-0.007099220419974051,0.01543289716023363
26.75,0.0,-0.00709885418067868,0.01542445725114466
26.76,0.0,-0.007098486605354167,0.015416023496867826
26.77,0.0,-0.007098117696256544,0.015407595891233479
26.78,0.0,-0.007097747455638058,0.0153991744280805
26.79,0.0,-0.007097375885747176,0.015390759101256318
26.8,0.0,-0.0070970029888286065,0.015382349904616868
26.810000000000002,0.0,-0.007096628767123289,0.01537394683202659
26.82,0.0,-0.007096253222868413,0.015365549877358409
26.830000000000002,0.0,-0.007095876358297427,0.015357159034493724
26.84,0.0,-0.0070954981756400385,0.01534877429732239
26.85,0.0,-0.007095118677122225,0.015340395659742698
26.86,0.0,-0.007094737864966247,0.015332023115661371
26.87,0.0,-0.007094355741390648,0.015323656658993535
26.88,0.0,-0.007093972308610268,0.015315296283662719
26.89,0.0,-0.007093587568836245,0.015306941983600823
26.900000000000002,0.0,-0.0070932015242760275,0.01529859375274812
26.91,0.0,-0.007092814177133384,0.01529025158505324
26.92,0.0,-0.007092425529608405,0.015281915474473128
26.93,0.0,-0.0070920355838975085,0.01527358541497307
26.94,0.0,-0.007091644342193464,0.015265261400526642
26.95,0.0,-0.007091251806685372,0.01525694342511572
26.96,0.0,-0.007090857979558702,0.015248631482730455
26.97,0.0,-0.00709046286299528,0.015240325567369256
26.98,0.0,-0.007090066459173299,0.015232025673038782
26.990000000000002,0.0,-0.007089668770267335,0.015223731793753918
27.0,0.0,-0.007089269798448341,0.015215443923537771
27.01,0.0,-0.007088869545883668,0.015207162056421652
27.02,0.0,-0.007088468014737063,0.015198886186445052
27.03,0.0,-0.007088065207168686,0.01519061630765564
27.04,0.0,-0.0070876611253350985,0.015182352414109247
27.05,0.0,-0.007087255771389298,0.015174094499869834
27.060000000000002,0.0,-0.007086849147480699,0.015165842559009511
27.07,0.0,-0.007086441255755161,0.015157596585608491
27.080000000000002,0.0,-0.007086032098354983,0.01514935657375509
27.09,0.0,-0.007085621677418913,0.01514112251754571
27.1,0.0,-0.007085209995082154,0.015132894411084816
27.11,0.0,-0.007084797053476388,0.015124672248484954
27.12,0.0,-0.007084382854729753,0.015116456023866687
27.13,0.0,-0.007083967400966879,0.015108245731358622
27.14,0.0,-0.007083550694308872,0.01510004136509737
27.150000000000002,0.0,-0.007083132736873342,0.01509184291922756
27.16,0.0,-0.007082713530774395,0.01508365038790179
27.17,0.0,-0.007082293078122641,0.015075463765280628
27.18,0.0,-0.007081871381025217,0.015067283045532618
27.19,0.0,-0.007081448441585771,0.01505910822283423
27.2,0.0,-0.007081024261904488,0.015050939291369875
27.21,0.0,-0.007080598844078084,0.015042776245331875
27.22,0.0,-0.007080172190199823,0.015034619078920453
27.23,0.0,-0.007079744302359515,0.01502646778634371
27.240000000000002,0.0,-0.007079315182643537,0.015018322361817644
27.25,0.0,-0.0070788848331348195,0.015010182799566098
27.26,0.0,-0.007078453255912868,0.015002049093820753
27.27,0.0,-0.007078020453053773,0.01499392123882114
27.28,0.0,-0.007077586426630202,0.014985799228814592
27.29,0.0,-0.007077151178711419,0.014977683058056262
27.3,0.0,-0.007076714711363288,0.014969572720809074
27.310000000000002,0.0,-0.007076277026648275,0.014961468211343743
27.32,0.0,-0.007075838126625464,0.014953369523938746
27.330000000000002,0.0,-0.007075398013350559,0.014945276652880304
27.34,0.0,-0.007074956688875886,0.01493718959246238
27.35,0.0,-0.007074514155250407,0.014929108336986649
27.36,0.0,-0.007074070414519727,0.014921032880762505
27.37,0.0,-0.007073625468726094,0.01491296321810703
27.38,0.0,-0.007073179319908414,0.014904899343344994
27.39,0.0,-0.00707273197010225,0.01489684125080882
27.400000000000002,0.0,-0.0070722834213398315,0.014888788934838602
27.41,0.0,-0.007071833675650073,0.014880742389782075
27.42,0.0,-0.0070713827350585515,0.014872701609994585
27.43,0.0,-0.007070930601587549,0.014864666589839108
27.44,0.0,-0.007070477277256031,0.014856637323686207
27.45,0.0,-0.007070022764079667,0.014848613805914044
27.46,0.0,-0.007069567064070836,0.014840596030908352
27.47,0.0,-0.007069110179238627,0.01483258399306242
27.48,0.0,-0.007068652111588853,0.014824577686777089
27.490000000000002,0.0,-0.007068192863124054,0.014816577106460728
27.5,0.0,-0.007067732435843501,0.014808582246529239
27.51,0.0,-0.007067270831743208,0.014800593101406016
27.52,0.0,-0.007066808052815937,0.014792609665521966
27.53,0.0,-0.007066344101051202,0.014784631933315454
27.54,0.0,-0.007065878978435273,0.014776659899232339
27.55,0.0,-0.007065412686951196,0.014768693557725913
27.560000000000002,0.0,-0.007064945228578779,0.014760732903256924
27.57,0.0,-0.007064476605294617,0.014752777930293549
27.580000000000002,0.0,-0.00706400681907209,0.01474482863331137
27.59,0.0,-0.007063535871881365,0.01473688500679339
27.6,0.0,-0.007063063765689414,0.014728947045229979
27.61,0.0,-0.007062590502460012,0.01472101474311891
27.62,0.0,-0.007062116084153742,0.0147130880949653
27.63,0.0,-0.0070616405127280095,0.014705167095281633
27.64,0.0,-0.0070611637901370405,0.014697251738587715
27.650000000000002,0.0,-0.0070606859183318955,0.014689342019410698
27.66,0.0,-0.007060206899260469,0.014681437932285036
27.67,0.0,-0.007059726734867497,0.014673539471752478
27.68,0.0,-0.007059245427094571,0.014665646632362079
27.69,0.0,-0.007058762977880131,0.014657759408670146
27.7,0.0,-0.00705827938915948,0.014649877795240268
27.71,0.0,-0.007057794662864793,0.014642001786643275
27.72,0.0,-0.007057308800925119,0.014634131377457239
27.73,0.0,-0.0070568218052663835,0.014626266562267448
27.740000000000002,0.0,-0.007056333677811403,0.014618407335666413
27.75,0.0,-0.007055844420479884,0.014610553692253838
27.76,0.0,-0.00705535403518843,0.014602705626636611
27.77,0.0,-0.007054862523850559,0.01459486313342881
27.78,0.0,-0.0070543698883766895,0.014587026207251655
27.79,0.0,-0.007053876130674164,0.014579194842733529
27.8,0.0,-0.007053381252647248,0.014571369034509948
27.810000000000002,0.0,-0.00705288525619713,0.014563548777223554
27.82,0.0,-0.007052388143221945,0.014555734065524102
27.830000000000002,0.0,-0.0070518899156167625,0.014547924894068445
27.84,0.0,-0.007051390575273601,0.014540121257520532
27.85,0.0,-0.007050890124081433,0.014532323150551373
27.86,0.0,-0.007050388563926194,0.01452453056783906
27.87,0.0,-0.007049885896690781,0.01451674350406872
27.88,0.0,-0.007049382124255064,0.014508961953932527
27.89,0.0,-0.007048877248495892,0.01450118591212968
27.900000000000002,0.0,-0.007048371271287094,0.014493415373366394
27.91,0.0,-0.007047864194499496,0.01448565033235589
27.92,0.0,-0.007047356020000915,0.014477890783818373
27.93,0.0,-0.007046846749656169,0.014470136722481031
27.94,0.0,-0.007046336385327084,0.014462388143078014
27.95,0.0,-0.0070458249288725,0.014454645040350435
27.96,0.0,-0.007045312382148274,0.014446907409046337
27.97,0.0,-0.007044798747007292,0.01443917524392071
27.98,0.0,-0.007044284025299469,0.014431448539735445
27.990000000000002,0.0,-0.007043768218871756,0.014423727291259352
28.0,0.0,-0.007043251329568146,0.014416011493268134
28.01,0.0,-0.007042733359229681,0.01440830114054437
28.02,0.0,-0.00704221430969446,0.014400596227877522
28.03,0.0,-0.007041694182797636,0.014392896750063895
28.04,0.0,-0.007041172980371434,0.014385202701906663
28.05,0.0,-0.007040650704245145,0.01437751407821581
28.060000000000002,0.0,-0.007040127356245138,0.014369830873808167
28.07,0.0,-0.007039602938194868,0.014362153083507365
28.080000000000002,0.0,-0.0070390774519148765,0.014354480702143839
28.09,0.0,-0.007038550899222797,0.014346813724554817
28.1,0.0,-0.007038023281933369,0.01433915214558429
28.11,0.0,-0.0070374946018584295,0.014331495960083032
28.12,0.0,-0.007036964860806932,0.014323845162908562
28.13,0.0,-0.007036434060584948,0.014316199748925144
28.14,0.0,-0.007035902202995666,0.014308559713003767
28.150000000000002,0.0,-0.007035369289839406,0.014300925050022149
28.16,0.0,-0.007034835322913618,0.014293295754864708
28.17,0.0,-0.007034300304012899,0.014285671822422569
28.18,0.0,-0.007033764234928983,0.014278053247593528
28.19,0.0,-0.00703322711745076,0.014270440025282062
28.2,0.0,-0.007032688953364267,0.014262832150399312
28.21,0.0,-0.007032149744452714,0.014255229617863062
28.22,0.0,-0.007031609492496469,0.014247632422597748
28.23,0.0,-0.007031068199273077,0.014240040559534423
28.240000000000002,0.0,-0.0070305258665572575,0.014232454023610756
28.25,0.0,-0.0070299824961209175,0.014224872809771038
28.26,0.0,-0.007029438089733148,0.01421729691296613
28.27,0.0,-0.007028892649160238,0.0142097263281535
28.28,0.0,-0.0070283461761656745,0.014202161050297165
28.29,0.0,-0.007027798672510147,0.014194601074367718
28.3,0.0,-0.007027250139951564,0.014187046395342297
28.310000000000002,0.0,-0.007026700580245036,0.014179497008204575
28.32,0.0,-0.007026149995142911,0.014171952907944763
28.330000000000002,0.0,-0.0070255983863947505,0.014164414089559573
28.34,0.0,-0.0070250457557473524,0.014156880548052234
28.35,0.0,-0.0070244921049447545,0.014149352278432462
28.36,0.0,-0.007023937435728233,0.014141829275716458
28.37,0.0,-0.007023381749836314,0.014134311534926893
28.38,0.0,-0.007022825049004779,0.014126799051092907
28.39,0.0,-0.007022267334966665,0.014119291819250077
28.400000000000002,0.0,-0.007021708609452272,0.014111789834440423
28.41,0.0,-0.007021148874189172,0.014104293091712404
28.42,0.0,-0.00702058813090221,0.014096801586120885
28.43,0.0,-0.00702002638131351,0.014089315312727137
28.44,0.0,-0.007019463627142483,0.01408183426659883
28.45,0.0,-0.007018899870105824,0.014074358442810022
28.46,0.0,-0.007018335111917532,0.01406688783644113
28.47,0.0,-0.007017769354288901,0.014059422442578958
28.48,0.0,-0.00701720259892853,0.01405196225631664
28.490000000000002,0.0,-0.007016634847542333,0.014044507272753658
28.5,0.0,-0.0070160661018335325,0.014037057486995835
28.51,0.0,-0.007015496363502681,0.0140296128941553
28.52,0.0,-0.00701492563424765,0.014022173489350502
28.53,0.0,-0.007014353915763647,0.014014739267706177
28.54,0.0,-0.007013781209743213,0.01400731022435336
28.55,0.0,-0.007013207517876233,0.01399988635442936
28.560000000000002,0.0,-0.007012632841849932,0.01399246765307775
28.57,0.0,-0.007012057183348898,0.013985054115448363
28.580000000000002,0.0,-0.007011480544055066,0.013977645736697275
28.59,0.0,-0.007010902925647735,0.0139702425119868
28.6,0.0,-0.007010324329803573,0.013962844436485473
28.61,0.0,-0.00700974475819662,0.013955451505368048
28.62,0.0,-0.007009164212498288,0.013948063713815477
28.63,0.0,-0.007008582694377376,0.01394068105701491
28.64,0.0,-0.007008000205500067,0.013933303530159678
28.650000000000002,0.0,-0.007007416747529938,0.013925931128449281
28.66,0.0,-0.00700683232212796,0.013918563847089397
28.67,0.0,-0.007006246930952505,0.013911201681291833
28.68,0.0,-0.0070056605756593565,0.01390384462627455
28.69,0.0,-0.007005073257901707,0.013896492677261639
28.7,0.0,-0.007004484979330159,0.013889145829483316
28.71,0.0,-0.0070038957415927494,0.013881804078175892
28.72,0.0,-0.007003305546334932,0.013874467418581801
28.73,0.0,-0.00700271439519959,0.013867135845949542
28.740000000000002,0.0,-0.007002122289827052,0.013859809355533718
28.75,0.0,-0.007001529231855077,0.013852487942594988
28.76,0.0,-0.007000935222918876,0.013845171602400072
28.77,0.0,-0.007000340264651109,0.013837860330221741
28.78,0.0,-0.006999744358681893,0.013830554121338802
28.79,0.0,-0.0069991475066388,0.0138232529710361
28.8,0.0,-0.006998549710146874,0.013815956874604487
28.810000000000002,0.0,-0.006997950970828622,0.013808665827340834
28.82,0.0,-0.006997351290304031,0.013801379824548009
28.830000000000002,0.0,-0.006996750670190563,0.01379409886153486
28.84,0.0,-0.006996149112103167,0.013786822933616228
28.85,0.0,-0.006995546617654279,0.013779552036112912
28.86,0.0,-0.006994943188453829,0.013772286164351673
28.87,0.0,-0.006994338826109246,0.013765025313665222
28.88,0.0,-0.006993733532225461,0.013757769479392216
28.89,0.0,-0.006993127308404911,0.013750518656877224
28.900000000000002,0.0,-0.0069925201562475526,0.013743272841470752
28.91,0.0,-0.006991912077350847,0.013736032028529205
28.92,0.0,-0.006991303073309789,0.013728796213414891
28.93,0.0,-0.0069906931457168935,0.01372156539149601
28.94,0.0,-0.006990082296162209,0.013714339558146634
28.95,0.0,-0.006989470526233316,0.013707118708746718
28.96,0.0,-0.006988857837515338,0.013699902838682063
28.97,0.0,-0.0069882442315909446,0.013692691943344335
28.98,0.0,-0.00698762971004035,0.01368548601813103
28.990000000000002,0.0,-0.0069870142744413305,0.013678285058445478
29.0,0.0,-0.0069863979263692115,0.013671089059696837
29.01,0.0,-0.006985780667396888,0.013663898017300065
29.02,0.0,-0.0069851624990948215,0.013656711926675938
29.03,0.0,-0.0069845434230310435,0.01364953078325101
29.04,0.0,-0.0069839234407711665,0.013642354582457626
29.05,0.0,-0.006983302553878379,0.013635183319733898
29.060000000000002,0.0,-0.0069826807639134635,0.013628016990523713
29.07,0.0,-0.006982058072434779,0.013620855590276702
29.080000000000002,0.0,-0.0069814344809982975,0.013613699114448248
29.09,0.0,-0.006980809991157574,0.013606547558499462
29.1,0.0,-0.00698018460446378,0.013599400917897186
29.11,0.0,-0.006979558322465684,0.013592259188113978
29.12,0.0,-0.006978931146709674,0.013585122364628102
29.13,0.0,-0.006978303078739759,0.013577990442923522
29.14,0.0,-0.00697767412009756,0.013570863418489886
29.150000000000002,0.0,-0.0069770442723223304,0.013563741286822518
29.16,0.0,-0.006976413536950952,0.013556624043422422
29.17,0.0,-0.006975781915517942,0.013549511683796254
29.18,0.0,-0.006975149409555456,0.013542404203456324
29.19,0.0,-0.006974516020593299,0.013535301597920579
29.2,0.0,-0.006973881750158912,0.013528203862712602
29.21,0.0,-0.0069732465997774,0.013521110993361592
29.22,0.0,-0.006972610570971518,0.013514022985402377
29.23,0.0,-0.006971973665261688,0.013506939834375372
29.240000000000002,0.0,-0.00697133588416599,0.013499861535826595
29.25,0.0,-0.00697069722920018,0.013492788085307654
29.26,0.0,-0.0069700577018776836,0.013485719478375716
29.27,0.0,-0.006969417303709609,0.013478655710593541
29.28,0.0,-0.006968776036204742,0.013471596777529427
29.29,0.0,-0.006968133900869562,0.013464542674757232
29.3,0.0,-0.006967490899208234,0.013457493397856348
29.310000000000002,0.0,-0.006966847032722618,0.013450448942411696
29.32,0.0,-0.006966202302912279,0.013443409304013733
29.330000000000002,0.0,-0.006965556711274483,0.01343637447825841
29.34,0.0,-0.006964910259304204,0.013429344460747193
29.35,0.0,-0.006964262948494127,0.013422319247087039
29.36,0.0,-0.006963614780334658,0.013415298832890395
29.37,0.0,-0.006962965756313918,0.013408283213775178
29.38,0.0,-0.0069623158779177595,0.01340127238536478
29.39,0.0,-0.006961665146629759,0.013394266343288044
29.400000000000002,0.0,-0.006961013563931228,0.013387265083179268
29.41,0.0,-0.006960361131301219,0.01338026860067819
29.42,0.0,-0.006959707850216518,0.013373276891429982
29.43,0.0,-0.006959053722151669,0.013366289951085237
29.44,0.0,-0.006958398748578953,0.013359307775299954
29.45,0.0,-0.0069577429309684155,0.013352330359735556
29.46,0.0,-0.0069570862707878526,0.013345357700058845
29.47,0.0,-0.006956428769502828,0.013338389791942023
29.48,0.0,-0.006955770428576672,0.013331426631062664
29.490000000000002,0.0,-0.006955111249470482,0.013324468213103709
29.5,0.0,-0.006954451233643129,0.013317514533753478
29.51,0.0,-0.006953790382551271,0.013310565588705617
29.52,0.0,-0.006953128697649338,0.013303621373659143
29.53,0.0,-0.006952466180389552,0.013296681884318384
29.54,0.0,-0.006951802832221932,0.013289747116393016
29.55,0.0,-0.0069511386545942815,0.013282817065598014
29.560000000000002,0.0,-0.006950473648952207,0.013275891727653678
29.57,0.0,-0.006949807816739118,0.0132689710982856
29.580000000000002,0.0,-0.006949141159396233,0.013262055173224666
29.59,0.0,-0.00694847367836258,0.013255143948207046
29.6,0.0,-0.006947805375075001,0.01324823741897418
29.61,0.0,-0.006947136250968156,0.013241335581272785
29.62,0.0,-0.006946466307474535,0.013234438430854823
29.63,0.0,-0.006945795546024441,0.013227545963477515
29.64,0.0,-0.0069451239680460245,0.013220658174903316
29.650000000000002,0.0,-0.006944451574965261,0.013213775060899918
29.66,0.0,-0.00694377836820596,0.013206896617240232
29.67,0.0,-0.006943104349189788,0.01320002283970239
29.68,0.0,-0.006942429519336247,0.013193153724069729
29.69,0.0,-0.00694175388006269,0.013186289266130776
29.7,0.0,-0.006941077432784332,0.01317942946167926
29.71,0.0,-0.006940400178914238,0.013172574306514083
29.72,0.0,-0.006939722119863339,0.013165723796439325
29.73,0.0,-0.006939043257040429,0.013158877927264225
29.740000000000002,0.0,-0.006938363591852179,0.013152036694803186
29.75,0.0,-0.006937683125703127,0.01314520009487576
29.76,0.0,-0.006937001859995688,0.013138368123306618
29.77,0.0,-0.006936319796130165,0.013131540775925597
29.78,0.0,-0.00693563693550474,0.013124718048567624
29.79,0.0,-0.006934953279515487,0.013117899937072762
29.8,0.0,-0.006934268829556372,0.013111086437286172
29.810000000000002,0.0,-0.006933583587019259,0.013104277545058114
29.82,0.0,-0.006932897553293911,0.013097473256243941
29.830000000000002,0.0,-0.006932210729767996,0.013090673566704087
29.84,0.0,-0.006931523117827089,0.013083878472304055
29.85,0.0,-0.006930834718854679,0.01307708796891442
29.86,0.0,-0.0069301455342321685,0.013070302052410814
29.87,0.0,-0.006929455565338879,0.013063520718673909
29.88,0.0,-0.0069287648135520595,0.013056743963589433
29.89,0.0,-0.00692807328024688,0.013049971783048134
29.900000000000002,0.0,-0.006927380966796446,0.013043204172945787
29.91,0.0,-0.0069266878745717925,0.013036441129183196
29.92,0.0,-0.006925994004941895,0.013029682647666158
29.93,0.0,-0.006925299359273672,0.01302292872430548
29.94,0.0,-0.0069246039389319865,0.013016179355016958
29.95,0.0,-0.00692390774527965,0.013009434535721374
29.96,0.0,-0.006923210779677424,0.013002694262344485
29.97,0.0,-0.006922513043484033,0.01299595853081702
29.98,0.0,-0.006921814538056156,0.012989227337074666
29.990000000000002,0.0,-0.006921115264748439,0.012982500677058065
30.0,0.0,-0.006920415224913495,0.012975778546712804
30.01,0.0,-0.0069197144199019045,0.012969060941989397
30.02,0.0,-0.006919012851062226,0.012962347858843306
30.03,0.0,-0.006918310519740996,0.012955639293234898
30.04,0.0,-0.006917607427282733,0.012948935241129462
30.05,0.0,-0.006916903575029941,0.012942235698497184
30.060000000000002,0.0,-0.00691619896432311,0.012935540661313156
30.07,0.0,-0.006915493596500727,0.01292885012555736
30.080000000000002,0.0,-0.006914787472899275,0.012922164087214652
30.09,0.0,-0.006914080594853234,0.012915482542274766
30.1,0.0,-0.006913372963695088,0.012908805486732306
30.11,0.0,-0.006912664580755329,0.012902132916586732
30.12,0.0,-0.0069119554473624605,0.012895464827842347
30.13,0.0,-0.006911245564843,0.012888801216508317
30.14,0.0,-0.006910534934521478,0.012882142078598622
30.150000000000002,0.0,-0.0069098235577204495,0.012875487410132076
30.16,0.0,-0.006909111435760499,0.012868837207132324
30.17,0.0,-0.0069083985699602305,0.012862191465627807
30.18,0.0,-0.006907684961636284,0.012855550181651786
30.19,0.0,-0.006906970612103336,0.012848913351242303
30.2,0.0,-0.006906255522674097,0.012842280970442203
30.21,0.0,-0.0069055396946593245,0.012835653035299103
30.22,0.0,-0.006904823129367819,0.012829029541865407
30.23,0.0,-0.0069041058281064304,0.012822410486198267
30.240000000000002,0.0,-0.006903387792180061,0.012815795864359608
30.25,0.0,-0.006902669022891669,0.012809185672416103
30.26,0.0,-0.006901949521542275,0.012802579906439168
30.27,0.0,-0.006901229289430957,0.012795978562504957
30.28,0.0,-0.006900508327854862,0.012789381636694347
30.29,0.0,-0.006899786638109209,0.012782789125092947
30.3,0.0,-0.006899064221487284,0.012776201023791069
30.310000000000002,0.0,-0.006898341079280455,0.012769617328883733
30.32,0.0,-0.006897617212778172,0.012763038036470668
30.330000000000002,0.0,-0.006896892623267957,0.012756463142656283
30.34,0.0,-0.006896167312035432,0.012749892643549678
30.35,0.0,-0.0068954412803643,0.01274332653526462
30.36,0.0,-0.006894714529536362,0.012736764813919565
30.37,0.0,-0.006893987060831514,0.012730207475637603
30.38,0.0,-0.006893258875527751,0.012723654516546503
30.39,0.0,-0.0068925299749011725,0.01271710593277867
30.400000000000002,0.0,-0.0068918003602259905,0.01271056172047115
30.41,0.0,-0.006891070032774514,0.01270402187576562
30.42,0.0,-0.006890338993817176,0.012697486394808385
30.43,0.0,-0.006889607244622524,0.012690955273750368
30.44,0.0,-0.006888874786457227,0.012684428508747103
30.45,0.0,-0.006888141620586071,0.012677906095958721
30.46,0.0,-0.006887407748271975,0.012671388031549954
30.47,0.0,-0.006886673170775985,0.012664874311690125
30.48,0.0,-0.006885937889357283,0.012658364932553134
30.490000000000002,0.0,-0.0068852019052731825,0.012651859890317458
30.5,0.0,-0.006884465219779141,0.012645359181166143
30.51,0.0,-0.006883727834128758,0.012638862801286788
30.52,0.0,-0.0068829897495737815,0.012632370746871553
30.53,0.0,-0.006882250967364101,0.012625883014117135
30.54,0.0,-0.006881511488747768,0.01261939959922478
30.55,0.0,-0.006880771314970983,0.012612920498400255
30.560000000000002,0.0,-0.006880030447278115,0.012606445707853858
30.57,0.0,-0.006879288886911684,0.012599975223800401
30.580000000000002,0.0,-0.006878546635112381,0.012593509042459209
30.59,0.0,-0.006877803693119067,0.012587047160054106
30.6,0.0,-0.006877060062168775,0.012580589572813413
30.61,0.0,-0.00687631574349671,0.012574136276969945
30.62,0.0,-0.006875570738336257,0.012567687268760985
30.63,0.0,-0.0068748250479189815,0.01256124254442831
30.64,0.0,-0.006874078673474639,0.012554802100218152
30.650000000000002,0.0,-0.006873331616231166,0.012548365932381202
30.66,0.0,-0.006872583877414692,0.012541934037172619
30.67,0.0,-0.006871835458249542,0.01253550641085199
30.68,0.0,-0.00687108635995824,0.012529083049683355
30.69,0.0,-0.006870336583761503,0.012522663949935184
30.7,0.0,-0.0068695861308782635,0.012516249107880373
30.71,0.0,-0.00686883500252565,0.01250983851979623
30.72,0.0,-0.006868083199919002,0.012503432181964492
30.73,0.0,-0.006867330724271882,0.01249703009067128
30.740000000000002,0.0,-0.006866577576796052,0.012490632242207129
30.75,0.0,-0.00686582375870151,0.012484238632866964
30.76,0.0,-0.006865069271196463,0.012477849258950083
30.77,0.0,-0.006864314115487352,0.012471464116760176
30.78,0.0,-0.006863558292778837,0.012465083202605295
30.79,0.0,-0.006862801804273822,0.012458706512797867
30.8,0.0,-0.006862044651173435,0.01245233404365466
30.810000000000002,0.0,-0.0068612868346770465,0.012445965791496804
30.82,0.0,-0.006860528355982263,0.01243960175264977
30.830000000000002,0.0,-0.006859769216284941,0.012433241923443372
30.84,0.0,-0.00685900941677918,0.012426886300211742
30.85,0.0,-0.006858248958657325,0.012420534879293345
30.86,0.0,-0.006857487843109985,0.012414187657030961
30.87,0.0,-0.006856726071326012,0.012407844629771679
30.88,0.0,-0.006855963644492525,0.012401505793866893
30.89,0.0,-0.0068552005637948984,0.01239517114567229
30.900000000000002,0.0,-0.006854436830416778,0.012388840681547853
30.91,0.0,-0.006853672445540072,0.012382514397857846
30.92,0.0,-0.006852907410344964,0.012376192290970808
30.93,0.0,-0.006852141726009906,0.012369874357259551
30.94,0.0,-0.006851375393711628,0.012363560593101149
30.95,0.0,-0.0068506084146251435,0.012357250994876934
30.96,0.0,-0.00684984078992374,0.012350945558972483
30.970000000000002,0.0,-0.006849072520779004,0.012344644281777627
30.98,0.0,-0.006848303608360793,0.01233834715968643
30.990000000000002,0.0,-0.006847534053837272,0.012332054189097183
31.0,0.0,-0.006846763858374887,0.0123257653664124
31.01,0.0,-0.006845993023138395,0.012319480688038821
31.02,0.0,-0.006845221549290837,0.012313200150387395
31.03,0.0,-0.006844449437993569,0.012306923749873267
31.04,0.0,-0.00684367669040625,0.012300651482915792
31.05,0.0,-0.006842903307686846,0.012294383345938504
31.060000000000002,0.0,-0.006842129290991634,0.012288119335369135
31.07,0.0,-0.006841354641475208,0.012281859447639588
31.080000000000002,0.0,-0.006840579360290477,0.012275603679185938
31.09,0.0,-0.006839803448588677,0.012269352026448433
31.1,0.0,-0.006839026907519356,0.012263104485871472
31.11,0.0,-0.006838249738230398,0.012256861053903612
31.12,0.0,-0.0068374719418680075,0.012250621726997549
31.13,0.0,-0.006836693519576728,0.01224438650161013
31.14,0.0,-0.006835914472499435,0.012238155374202333
31.150000000000002,0.0,-0.006835134801777338,0.012231928341239257
31.16,0.0,-0.006834354508549992,0.01222570539919013
31.17,0.0,-0.00683357359395529,0.012219486544528287
31.18,0.0,-0.006832792059129481,0.012213271773731185
31.19,0.0,-0.006832009905207145,0.012207061083280365
31.2,0.0,-0.006831227133321231,0.012200854469661477
31.21,0.0,-0.0068304437446030306,0.012194651929364255
31.220000000000002,0.0,-0.006829659740182202,0.012188453458882519
31.23,0.0,-0.006828875121186753,0.012182259054714165
31.240000000000002,0.0,-0.0068280898887430625,0.01217606871336116
31.25,0.0,-0.006827304043975871,0.012169882431329536
31.26,0.0,-0.006826517588008284,0.012163700205129378
31.27,0.0,-0.006825730521961788,0.012157522031274837
31.28,0.0,-0.006824942846956234,0.012151347906284093
31.29,0.0,-0.006824154564109851,0.012145177826679374
31.3,0.0,-0.00682336567453925,0.012139011788986943
31.310000000000002,0.0,-0.006822576179359423,0.012132849789737088
31.32,0.0,-0.006821786079683745,0.01212669182546412
31.330000000000002,0.0,-0.006820995376623978,0.012120537892706357
31.34,0.0,-0.006820204071290283,0.012114387988006145
31.35,0.0,-0.0068194121647911984,0.012108242107909806
31.36,0.0,-0.006818619658233672,0.012102100248967683
31.37,0.0,-0.0068178265527230435,0.012095962407734091
31.38,0.0,-0.006817032849363052,0.012089828580767348
31.39,0.0,-0.006816238549255845,0.012083698764629733
31.400000000000002,0.0,-0.006815443653501972,0.012077572955887508
31.41,0.0,-0.006814648163200399,0.0120714511511109
31.42,0.0,-0.0068138520794484925,0.01206533334687409
31.43,0.0,-0.0068130554033420405,0.012059219539755217
31.44,0.0,-0.006812258135975249,0.012053109726336374
31.45,0.0,-0.006811460278440743,0.012047003903203589
31.46,0.0,-0.0068106618318295635,0.012040902066946824
31.470000000000002,0.0,-0.006809862797231185,0.012034804214159976
31.48,0.0,-0.0068090631757335065,0.012028710341440872
31.490000000000002,0.0,-0.006808262968422856,0.012022620445391244
31.5,0.0,-0.006807462176383996,0.012016534522616749
31.51,0.0,-0.006806660800700125,0.012010452569726937
31.52,0.0,-0.006805858842452877,0.012004374583335276
31.53,0.0,-0.006805056302722331,0.011998300560059107
31.54,0.0,-0.006804253182587005,0.011992230496519677
31.55,0.0,-0.006803449483123867,0.011986164389342113
31.560000000000002,0.0,-0.006802645205408331,0.011980102235155407
31.57,0.0,-0.006801840350514264,0.011974044030592436
31.580000000000002,0.0,-0.006801034919513984,0.011967989772289937
31.59,0.0,-0.00680022891347827,0.011961939456888504
31.6,0.0,-0.0067994223334763544,0.011955893081032586
31.61,0.0,-0.006798615180575938,0.01194985064137048
31.62,0.0,-0.006797807455843178,0.011943812134554322
31.63,0.0,-0.006796999160342703,0.011937777557240093
31.64,0.0,-0.006796190295137612,0.011931746906087589
31.650000000000002,0.0,-0.006795380861289474,0.011925720177760443
31.66,0.0,-0.0067945708598583275,0.011919697368926103
31.67,0.0,-0.006793760291902701,0.011913678476255825
31.68,0.0,-0.006792949158479585,0.011907663496424681
31.69,0.0,-0.006792137460644466,0.011901652426111537
31.7,0.0,-0.006791325199451309,0.011895645261999056
31.71,0.0,-0.006790512375952568,0.011889642000773692
31.720000000000002,0.0,-0.006789698991199184,0.011883642639125681
31.73,0.0,-0.006788885046240593,0.011877647173749043
31.740000000000002,0.0,-0.006788070542124721,0.011871655601341563
31.75,0.0,-0.006787255479897999,0.011865667918604801
31.76,0.0,-0.006786439860605349,0.01185968412224407
31.77,0.0,-0.006785623685290201,0.011853704208968446
31.78,0.0,-0.0067848069549944845,0.011847728175490747
31.79,0.0,-0.006783989670758639,0.011841756018527544
31.8,0.0,-0.006783171833621616,0.011835787734799142
31.810000000000002,0.0,-0.006782353444620875,0.011829823321029578
31.82,0.0,-0.00678153450479239,0.011823862773946626
31.830000000000002,0.0,-0.006780715015170654,0.011817906090281766
31.84,0.0,-0.0067798949767886784,0.011811953266770208
31.85,0.0,-0.006779074390677994,0.011806004300150864
31.86,0.0,-0.0067782532578686576,0.011800059187166357
31.87,0.0,-0.0067774315793892575,0.011794117924563008
31.88,0.0,-0.0067766093562669,0.01178818050909083
31.89,0.0,-0.006775786589527236,0.011782246937503526
31.900000000000002,0.0,-0.006774963280194438,0.011776317206558482
31.91,0.0,-0.006774139429291225,0.011770391313016765
31.92,0.0,-0.006773315037838847,0.011764469253643103
31.93,0.0,-0.006772490106857101,0.01175855102520591
31.94,0.0,-0.006771664637364322,0.011752636624477238
31.95,0.0,-0.006770838630377397,0.01174672604823281
31.96,0.0,-0.006770012086911757,0.011740819293251997
31.970000000000002,0.0,-0.006769185007981386,0.011734916356317805
31.98,0.0,-0.006768357394598818,0.011729017234216897
31.990000000000002,0.0,-0.006767529247775147,0.011723121923739553
32.0,0.0,-0.00676670056852002,0.011717230421679688
32.01,0.0,-0.006765871357841649,0.011711342724834841
32.02,0.0,-0.006765041616746805,0.011705458830006161
32.03,0.0,-0.006764211346240828,0.011699578733998427
32.04,0.0,-0.006763380547327618,0.011693702433620005
32.05,0.0,-0.006762549221009653,0.011687829925682871
32.06,0.0,-0.00676171736828798,0.011681961207002592
32.07,0.0,-0.006760884990162215,0.011676096274398338
32.08,0.0,-0.0067600520876305616,0.011670235124692853
32.09,0.0,-0.0067592186616897915,0.011664377754712458
32.1,0.0,-0.0067583847133352625,0.011658524161287064
32.11,0.0,-0.006757550243560921,0.011652674341250138
32.12,0.0,-0.006756715253359289,0.011646828291438713
32.13,0.0,-0.006755879743721481,0.011640986008693382
32.14,0.0,-0.00675504371563721,0.011635147489858295
32.15,0.0,-0.0067542071700947715,0.011629312731781147
32.160000000000004,0.0,-0.006753370108081058,0.011623481731313171
32.17,0.0,-0.006752532530581563,0.01161765448530915
32.18,0.0,-0.006751694438580382,0.011611830990627391
32.19,0.0,-0.006750855833060201,0.011606011244129725
32.2,0.0,-0.006750016715002323,0.011600195242681504
32.21,0.0,-0.006749177085386652,0.01159438298315161
32.22,0.0,-0.006748336945191702,0.01158857446241243
32.230000000000004,0.0,-0.006747496295394595,0.011582769677339842
32.24,0.0,-0.0067466551369710715,0.011576968624813251
32.25,0.0,-0.006745813470895484,0.011571171301715543
32.26,0.0,-0.006744971298140804,0.011565377704933093
32.27,0.0,-0.006744128619678625,0.011559587831355763
32.28,0.0,-0.006743285436479158,0.011553801677876906
32.29,0.0,-0.0067424417495112465,0.011548019241393339
32.3,0.0,-0.006741597559742352,0.01154224051880535
32.31,0.0,-0.006740752868138569,0.01153646550701669
32.32,0.0,-0.006739907675664626,0.011530694202934582
32.33,0.0,-0.0067390619832838825,0.011524926603469696
32.34,0.0,-0.006738215791958329,0.01151916270553614
32.35,0.0,-0.006737369102648606,0.011513402506051488
32.36,0.0,-0.0067365219163139835,0.011507646001936744
32.37,0.0,-0.006735674233912376,0.01150189319011634
32.38,0.0,-0.0067348260564003455,0.011496144067518147
32.39,0.0,-0.006733977384733098,0.011490398631073455
32.4,0.0,-0.006733128219864492,0.011484656877716977
32.410000000000004,0.0,-0.00673227856274703,0.01147891880438683
32.42,0.0,-0.006731428414331876,0.011473184408024561
32.43,0.0,-0.006730577775568846,0.011467453685575103
32.44,0.0,-0.006729726647406412,0.01146172663398679
32.45,0.0,-0.006728875030791708,0.011456003250211353
32.46,0.0,-0.006728022926670531,0.011450283531203923
32.47,0.0,-0.006727170335987337,0.011444567473922996
32.480000000000004,0.0,-0.006726317259685252,0.011438855075330455
32.49,0.0,-0.006725463698706075,0.011433146332391569
32.5,0.0,-0.006724609653990264,0.011427441242074959
32.51,0.0,-0.006723755126476963,0.01142173980135262
32.52,0.0,-0.006722900117103976,0.011416042007199898
32.53,0.0,-0.006722044626807803,0.011410347856595511
32.54,0.0,-0.006721188656523604,0.011404657346521508
32.55,0.0,-0.00672033220718523,0.011398970473963292
32.56,0.0,-0.006719475279725216,0.011393287235909598
32.57,0.0,-0.006718617875074779,0.011387607629352512
32.58,0.0,-0.006717759994163825,0.011381931651287435
32.59,0.0,-0.006716901637920949,0.011376259298713092
32.6,0.0,-0.006716042807273442,0.011370590568631548
32.61,0.0,-0.00671518350314728,0.01136492545804816
32.62,0.0,-0.006714323726467142,0.011359263963971609
32.63,0.0,-0.0067134634781564045,0.011353606083413873
32.64,0.0,-0.006712602759137143,0.011347951813390244
32.65,0.0,-0.006711741570330133,0.011342301150919302
32.660000000000004,0.0,-0.006710879912654856,0.01133665409302291
32.67,0.0,-0.0067100177870295045,0.01133101063672624
32.68,0.0,-0.00670915519437097,0.011325370779057724
32.69,0.0,-0.006708292135594864,0.01131973451704908
32.7,0.0,-0.006707428611615502,0.011314101847735295
32.71,0.0,-0.006706564623345922,0.011308472768154634
32.72,0.0,-0.006705700171697871,0.011302847275348608
32.730000000000004,0.0,-0.0067048352575818215,0.011297225366361996
32.74,0.0,-0.006703969881906964,0.011291607038242831
32.75,0.0,-0.006703104045581212,0.011285992288042397
32.76,0.0,-0.0067022377495112,0.011280381112815208
32.77,0.0,-0.006701370994602295,0.011274773509619026
32.78,0.0,-0.006700503781758592,0.011269169475514856
32.79,0.0,-0.0066996361118829145,0.011263569007566919
32.8,0.0,-0.006698767985876819,0.011257972102842663
32.81,0.0,-0.006697899404640597,0.011252378758412758
32.82,0.0,-0.006697030369073284,0.0112467889713511
32.83,0.0,-0.006696160880072642,0.011241202738734779
32.84,0.0,-0.006695290938535181,0.011235620057644096
32.85,0.0,-0.006694420545356156,0.011230040925162567
32.86,0.0,-0.006693549701429562,0.011224465338376887
32.87,0.0,-0.006692678407648144,0.01121889329437695
32.88,0.0,-0.006691806664903394,0.011213324790255838
32.89,0.0,-0.006690934474085558,0.011207759823109826
32.9,0.0,-0.006690061836083631,0.011202198390038347
32.910000000000004,0.0,-0.006689188751785364,0.01119664048814402
32.92,0.0,-0.006688315222077268,0.01119108611453264
32.93,0.0,-0.006687441247844608,0.011185535266313155
32.94,0.0,-0.006686566829971415,0.011179987940597677
32.95,0.0,-0.0066856919693404765,0.011174444134501468
32.96,0.0,-0.006684816666833348,0.011168903845142955
32.97,0.0,-0.006683940923330354,0.011163367069643703
32.980000000000004,0.0,-0.006683064739710583,0.01115783380512841
32.99,0.0,-0.006682188116851898,0.011152304048724934
33.0,0.0,-0.0066813110556309336,0.011146777797564246
33.01,0.0,-0.006680433556923095,0.011141255048780453
33.02,0.0,-0.006679555621602566,0.011135735799510778
33.03,0.0,-0.006678677250542312,0.011130220046895583
33.04,0.0,-0.0066777984446140725,0.011124707788078324
33.05,0.0,-0.006676919204688376,0.011119199020205577
33.06,0.0,-0.006676039531634529,0.011113693740427017
33.07,0.0,-0.00667515942632063,0.011108191945895438
33.08,0.0,-0.006674278889613556,0.011102693633766711
33.09,0.0,-0.006673397922378982,0.011097198801199807
33.1,0.0,-0.006672516525481374,0.011091707445356789
33.11,0.0,-0.006671634699783987,0.0110862195634028
33.12,0.0,-0.006670752446148878,0.011080735152506063
33.13,0.0,-0.00666986976543689,0.011075254209837867
33.14,0.0,-0.006668986658507681,0.011069776732572595
33.15,0.0,-0.006668103126219695,0.011064302717887668
33.160000000000004,0.0,-0.006667219169430188,0.011058832162963581
33.17,0.0,-0.006666334788995221,0.011053365064983897
33.18,0.0,-0.006665449985769658,0.01104790142113522
33.19,0.0,-0.0066645647606071706,0.011042441228607194
33.2,0.0,-0.0066636791143602474,0.011036984484592522
33.21,0.0,-0.006662793047880181,0.011031531186286943
33.22,0.0,-0.006661906562017084,0.011026081330889231
33.230000000000004,0.0,-0.006661019657619884,0.011020634915601187
33.24,0.0,-0.006660132335536326,0.011015191937627648
33.25,0.0,-0.006659244596612974,0.011009752394176462
33.26,0.0,-0.006658356441695213,0.011004316282458503
33.27,0.0,-0.006657467871627254,0.01099888359968765
33.28,0.0,-0.0066565788872521335,0.010993454343080807
33.29,0.0,-0.006655689489411709,0.01098802850985787
33.3,0.0,-0.006654799678946674,0.010982606097241736
33.31,0.0,-0.0066539094566965525,0.010977187102458305
33.32,0.0,-0.006653018823499696,0.010971771522736472
33.33,0.0,-0.006652127780193293,0.010966359355308108
33.34,0.0,-0.0066512363276133675,0.010960950597408075
33.35,0.0,-0.006650344466594786,0.010955545246274219
33.36,0.0,-0.006649452197971248,0.010950143299147353
33.37,0.0,-0.006648559522575299,0.010944744753271264
33.38,0.0,-0.0066476664412383245,0.010939349605892703
33.39,0.0,-0.006646772954790562,0.010933957854261395
33.4,0.0,-0.0066458790640610875,0.010928569495630014
33.410000000000004,0.0,-0.006644984769877831,0.010923184527254182
33.42,0.0,-0.006644090073067573,0.010917802946392488
33.43,0.0,-0.006643194974455944,0.010912424750306453
33.44,0.0,-0.006642299474867429,0.010907049936260543
33.45,0.0,-0.006641403575125372,0.010901678501522162
33.46,0.0,-0.006640507276051974,0.010896310443361654
33.47,0.0,-0.00663961057846829,0.010890945759052282
33.480000000000004,0.0,-0.006638713483194241,0.010885584445870232
33.49,0.0,-0.006637815991048613,0.010880226501094627
33.5,0.0,-0.006636918102849053,0.010874871922007498
33.51,0.0,-0.006636019819412075,0.010869520705893775
33.52,0.0,-0.006635121141553061,0.010864172850041313
33.53,0.0,-0.006634222070086267,0.010858828351740875
33.54,0.0,-0.0066333226058248144,0.010853487208286109
33.55,0.0,-0.006632422749580705,0.010848149416973568
33.56,0.0,-0.006631522502164808,0.01084281497510269
33.57,0.0,-0.006630621864386877,0.010837483879975813
33.58,0.0,-0.006629720837055543,0.010832156128898153
33.59,0.0,-0.00662881942097831,0.010826831719177797
33.6,0.0,-0.0066279176169615735,0.010821510648125723
33.61,0.0,-0.006627015425810612,0.010816192913055772
33.62,0.0,-0.006626112848329583,0.010810878511284653
33.63,0.0,-0.006625209885321534,0.010805567440131935
33.64,0.0,-0.006624306537588405,0.010800259696920056
33.65,0.0,-0.006623402805931026,0.010794955278974306
33.660000000000004,0.0,-0.006622498691149116,0.010789654183622816
33.67,0.0,-0.0066215941940412915,0.010784356408196584
33.68,0.0,-0.006620689315405062,0.010779061950029437
33.69,0.0,-0.006619784056036839,0.010773770806458041
33.7,0.0,-0.006618878416731927,0.010768482974821903
33.71,0.0,-0.006617972398284538,0.010763198452463365
33.72,0.0,-0.006617066001487782,0.01075791723672759
33.730000000000004,0.0,-0.006616159227133673,0.010752639324962556
33.74,0.0,-0.006615252076013136,0.010747364714519085
33.75,0.0,-0.006614344548915999,0.010742093402750796
33.76,0.0,-0.006613436646631003,0.01073682538701412
33.77,0.0,-0.006612528369945793,0.010731560664668297
33.78,0.0,-0.006611619719646937,0.01072629923307538
33.79,0.0,-0.00661071069651991,0.010721041089600215
33.8,0.0,-0.006609801301349104,0.010715786231610439
33.81,0.0,-0.006608891534917829,0.010710534656476485
33.82,0.0,-0.006607981398008319,0.01070528636157158
33.83,0.0,-0.006607070891401721,0.010700041344271728
33.84,0.0,-0.00660616001587811,0.010694799601955709
33.85,0.0,-0.0066052487722164845,0.010689561132005096
33.86,0.0,-0.006604337161194768,0.010684325931804217
33.87,0.0,-0.006603425183589811,0.01067909399874018
33.88,0.0,-0.006602512840177393,0.010673865330202844
33.89,0.0,-0.006601600131732229,0.01066863992358485
33.9,0.0,-0.006600687059027961,0.010663417776281579
33.910000000000004,0.0,-0.006599773622837166,0.010658198885691163
33.92,0.0,-0.0065988598239313575,0.010652983249214503
33.93,0.0,-0.0065979456630809894,0.010647770864255226
33.94,0.0,-0.006597031141055449,0.010642561728219709
33.95,0.0,-0.0065961162586230665,0.01063735583851706
33.96,0.0,-0.0065952010165511174,0.010632153192559137
33.97,0.0,-0.006594285415605814,0.010626953787760508
33.980000000000004,0.0,-0.006593369456552319,0.010621757621538478
33.99,0.0,-0.0065924531401547444,0.01061656469131308
34.0,0.0,-0.006591536467176146,0.010611374994507053
34.01,0.0,-0.00659061943837853,0.010606188528545859
34.02,0.0,-0.006589702054522856,0.010601005290857664
34.03,0.0,-0.006588784316369038,0.010595825278873358
34.04,0.0,-0.006587866224675943,0.010590648490026514
34.05,0.0,-0.006586947780201395,0.01058547492175342
34.06,0.0,-0.006586028983702175,0.010580304571493044
34.07,0.0,-0.006585109835934027,0.010575137436687069
34.08,0.0,-0.006584190337651655,0.01056997351477985
34.09,0.0,-0.006583270489608721,0.01056481280321843
34.1,0.0,-0.0065823502925578615,0.010559655299452539
34.11,0.0,-0.006581429747250667,0.010554501000934574
34.12,0.0,-0.006580508854437706,0.010549349905119618
34.13,0.0,-0.006579587614868508,0.010544202009465412
34.14,0.0,-0.006578666029291579,0.010539057311432372
34.15,0.0,-0.006577744098454396,0.010533915808483578
34.160000000000004,0.0,-0.006576821823103405,0.010528777498084755
34.17,0.0,-0.006575899203984036,0.010523642377704305
34.18,0.0,-0.006574976241840688,0.010518510444813266
34.19,0.0,-0.00657405293741674,0.010513381696885322
34.2,0.0,-0.006573129291454554,0.010508256131396812
34.21,0.0,-0.006572205304695473,0.010503133745826714
34.22,0.0,-0.006571280977879819,0.010498014537656633
34.230000000000004,0.0,-0.006570356311746903,0.010492898504370818
34.24,0.0,-0.006569431307035021,0.010487785643456142
34.25,0.0,-0.006568505964481456,0.010482675952402112
34.26,0.0,-0.006567580284822476,0.010477569428700846
34.27,0.0,-0.006566654268793351,0.010472466069847083
34.28,0.0,-0.006565727917128329,0.01046736587333819
34.29,0.0,-0.006564801230560664,0.01046226883667413
34.300000000000004,0.0,-0.006563874209822595,0.010457174957357476
34.31,0.0,-0.006562946855645365,0.010452084232893418
34.32,0.0,-0.006562019168759213,0.010446996660789735
34.33,0.0,-0.006561091149893377,0.010441912238556809
34.34,0.0,-0.0065601627997760965,0.010436830963707608
34.35,0.0,-0.006559234119134614,0.010431752833757699
34.36,0.0,-0.006558305108695176,0.010426677846225233
34.37,0.0,-0.006557375769183031,0.01042160599863094
34.38,0.0,-0.006556446101322444,0.010416537288498133
34.39,0.0,-0.0065555161058366805,0.010411471713352705
34.4,0.0,-0.006554585783448019,0.010406409270723114
34.410000000000004,0.0,-0.006553655134877748,0.010401349958140385
34.42,0.0,-0.006552724160846171,0.010396293773138119
34.43,0.0,-0.006551792862072606,0.01039124071325247
34.44,0.0,-0.006550861239275387,0.010386190776022155
34.45,0.0,-0.006549929293171861,0.010381143958988438
34.46,0.0,-0.0065489970244784045,0.010376100259695147
34.47,0.0,-0.006548064433910404,0.010371059675688648
34.480000000000004,0.0,-0.006547131522182271,0.010366022204517851
34.49,0.0,-0.006546198290007445,0.010360987843734216
34.5,0.0,-0.006545264738098384,0.010355956590891731
34.51,0.0,-0.006544330867166573,0.010350928443546922
34.52,0.0,-0.006543396677922529,0.010345903399258836
34.53,0.0,-0.006542462171075797,0.010340881455589071
34.54,0.0,-0.006541527347334949,0.01033586261010172
34.550000000000004,0.0,-0.006540592207407592,0.010330846860363412
34.56,0.0,-0.006539656752000367,0.010325834203943292
34.57,0.0,-0.006538720981818948,0.010320824638413014
34.58,0.0,-0.006537784897568046,0.010315818161346742
34.59,0.0,-0.0065368484999514115,0.010310814770321147
34.6,0.0,-0.0065359117896718315,0.010305814462915406
34.61,0.0,-0.006534974767431136,0.010300817236711193
34.62,0.0,-0.006534037433930194,0.010295823089292673
34.63,0.0,-0.0065330997898689225,0.01029083201824651
34.64,0.0,-0.006532161835946279,0.010285844021161861
34.65,0.0,-0.006531223572860274,0.01028085909563036
34.660000000000004,0.0,-0.006530285001307955,0.01027587723924612
34.67,0.0,-0.006529346121985429,0.010270898449605752
34.68,0.0,-0.006528406935587847,0.010265922724308325
34.69,0.0,-0.006527467442809417,0.010260950060955386
34.7,0.0,-0.006526527644343397,0.01025598045715095
34.71,0.0,-0.0065255875408821,0.010251013910501502
34.72,0.0,-0.006524647133116895,0.010246050418615985
34.730000000000004,0.0,-0.006523706421738209,0.010241089979105797
34.74,0.0,-0.006522765407435533,0.010236132589584807
34.75,0.0,-0.006521824090897409,0.010231178247669318
34.76,0.0,-0.006520882472811447,0.010226226950978091
34.77,0.0,-0.00651994055386432,0.010221278697132328
34.78,0.0,-0.006518998334741761,0.010216333483755686
34.79,0.0,-0.006518055816128576,0.010211391308474245
34.800000000000004,0.0,-0.006517112998708632,0.010206452168916528
34.81,0.0,-0.006516169883164868,0.010201516062713491
34.82,0.0,-0.006515226470179292,0.01019658298749852
34.83,0.0,-0.006514282760432984,0.01019165294090742
34.84,0.0,-0.006513338754606094,0.010186725920578423
34.85,0.0,-0.00651239445337785,0.010181801924152184
34.86,0.0,-0.006511449857426557,0.010176880949271773
34.87,0.0,-0.006510504967429588,0.010171962993582667
34.88,0.0,-0.0065095597840634034,0.010167048054732748
34.89,0.0,-0.006508614308003539,0.010162136130372323
34.9,0.0,-0.006507668539924614,0.010157227218154088
34.910000000000004,0.0,-0.0065067224805003265,0.010152321315733138
34.92,0.0,-0.0065057761304034584,0.01014741842076697
34.93,0.0,-0.006504829490305885,0.010142518530915476
34.94,0.0,-0.006503882560878551,0.010137621643840928
34.95,0.0,-0.006502935342791507,0.010132727757207992
34.96,0.0,-0.00650198783671388,0.01012783686868372
34.97,0.0,-0.006501040043313894,0.01012294897593754
34.980000000000004,0.0,-0.00650009196325886,0.010118064076641255
34.99,0.0,-0.0064991435972151885,0.01011318216846905
35.0,0.0,-0.006498194945848376,0.010108303249097473
35.01,0.0,-0.00649724600982302,0.010103427316205442
35.02,0.0,-0.006496296789802815,0.010098554367474238
35.03,0.0,-0.006495347286450553,0.01009368440058751
35.04,0.0,-0.006494397500428123,0.010088817413231256
35.050000000000004,0.0,-0.006493447432396519,0.010083953403093834
35.06,0.0,-0.006492497083015835,0.010079092367865953
35.07,0.0,-0.00649154645294527,0.010074234305240671
35.08,0.0,-0.006490595542843126,0.010069379212913392
35.09,0.0,-0.00648964435336681,0.010064527088581852
35.1,0.0,-0.006488692885172844,0.010059677929946147
35.11,0.0,-0.006487741138916847,0.010054831734708692
35.12,0.0,-0.006486789115253558,0.010049988500574238
35.13,0.0,-0.006485836814836822,0.010045148225249862
35.14,0.0,-0.006484884238319601,0.010040310906444989
35.15,0.0,-0.006483931386353967,0.01003547654187134
35.160000000000004,0.0,-0.006482978259591108,0.010030645129242967
35.17,0.0,-0.006482024858681331,0.010025816666276248
35.18,0.0,-0.0064810711842740575,0.01002099115068986
35.19,0.0,-0.0064801172370178295,0.010016168580204802
35.2,0.0,-0.00647916301756031,0.010011348952544376
35.21,0.0,-0.006478208526548285,0.010006532265434194
35.22,0.0,-0.00647725376462766,0.010001718516602164
35.230000000000004,0.0,-0.006476298732443467,0.00999690770377849
35.24,0.0,-0.006475343430639862,0.009992099824695686
35.25,0.0,-0.006474387859860131,0.009987294877088545
35.26,0.0,-0.006473432020746683,0.009982492858694151
35.27,0.0,-0.00647247591394106,0.009977693767251881
35.28,0.0,-0.006471519540083936,0.009972897600503393
35.29,0.0,-0.006470562899815111,0.009968104356192622
35.300000000000004,0.0,-0.006469605993773523,0.009963314032065778
35.31,0.0,-0.006468648822597245,0.009958526625871359
35.32,0.0,-0.00646769138692348,0.009953742135360122
35.33,0.0,-0.006466733687388574,0.009948960558285095
35.34,0.0,-0.006465775724628007,0.009944181892401571
35.35,0.0,-0.0064648174992764,0.009939406135467108
35.36,0.0,-0.006463859011967515,0.009934633285241523
35.37,0.0,-0.006462900263334255,0.009929863339486885
35.38,0.0,-0.006461941254008667,0.009925096295967517
35.39,0.0,-0.006460981984621941,0.009920332152450001
35.4,0.0,-0.006460022455804413,0.009915570906703156
35.410000000000004,0.0,-0.006459062668185566,0.009910812556498045
35.42,0.0,-0.00645810262239403,0.009906057099607983
35.43,0.0,-0.006457142319057589,0.009901304533808516
35.44,0.0,-0.00645618175880317,0.009896554856877423
35.45,0.0,-0.006455220942256856,0.009891808066594718
35.46,0.0,-0.006454259870043884,0.009887064160742648
35.47,0.0,-0.006453298542788643,0.009882323137105685
35.480000000000004,0.0,-0.006452336961114676,0.009877584993470512
35.49,0.0,-0.006451375125644686,0.00987284972762606
35.5,0.0,-0.006450413037000533,0.009868117337363454
35.51,0.0,-0.006449450695803235,0.009863387820476039
35.52,0.0,-0.006448488102672969,0.009858661174759373
35.53,0.0,-0.006447525258229076,0.009853937398011232
35.54,0.0,-0.006446562163090059,0.009849216488031583
35.550000000000004,0.0,-0.006445598817873582,0.009844498442622602
35.56,0.0,-0.00644463522319648,0.009839783259588673
35.57,0.0,-0.006443671379674749,0.009835070936736367
35.58,0.0,-0.006442707287923553,0.009830361471874452
35.59,0.0,-0.006441742948557226,0.009825654862813888
35.6,0.0,-0.006440778362189273,0.009820951107367826
35.61,0.0,-0.006439813529432368,0.0098162502033516
35.62,0.0,-0.0064388484508983565,0.009811552148582727
35.63,0.0,-0.006437883127198258,0.009806856940880902
35.64,0.0,-0.006436917558942272,0.009802164578068007
35.65,0.0,-0.006435951746739766,0.009797475057968083
35.660000000000004,0.0,-0.006434985691199285,0.00979278837840735
35.67,0.0,-0.006434019392928559,0.009788104537214206
35.68,0.0,-0.006433052852534489,0.009783423532219195
35.69,0.0,-0.006432086070623163,0.009778745361255042
35.7,0.0,-0.006431119047799846,0.009774070022156614
35.71,0.0,-0.006430151784668989,0.009769397512760956
35.72,0.0,-0.0064291842818342245,0.009764727830907252
35.730000000000004,0.0,-0.006428216539898372,0.009760060974436836
35.74,0.0,-0.006427248559463438,0.009755396941193206
35.75,0.0,-0.006426280341130615,0.009750735729021996
35.76,0.0,-0.006425311885500282,0.009746077335770976
35.77,0.0,-0.00642434319317201,0.009741421759290065
35.78,0.0,-0.006423374264744566,0.009736768997431325
35.79,0.0,-0.006422405100815899,0.009732119048048939
35.800000000000004,0.0,-0.006421435701983156,0.009727471908999228
35.81,0.0,-0.006420466068842683,0.009722827578140648
35.82,0.0,-0.006419496201990014,0.009718186053333773
35.83,0.0,-0.0064185261020198855,0.009713547332441303
35.84,0.0,-0.006417555769526227,0.009708911413328055
35.85,0.0,-0.0064165852051021694,0.009704278293860972
35.86,0.0,-0.0064156144093400445,0.00969964797190911
35.87,0.0,-0.006414643382831386,0.009695020445343629
35.88,0.0,-0.006413672126166925,0.009690395712037806
35.89,0.0,-0.0064127006399366015,0.009685773769867026
35.9,0.0,-0.00641172892472956,0.009681154616708775
35.910000000000004,0.0,-0.006410756981134146,0.00967653825044264
35.92,0.0,-0.006409784809737917,0.00967192466895031
35.93,0.0,-0.006408812411127637,0.009667313870115567
35.94,0.0,-0.006407839785889277,0.009662705851824285
35.95,0.0,-0.00640686693460802,0.009658100611964428
35.96,0.0,-0.006405893857868262,0.009653498148426056
35.97,0.0,-0.006404920556253608,0.009648898459101303
35.980000000000004,0.0,-0.006403947030346879,0.009644301541884389
35.99,0.0,-0.006402973280730112,0.009639707394671621
36.0,0.0,-0.0064019993079845565,0.009635116015361373
36.01,0.0,-0.006401025112690682,0.009630527401854097
36.02,0.0,-0.006400050695428172,0.009625941552052309
36.03,0.0,-0.0063990760567759365,0.009621358463860613
36.04,0.0,-0.006398101197312097,0.009616778135185659
36.050000000000004,0.0,-0.006397126117614003,0.00961220056393617
36.06,0.0,-0.006396150818258223,0.00960762574802293
36.07,0.0,-0.006395175299820552,0.009603053685358779
36.08,0.0,-0.006394199562876006,0.009598484373858608
36.09,0.0,-0.006393223607998829,0.00959391781143937
36.1,0.0,-0.006392247435762491,0.00958935399602006
36.11,0.0,-0.006391271046739694,0.009584792925521729
36.12,0.0,-0.006390294441502364,0.009580234597867464
36.13,0.0,-0.006389317620621656,0.009575679010982392
36.14,0.0,-0.006388340584667962,0.009571126162793693
36.15,0.0,-0.006387363334210904,0.009566576051230574
36.160000000000004,0.0,-0.006386385869819334,0.009562028674224274
36.17,0.0,-0.006385408192061345,0.009557484029708073
36.18,0.0,-0.006384430301504258,0.009552942115617271
36.19,0.0,-0.006383452198714638,0.0095484029298892
36.2,0.0,-0.006382473884258278,0.009543866470463206
36.21,0.0,-0.006381495358700226,0.009539332735280674
36.22,0.0,-0.006380516622604752,0.009534801722284993
36.230000000000004,0.0,-0.006379537676535377,0.009530273429421568
36.24,0.0,-0.006378558521054861,0.009525747854637827
36.25,0.0,-0.006377579156725211,0.009521224995883199
36.26,0.0,-0.006376599584107672,0.009516704851109125
36.27,0.0,-0.006375619803762738,0.009512187418269048
36.28,0.0,-0.006374639816250148,0.009507672695318424
36.29,0.0,-0.006373659622128891,0.0095031606802147
36.300000000000004,0.0,-0.006372679221957197,0.00949865137091732
36.31,0.0,-0.006371698616292556,0.009494144765387732
36.32,0.0,-0.0063707178056917,0.009489640861589365
36.33,0.0,-0.006369736790710616,0.009485139657487648
36.34,0.0,-0.006368755571904543,0.009480641151049988
36.35,0.0,-0.006367774149827973,0.00947614534024579
36.36,0.0,-0.006366792525034653,0.00947165222304643
36.37,0.0,-0.00636581069807759,0.009467161797425268
36.38,0.0,-0.00636482866950904,0.009462674061357638
36.39,0.0,-0.0063638464398805186,0.009458189012820856
36.4,0.0,-0.0063628640097428074,0.009453706649794206
36.410000000000004,0.0,-0.006361881379645938,0.009449226970258932
36.42,0.0,-0.006360898550139211,0.00944474997219827
36.43,0.0,-0.0063599155217711825,0.009440275653597393
36.44,0.0,-0.006358932295089677,0.009435804012443457
36.45,0.0,-0.006357948870641778,0.00943133504672556
36.46,0.0,-0.006356965248973838,0.009426868754434773
36.47,0.0,-0.006355981430631475,0.009422405133564115
36.480000000000004,0.0,-0.00635499741615957,0.009417944182108548
36.49,0.0,-0.006354013206102277,0.009413485898065005
36.5,0.0,-0.006353028801003018,0.009409030279432346
36.51,0.0,-0.006352044201404484,0.009404577324211386
36.52,0.0,-0.006351059407848634,0.00940012703040487
36.53,0.0,-0.006350074420876708,0.009395679396017506
36.54,0.0,-0.006349089241029212,0.009391234419055918
36.550000000000004,0.0,-0.006348103868845926,0.00938679209752867
36.56,0.0,-0.006347118304865908,0.009382352429446263
36.57,0.0,-0.006346132549627494,0.009377915412821127
36.58,0.0,-0.006345146603668291,0.00937348104566761
36.59,0.0,-0.00634416046752519,0.009369049326001997
36.6,0.0,-0.0063431741417343595,0.00936462025184249
36.61,0.0,-0.006342187626831247,0.009360193821209211
36.62,0.0,-0.00634120092335058,0.009355770032124197
36.63,0.0,-0.006340214031826371,0.009351348882611401
36.64,0.0,-0.006339226952791917,0.009346930370696697
36.65,0.0,-0.006338239686779796,0.009342514494407862
36.660000000000004,0.0,-0.006337252234321871,0.009338101251774571
36.67,0.0,-0.006336264595949296,0.009333690640828429
36.68,0.0,-0.006335276772192504,0.009329282659602922
36.69,0.0,-0.006334288763581225,0.009324877306133442
36.7,0.0,-0.00633330057064447,0.009320474578457283
36.71,0.0,-0.006332312193910547,0.009316074474613634
36.72,0.0,-0.0063313236339070525,0.009311676992643578
36.730000000000004,0.0,-0.006330334891160872,0.009307282130590077
36.74,0.0,-0.006329345966198188,0.009302889886498003
36.75,0.0,-0.00632835685954448,0.009298500258414099
36.76,0.0,-0.006327367571724514,0.009294113244386991
36.77,0.0,-0.006326378103262355,0.00928972884246719
36.78,0.0,-0.006325388454681373,0.009285347050707092
36.79,0.0,-0.006324398626504224,0.00928096786716096
36.800000000000004,0.0,-0.00632340861925287,0.009276591289884933
36.81,0.0,-0.006322418433448572,0.009272217316937028
36.82,0.0,-0.00632142806961189,0.009267845946377123
36.83,0.0,-0.006320437528262689,0.00926347717626697
36.84,0.0,-0.006319446809920133,0.00925911100467018
36.85,0.0,-0.006318455915102691,0.009254747429652231
36.86,0.0,-0.006317464844328139,0.009250386449280458
36.87,0.0,-0.0063164735981135565,0.009246028061624055
36.88,0.0,-0.006315482176975328,0.009241672264754065
36.89,0.0,-0.006314490581429153,0.0092373190567434
36.9,0.0,-0.006313498811990028,0.009232968435666808
36.910000000000004,0.0,-0.006312506869172268,0.009228620399600885
36.92,0.0,-0.006311514753489497,0.009224274946624086
36.93,0.0,-0.006310522465454646,0.009219932074816696
36.94,0.0,-0.006309530005579963,0.009215591782260847
36.95,0.0,-0.006308537374377007,0.009211254067040505
36.96,0.0,-0.006307544572356654,0.009206918927241486
36.97,0.0,-0.00630655160002909,0.009202586360951427
36.980000000000004,0.0,-0.006305558457903821,0.009198256366259795
36.99,0.0,-0.006304565146489671,0.009193928941257905
37.0,0.0,-0.006303571666294778,0.00918960408403888
37.01,0.0,-0.006302578017826601,0.009185281792697675
37.02,0.0,-0.006301584201591921,0.00918096206533107
37.03,0.0,-0.0063005902180968375,0.009176644900037667
37.04,0.0,-0.006299596067846771,0.009172330294917881
37.050000000000004,0.0,-0.006298601751346463,0.00916801824807394
37.06,0.0,-0.006297607269099987,0.009163708757609898
37.07,0.0,-0.0062966126216107325,0.009159401821631611
37.08,0.0,-0.006295617809381415,0.009155097438246745
37.09,0.0,-0.006294622832914081,0.009150795605564772
37.1,0.0,-0.006293627692710103,0.009146496321696979
37.11,0.0,-0.006292632389270178,0.00914219958475644
37.12,0.0,-0.006291636923094336,0.00913790539285804
37.13,0.0,-0.006290641294681935,0.009133613744118451
37.14,0.0,-0.006289645504531663,0.009129324636656156
37.15,0.0,-0.006288649553141546,0.009125038068591421
37.160000000000004,0.0,-0.006287653441008933,0.009120754038046299
37.17,0.0,-0.006286657168630517,0.009116472543144648
37.18,0.0,-0.006285660736502318,0.009112193582012096
37.19,0.0,-0.006284664145119695,0.009107917152776063
37.2,0.0,-0.006283667394977339,0.009103643253565746
37.21,0.0,-0.006282670486569287,0.009099371882512136
37.22,0.0,-0.0062816734203889075,0.009095103037747986
37.230000000000004,0.0,-0.006280676196928908,0.009090836717407824
37.24,0.0,-0.006279678816681341,0.009086572919627969
37.25,0.0,-0.006278681280137593,0.009082311642546493
37.26,0.0,-0.006277683587788398,0.009078052884303241
37.27,0.0,-0.006276685740123833,0.009073796643039832
37.28,0.0,-0.006275687737633312,0.009069542916899643
37.29,0.0,-0.006274689580805601,0.009065291704027815
37.300000000000004,0.0,-0.006273691270128806,0.009061043002571243
37.31,0.0,-0.006272692806090386,0.009056796810678596
37.32,0.0,-0.006271694189177137,0.009052553126500282
37.33,0.0,-0.006270695419875214,0.00904831194818847
37.34,0.0,-0.006269696498670113,0.009044073273897073
37.35,0.0,-0.006268697426046684,0.00903983710178177
37.36,0.0,-0.0062676982024891265,0.009035603429999971
37.37,0.0,-0.0062666988284809915,0.009031372256710834
37.38,0.0,-0.006265699304505184,0.009027143580075262
37.39,0.0,-0.006264699631043958,0.009022917398255902
37.4,0.0,-0.006263699808578926,0.00901869370941713
37.410000000000004,0.0,-0.006262699837591056,0.009014472511725066
37.42,0.0,-0.006261699718560669,0.009010253803347563
37.43,0.0,-0.006260699451967444,0.009006037582454203
37.44,0.0,-0.00625969903829042,0.009001823847216298
37.45,0.0,-0.00625869847800799,0.008997612595806887
37.46,0.0,-0.006257697771597911,0.00899340382640074
37.47,0.0,-0.0062566969195372996,0.008989197537174346
37.480000000000004,0.0,-0.006255695922302629,0.00898499372630591
37.49,0.0,-0.006254694780369742,0.008980792391975367
37.5,0.0,-0.006253693494213837,0.008976593532364359
37.51,0.0,-0.006252692064309483,0.008972397145656251
37.52,0.0,-0.006251690491130607,0.008968203230036113
37.53,0.0,-0.00625068877515051,0.008964011783690733
37.54,0.0,-0.006249686916841848,0.008959822804808601
37.550000000000004,0.0,-0.006248684916676654,0.008955636291579914
37.56,0.0,-0.006247682775126326,0.008951452242196579
37.57,0.0,-0.0062466804926616295,0.0089472706548522
37.58,0.0,-0.006245678069752701,0.008943091527742083
37.59,0.0,-0.0062446755068690475,0.008938914859063224
37.6,0.0,-0.006243672804479548,0.008934740647014333
37.61,0.0,-0.006242669963052455,0.008930568889795798
37.62,0.0,-0.00624166698305539,0.008926399585609698
37.63,0.0,-0.006240663864955352,0.008922232732659812
37.64,0.0,-0.006239660609218717,0.008918068329151603
37.65,0.0,-0.006238657216311228,0.008913906373292212
37.660000000000004,0.0,-0.006237653686698016,0.008909746863290472
37.67,0.0,-0.006236650020843584,0.008905589797356894
37.68,0.0,-0.006235646219211808,0.008901435173703669
37.69,0.0,-0.006234642282265954,0.008897282990544665
37.7,0.0,-0.006233638210468658,0.00889313324609542
37.71,0.0,-0.006232634004281942,0.008888985938573155
37.72,0.0,-0.0062316296641672115,0.008884841066196754
37.730000000000004,0.0,-0.006230625190585246,0.008880698627186769
37.74,0.0,-0.006229620583996221,0.00887655861976543
37.75,0.0,-0.006228615844859684,0.008872421042156619
37.76,0.0,-0.006227610973634573,0.008868285892585884
37.77,0.0,-0.006226605970779211,0.008864153169280437
37.78,0.0,-0.006225600836751309,0.008860022870469149
37.79,0.0,-0.006224595572007964,0.008855894994382545
37.800000000000004,0.0,-0.006223590177005659,0.008851769539252801
37.81,0.0,-0.006222584652200271,0.00884764650331376
37.82,0.0,-0.006221578998047064,0.008843525884800897
37.83,0.0,-0.00622057321500069,0.008839407681951345
37.84,0.0,-0.006219567303515199,0.008835291893003883
37.85,0.0,-0.006218561264044026,0.008831178516198938
37.86,0.0,-0.006217555097040007,0.008827067549778573
37.87,0.0,-0.006216548802955364,0.008822958991986492
37.88,0.0,-0.00621554238224172,0.00881885284106804
37.89,0.0,-0.0062145358353500905,0.008814749095270203
37.9,0.0,-0.0062135291627308875,0.008810647752841592
37.910000000000004,0.0,-0.00621252236483392,0.008806548812032454
37.92,0.0,-0.006211515442108398,0.008802452271094673
37.93,0.0,-0.006210508395002925,0.008798358128281754
37.94,0.0,-0.006209501223965509,0.008794266381848832
37.95,0.0,-0.006208493929443557,0.008790177030052658
37.96,0.0,-0.006207486511883874,0.008786090071151623
37.97,0.0,-0.006206478971732673,0.008782005503405722
37.980000000000004,0.0,-0.006205471309435562,0.008777923325076577
37.99,0.0,-0.006204463525437562,0.008773843534427426
38.0,0.0,-0.006203455620183091,0.00876976612972312
38.01,0.0,-0.006202447594115974,0.008765691109230122
38.02,0.0,-0.006201439447679442,0.008761618471216504
38.03,0.0,-0.006200431181316138,0.008757548213951957
38.04,0.0,-0.0061994227954681016,0.008753480335707768
38.050000000000004,0.0,-0.006198414290576791,0.00874941483475683
38.06,0.0,-0.006197405667083069,0.008745351709373647
38.07,0.0,-0.0061963969254272095,0.008741290957834316
38.08,0.0,-0.006195388066048896,0.008737232578416536
38.09,0.0,-0.006194379089387223,0.008733176569399599
38.1,0.0,-0.0061933699958807015,0.0087291229290644
38.11,0.0,-0.006192360785967249,0.008725071655693424
38.12,0.0,-0.006191351460084203,0.008721022747570745
38.13,0.0,-0.0061903420186683105,0.008716976202982025
38.14,0.0,-0.006189332462155739,0.008712932020214519
38.15,0.0,-0.006188322790982068,0.008708890197557068
38.160000000000004,0.0,-0.006187313005582297,0.008704850733300087
38.17,0.0,-0.006186303106390839,0.008700813625735585
38.18,0.0,-0.0061852930938415315,0.008696778873157144
38.19,0.0,-0.006184282968367626,0.008692746473859925
38.2,0.0,-0.006183272730401796,0.00868871642614066
38.21,0.0,-0.006182262380376139,0.008684688728297666
38.22,0.0,-0.006181251918722168,0.008680663378630826
38.230000000000004,0.0,-0.006180241345870821,0.008676640375441587
38.24,0.0,-0.006179230662252462,0.00867261971703298
38.25,0.0,-0.006178219868296877,0.008668601401709589
38.26,0.0,-0.0061772089644332746,0.008664585427777568
38.27,0.0,-0.006176197951090287,0.008660571793544626
38.28,0.0,-0.006175186828695982,0.00865656049732005
38.29,0.0,-0.006174175597677846,0.008652551537414673
38.300000000000004,0.0,-0.006173164258462795,0.008648544912140881
38.31,0.0,-0.006172152811477173,0.00864454061981263
38.32,0.0,-0.006171141257146757,0.008640538658745417
38.33,0.0,-0.006170129595896747,0.008636539027256295
38.34,0.0,-0.006169117828151781,0.008632541723663864
38.35,0.0,-0.006168105954335925,0.008628546746288279
38.36,0.0,-0.006167093974872676,0.008624554093451232
38.37,0.0,-0.006166081890184969,0.008620563763475966
38.38,0.0,-0.006165069700695163,0.008616575754687255
38.39,0.0,-0.006164057406825062,0.00861259006541143
38.4,0.0,-0.006163045008995903,0.008608606693976352
38.410000000000004,0.0,-0.006162032507628351,0.008604625638711408
38.42,0.0,-0.00616101990314252,0.008600646897947541
38.43,0.0,-0.006160007195957952,0.008596670470017213
38.44,0.0,-0.006158994386493629,0.00859269635325442
38.45,0.0,-0.006157981475167977,0.00858872454599468
38.46,0.0,-0.006156968462398853,0.008584755046575056
38.47,0.0,-0.006155955348603564,0.008580787853334122
38.480000000000004,0.0,-0.006154942134198852,0.008576822964611978
38.49,0.0,-0.006153928819600903,0.008572860378750253
38.5,0.0,-0.006152915405225345,0.008568900094092087
38.51,0.0,-0.006151901891487249,0.008564942108982145
38.52,0.0,-0.006150888278801129,0.0085609864217666
38.53,0.0,-0.006149874567580949,0.008557033030793153
38.54,0.0,-0.006148860758240113,0.008553081934411007
38.550000000000004,0.0,-0.0061478468511914726,0.008549133130970879
38.56,0.0,-0.006146832846847331,0.008545186618824996
38.57,0.0,-0.00614581874561943,0.008541242396327094
38.58,0.0,-0.006144804547918969,0.00853730046183241
38.59,0.0,-0.00614379025415659,0.008533360813697686
38.6,0.0,-0.006142775864742394,0.008529423450281173
38.61,0.0,-0.006141761380085919,0.008525488369942612
38.62,0.0,-0.006140746800596164,0.00852155557104325
38.63,0.0,-0.0061397321266815795,0.008517625051945824
38.64,0.0,-0.006138717358750068,0.008513696811014576
38.65,0.0,-0.0061377024972089815,0.008509770846615231
38.660000000000004,0.0,-0.006136687542465132,0.008505847157115007
38.67,0.0,-0.006135672494924784,0.008501925740882621
38.68,0.0,-0.006134657354993656,0.008498006596288264
38.69,0.0,-0.006133642123076926,0.008494089721703625
38.7,0.0,-0.006132626799579227,0.008490175115501866
38.71,0.0,-0.00613161138490465,0.008486262776057641
38.72,0.0,-0.006130595879456747,0.008482352701747081
38.730000000000004,0.0,-0.006129580283638527,0.008478444890947795
38.74,0.0,-0.006128564597852456,0.00847453934203887
38.75,0.0,-0.006127548822500469,0.00847063605340087
38.76,0.0,-0.006126532957983954,0.008466735023415833
38.77,0.0,-0.006125517004703764,0.008462836250467261
38.78,0.0,-0.006124500963060217,0.00845893973294014
38.79,0.0,-0.006123484833453092,0.008455045469220913
38.800000000000004,0.0,-0.006122468616281634,0.008451153457697494
38.81,0.0,-0.006121452311944549,0.008447263696759263
38.82,0.0,-0.006120435920840012,0.008443376184797064
38.83,0.0,-0.006119419443365666,0.008439490920203198
38.84,0.0,-0.0061184028799186165,0.008435607901371423
38.85,0.0,-0.006117386230895438,0.008431727126696969
38.86,0.0,-0.006116369496692178,0.008427848594576511
38.87,0.0,-0.006115352677704344,0.00842397230340818
38.88,0.0,-0.0061143357743269205,0.00842009825159156
38.89,0.0,-0.006113318786954363,0.008416226437527692
38.9,0.0,-0.006112301715980591,0.00841235685961906
38.910000000000004,0.0,-0.006111284561799003,0.008408489516269591
38.92,0.0,-0.006110267324802469,0.008404624405884676
38.93,0.0,-0.006109250005383327,0.008400761526871133
38.94,0.0,-0.006108232603933394,0.008396900877637229
38.95,0.0,-0.00610721512084396,0.008393042456592668
38.96,0.0,-0.006106197556505792,0.008389186262148603
38.97,0.0,-0.006105179911309128,0.008385332292717616
38.980000000000004,0.0,-0.006104162185643687,0.008381480546713723
38.99,0.0,-0.006103144379898668,0.008377631022552385
39.0,0.0,-0.006102126494462739,0.008373783718650486
39.01,0.0,-0.006101108529724055,0.008369938633426343
39.02,0.0,-0.006100090486070244,0.008366095765299699
39.03,0.0,-0.006099072363888423,0.008362255112691735
39.04,0.0,-0.00609805416356518,0.008358416674025048
39.050000000000004,0.0,-0.006097035885486588,0.008354580447723659
39.06,0.0,-0.006096017530038203,0.008350746432213016
39.07,0.0,-0.006094999097605066,0.00834691462591999
39.08,0.0,-0.006093980588571695,0.008343085027272861
39.09,0.0,-0.0060929620033220964,0.00833925763470133
39.1,0.0,-0.0060919433422397615,0.008335432446636525
39.11,0.0,-0.006090924605707666,0.008331609461510972
39.12,0.0,-0.006089905794108271,0.00832778867775862
39.13,0.0,-0.006088886907823526,0.00832397009381482
39.14,0.0,-0.006087867947234867,0.008320153708116344
39.15,0.0,-0.006086848912723217,0.00831633951910136
39.160000000000004,0.0,-0.00608582980466899,0.008312527525209445
39.17,0.0,-0.006084810623452089,0.008308717724881587
39.18,0.0,-0.006083791369451904,0.008304910116560168
39.19,0.0,-0.006082772043047319,0.008301104698688973
39.2,0.0,-0.006081752644616711,0.008297301469713187
39.21,0.0,-0.006080733174537944,0.008293500428079394
39.22,0.0,-0.006079713633188377,0.008289701572235573
39.230000000000004,0.0,-0.006078694020944862,0.008285904900631092
39.24,0.0,-0.006077674338183749,0.008282110411716722
39.25,0.0,-0.0060766545852808775,0.00827831810394462
39.26,0.0,-0.006075634762611582,0.008274527975768328
39.27,0.0,-0.006074614870550698,0.008270740025642778
39.28,0.0,-0.006073594909472553,0.008266954252024295
39.29,0.0,-0.006072574879750975,0.008263170653370584
39.300000000000004,0.0,-0.006071554781759286,0.008259389228140724
39.31,0.0,-0.006070534615870312,0.008255609974795195
39.32,0.0,-0.0060695143824563745,0.00825183289179584
39.33,0.0,-0.006068494081889294,0.008248057977605883
39.34,0.0,-0.006067473714540393,0.008244285230689928
39.35,0.0,-0.006066453280780497,0.008240514649513956
39.36,0.0,-0.006065432780979933,0.008236746232545318
39.37,0.0,-0.006064412215508526,0.008232979978252735
39.38,0.0,-0.006063391584735608,0.008229215885106299
39.39,0.0,-0.006062370889030014,0.008225453951577474
39.4,0.0,-0.006061350128760083,0.008221694176139088
39.410000000000004,0.0,-0.006060329304293663,0.008217936557265333
39.42,0.0,-0.006059308415998099,0.00821418109343177
39.43,0.0,-0.006058287464240249,0.008210427783115318
39.44,0.0,-0.006057266449386478,0.008206676624794256
39.45,0.0,-0.006056245371802653,0.008202927616948219
39.46,0.0,-0.006055224231854159,0.008199180758058214
39.47,0.0,-0.006054203029905877,0.008195436046606584
39.480000000000004,0.0,-0.0060531817663222074,0.00819169348107704
39.49,0.0,-0.006052160441467058,0.00818795305995464
39.5,0.0,-0.006051139055703848,0.008184214781725799
39.51,0.0,-0.006050117609395505,0.008180478644878275
39.52,0.0,-0.006049096102904469,0.008176744647901172
39.53,0.0,-0.006048074536592698,0.00817301278928495
39.54,0.0,-0.006047052910821656,0.00816928306752141
39.550000000000004,0.0,-0.006046031225952324,0.008165555481103684
39.56,0.0,-0.006045009482345201,0.008161830028526272
39.57,0.0,-0.006043987680360295,0.00815810670828499
39.58,0.0,-0.006042965820357134,0.008154385518877004
39.59,0.0,-0.006041943902694759,0.00815066645880081
39.6,0.0,-0.006040921927731731,0.008146949526556252
39.61,0.0,-0.006039899895826128,0.008143234720644496
39.62,0.0,-0.006038877807335546,0.008139522039568048
39.63,0.0,-0.006037855662617098,0.008135811481830737
39.64,0.0,-0.006036833462027419,0.008132103045937731
39.65,0.0,-0.006035811205922663,0.00812839673039552
39.660000000000004,0.0,-0.006034788894658503,0.008124692533711918
39.67,0.0,-0.006033766528590136,0.008120990454396071
39.68,0.0,-0.006032744108072283,0.008117290490958448
39.69,0.0,-0.00603172163345918,0.008113592641910831
39.7,0.0,-0.006030699105104593,0.008109896905766327
39.71,0.0,-0.00602967652336181,0.008106203281039368
39.72,0.0,-0.006028653888583642,0.008102511766245695
39.730000000000004,0.0,-0.006027631201122423,0.008098822359902363
39.74,0.0,-0.006026608461330019,0.008095135060527755
39.75,0.0,-0.006025585669557817,0.00809144986664155
39.76,0.0,-0.006024562826156733,0.008087766776764751
39.77,0.0,-0.006023539931477208,0.00808408578941966
39.78,0.0,-0.006022516985869214,0.008080406903129894
39.79,0.0,-0.00602149398968225,0.008076730116420378
39.800000000000004,0.0,-0.006020470943265345,0.008073055427817333
39.81,0.0,-0.006019447846967057,0.008069382835848299
39.82,0.0,-0.006018424701135475,0.008065712339042101
39.83,0.0,-0.006017401506118216,0.008062043935928876
39.84,0.0,-0.006016378262262436,0.008058377625040056
39.85,0.0,-0.006015354969914816,0.008054713404908372
39.86,0.0,-0.00601433162942157,0.008051051274067852
39.87,0.0,-0.006013308241128452,0.008047391231053816
39.88,0.0,-0.0060122848053807436,0.008043733274402878
39.89,0.0,-0.006011261322523264,0.008040077402652949
39.9,0.0,-0.006010237792900366,0.008036423614343221
39.910000000000004,0.0,-0.006009214216855937,0.008032771908014179
39.92,0.0,-0.006008190594733408,0.008029122282207604
39.93,0.0,-0.006007166926875737,0.008025474735466545
39.94,0.0,-0.006006143213625427,0.008021829266335352
39.95,0.0,-0.006005119455324511,0.008018185873359644
39.96,0.0,-0.006004095652314573,0.008014544555086336
39.97,0.0,-0.006003071804936726,0.008010905310063614
39.980000000000004,0.0,-0.006002047913531627,0.008007268136840941
39.99,0.0,-0.006001023978439472,0.008003633033969063
40.0,0.0,-0.006,0.008
0.0,2.0,0.24509803921568626,0.0
0.01,2.0,0.24509239011772183,0.0012014344627677175
0.02,2.0,0.24507544431687112,0.002402709856870724
0.03,2.0,0.24504720629127558,0.0036036671836997907
0.04,2.0,0.24500768350121782,0.004804147584691874
0.05,2.0,0.2449568863841959,0.00600399241119135
0.06,2.0,0.24489482834803628,0.007203043294117329
0.07,2.0,0.24482152576205318,0.00840114221337286
0.08,2.0,0.24473699794626594,0.009598131566932276
0.09,2.0,0.24464126715868667,0.010793854239543434
0.1,2.0,0.24453435858069503,0.011988153670982205
0.11,2.0,0.24441630030051717,0.013180873923797277
0.12,2.0,0.24428712329482882,0.014371859750484115
0.13,2.0,0.2441468614085061,0.015560956660027886
0.14,2.0,0.2439955513325473,0.01674801098375601
0.15,2.0,0.2438332325801935,0.017932869940442263
0.16,2.0,0.24365994746127612,0.01911538170060534
0.17,2.0,0.24347574105482295,0.020295395449946067
0.18,2.0,0.24328066117995498,0.021472761451868973
0.19,2.0,0.24307475836510933,0.022647331109035048
0.2,2.0,0.24285808581562435,0.02381895702389411
0.21,2.0,0.24263069937972645,0.024987493058146976
0.22,2.0,0.24239265751295733,0.026152794391088814
0.23,2.0,0.2421440212410843,0.027314717576787075
0.24,2.0,0.24188485412153737,0.028473120600049126
0.25,2.0,0.24161522220341677,0.029627862931136333
0.26,2.0,0.24133519398611838,0.03077880557918325
0.27,2.0,0.24104484037662388,0.03192581114428276
0.28,2.0,0.24074423464550407,0.033068743868199246
0.29,2.0,0.2404334523816864,0.034207469683675
0.3,2.0,0.24011257144603634,0.0353418562622956
0.31,2.0,0.2397816719238057,0.036471773060883714
0.32,2.0,0.2394408360759992,0.03759709136639123
0.33,2.0,0.23909014828971478,0.038717684339263134
0.34,2.0,0.23872969502750954,0.03983342705524753
0.35000000000000003,2.0,0.23835956477584833,0.040944196545629266
0.36,2.0,0.23797984799268887,0.042049871835865955
0.37,2.0,0.23759063705425956,0.04315033398260804
0.38,2.0,0.23719202620108623,0.04424546610908618
0.39,2.0,0.23678411148332362,0.04533515343885157
0.4,2.0,0.23636699070544834,0.0464192833278571
0.41000000000000003,2.0,0.23594076337037,0.04749774529486915
0.42,2.0,0.23550553062301627,0.04857043105020194
0.43,2.0,0.23506139519344846,0.04963723452276864
0.44,2.0,0.2346084613395641,0.05069805188544541
0.45,2.0,0.23414683478944182,0.051752781578746444
0.46,2.0,0.23367662268338396,0.05280132433281033
0.47000000000000003,2.0,0.23319793351571244,0.05384358318770005
0.48,2.0,0.23271087707637161,0.05487946351202047
0.49,2.0,0.2322155643923927,0.055908873019859695
0.5,2.0,0.23171210766927225,0.05693172178606197
0.51,2.0,0.23120062023231816,0.05794792225984215
0.52,2.0,0.2306812164680135,0.05895738927675281
0.53,2.0,0.23015401176545042,0.05996004006901788
0.54,2.0,0.22961912245788277,0.06095579427424711
0.55,2.0,0.2290766657644477,0.061944573942548375
0.56,2.0,0.22852675973210232,0.06292630354205543
0.5700000000000001,2.0,0.2279695231778242,0.06390090996289151
0.58,2.0,0.2274050756311199,0.06486832251958888
0.59,2.0,0.22683353727688677,0.06582847295198771
0.6,2.0,0.22625502889867066,0.06678129542463715
0.61,2.0,0.22566967182236275,0.06772672652472465
0.62,2.0,0.22507758786037455,0.06866470525855882
0.63,2.0,0.22447889925633202,0.069595173046634
0.64,2.0,0.22387372863032592,0.07051807371730429
0.65,2.0,0.22326219892475535,0.07143335349909723
0.66,2.0,0.22264443335080006,0.07234096101169704
0.67,2.0,0.2220205553355546,0.07324084725562874
0.68,2.0,0.22139068846985777,0.07413296560067566
0.6900000000000001,2.0,0.22075495645684748,0.07501727177306268
0.7000000000000001,2.0,0.22011348306127107,0.07589372384143914
0.71,2.0,0.2194663920595789,0.07676228220169534
0.72,2.0,0.21881380719082766,0.07762290956064741
0.73,2.0,0.21815585210841895,0.07847557091862575
0.74,2.0,0.2174926503326968,0.07932023355100304
0.75,2.0,0.21682432520442507,0.08015686698869688
0.76,2.0,0.21615099983916752,0.08098544299768459
0.77,2.0,0.21547279708258804,0.08180593555756589
0.78,2.0,0.21478983946668948,0.08261832083921043
0.79,2.0,0.2141022491670078,0.08342257718152743
0.8,2.0,0.21341014796077593,0.08421868506739381
0.81,2.0,0.21271365718607116,0.08500662709877835
0.8200000000000001,2.0,0.21201289770195833,0.08578638797109861
0.8300000000000001,2.0,0.21130798984963953,0.08655795444684779
0.84,2.0,0.2105990534146195,0.08732131532852773
0.85,2.0,0.2098862075898957,0.0880764614309256
0.86,2.0,0.20916957094017896,0.08882338555276983
0.87,2.0,0.208449261367151,0.08956208244780206
0.88,2.0,0.2077253960757632,0.0902925487953006
0.89,2.0,0.20699809154157875,0.09101478317009103
0.9,2.0,0.2062674634791623,0.09172878601207929
0.91,2.0,0.20553362681151538,0.09243455959534168
0.92,2.0,0.2047966956405596,0.09313210799680627
0.93,2.0,0.20405678321866483,0.09382143706455932
0.9400000000000001,2.0,0.20331400192122057,0.0945025543858105
0.9500000000000001,2.0,0.20256846322024716,0.09517546925454874
0.96,2.0,0.20182027765904223,0.09584019263892211
0.97,2.0,0.20106955482785752,0.09649673714837248
0.98,2.0,0.20031640334059886,0.09714511700055566
0.99,2.0,0.19956093081254386,0.0977853479880788
1.0,2.0,0.19880324383906778,0.09841744744508306
1.01,2.0,0.19804344797536996,0.09904143421370175
1.02,2.0,0.19728164771719078,0.0996573286104217
1.03,2.0,0.19651794648250936,0.10026515239237553
1.04,2.0,0.19575244659421082,0.10086492872359215
1.05,2.0,0.19498524926371183,0.10145668214123117
1.06,2.0,0.19421645457553194,0.10204043852182665
1.07,2.0,0.19344616147279856,0.10261622504756551
1.08,2.0,0.19267446774367186,0.1031840701726238
1.09,2.0,0.19190147000867594,0.10374400358958456
1.1,2.0,0.19112726370892202,0.10429605619595904
1.11,2.0,0.19035194309520906,0.1048402600608339
1.12,2.0,0.1895756012179867,0.10537664839166432
1.1300000000000001,2.0,0.18879832991816473,0.10590525550123366
1.1400000000000001,2.0,0.18802021981875394,0.10642611677479907
1.1500000000000001,2.0,0.18724136031732147,0.10693926863744119
1.16,2.0,0.18646183957924442,0.10744474852163617
1.17,2.0,0.18568174453174585,0.10794259483506721
1.18,2.0,0.1849011608586948,0.10843284692869119
1.19,2.0,0.18412017299615463,0.10891554506507703
1.2,2.0,0.1833388641286617,0.10939073038702965
1.21,2.0,0.18255731618621684,0.10985844488651435
1.22,2.0,0.18177560984197277,0.11031873137389454
1.23,2.0,0.18099382451059906,0.11077163344749566
1.24,2.0,0.18021203834730748,0.11121719546350738
1.25,2.0,0.17943032824752006,0.11165546250623526
1.26,2.0,0.17864876984716146,0.1120864803587124
1.27,2.0,0.17786743752355874,0.11251029547368117
1.28,2.0,0.17708640439693,0.11292695494495424
1.29,2.0,0.1763057423324449,0.11333650647916343
1.3,2.0,0.17552552194283902,0.11373899836790485
1.31,2.0,0.17474581259156455,0.11413447946028703
1.32,2.0,0.17396668239645974,0.1145229991358894
1.33,2.0,0.1731881982339202,0.11490460727813717
1.34,2.0,0.1724104257435543,0.11527935424809828
1.35,2.0,0.17163342933330594,0.11564729085870731
1.36,2.0,0.1708572721850274,0.1160084683494211
1.37,2.0,0.17008201626048594,0.1163629383613101
1.3800000000000001,2.0,0.1693077223077874,0.11671075291258888
1.3900000000000001,2.0,0.16853444986820024,0.11705196437458883
1.4000000000000001,2.0,0.16776225728336386,0.11738662544817545
1.41,2.0,0.16699120170286555,0.11771478914061248
1.42,2.0,0.16622133909217013,0.11803650874287461
1.43,2.0,0.16545272424088647,0.11835183780740935
1.44,2.0,0.16468541077135615,0.11866083012634941
1.45,2.0,0.16391945114754877,0.11896353971017579
1.46,2.0,0.1631548966842496,0.11926002076683134
1.47,2.0,0.1623917975565243,0.11955032768128454
1.48,2.0,0.16163020280944757,0.1198345149955427
1.49,2.0,0.1608701603680806,0.12011263738911349
1.5,2.0,0.1601117170476844,0.12038474965991308
1.51,2.0,0.15935491856415532,0.1206509067056197
1.52,2.0,0.15859980954466957,0.12091116350546985
1.53,2.0,0.15784643353852396,0.12116557510249525
1.54,2.0,0.15709483302816035,0.12141419658619779
1.55,2.0,0.1563450494403613,0.12165708307565952
1.56,2.0,0.15559712315760532,0.12189428970308473
1.57,2.0,0.15485109352956947,0.12212587159777007
1.58,2.0,0.15410699888476867,0.12235188387050042
1.59,2.0,0.1533648765423197,0.12257238159836513
1.6,2.0,0.15262476282381987,0.12278741980999186
1.61,2.0,0.1518866930653294,0.1229970534711931
1.62,2.0,0.1511507016294471,0.12320133747102123
1.6300000000000001,2.0,0.15041682191747024,0.12340032660822771
1.6400000000000001,2.0,0.14968508638162795,0.12359407557812165
1.6500000000000001,2.0,0.14895552653737903,0.12378263895982244
1.6600000000000001,2.0,0.1482281729757659,0.12396607120390239
1.67,2.0,0.1475030553758145,0.12414442662041357
1.68,2.0,0.1467802025169728,0.12431775936729378
1.69,2.0,0.14605964229157908,0.12448612343914685
1.7,2.0,0.14534140171735202,0.1246495726563911
1.71,2.0,0.1446255069498949,0.12480816065477088
1.72,2.0,0.14391198329520688,0.1249619408752261
1.73,2.0,0.14320085522219336,0.12511096655411305
1.74,2.0,0.14249214637516947,0.12525529071377214
1.75,2.0,0.1417858795863489,0.12539496615343554
1.76,2.0,0.1410820768883127,0.12553004544046978
1.77,2.0,0.14038075952645146,0.1256605809019477
1.78,2.0,0.13968194797137437,0.12578662461654289
1.79,2.0,0.13898566193128065,0.12590822840674176
1.8,2.0,0.1382919203642868,0.12602544383136707
1.81,2.0,0.13760074149070492,0.1261383221784066
1.82,2.0,0.13691214280526726,0.12624691445814187
1.83,2.0,0.13622614108929168,0.12635127139657024
1.84,2.0,0.1355427524227841,0.1264514434291152
1.85,2.0,0.13486199219647285,0.12654748069461833
1.86,2.0,0.13418387512377147,0.12663943302960762
1.87,2.0,0.13350841525266552,0.12672734996283597
1.8800000000000001,2.0,0.13283562597751988,0.12681128071008424
1.8900000000000001,2.0,0.13216552005080287,0.12689127416922308
1.9000000000000001,2.0,0.1314981095947238,0.12696737891552762
1.9100000000000001,2.0,0.13083340611278096,0.12703964319723954
1.92,2.0,0.1301714205012167,0.12710811493137064
1.93,2.0,0.12951216306037688,0.12717284169974255
1.94,2.0,0.12885564350597242,0.12723387074525658
1.95,2.0,0.12820187098023966,0.12729124896838886
1.96,2.0,0.1275508540629978,0.12734502292390446
1.97,2.0,0.12690260078260102,0.12739523881778572
1.98,2.0,0.12625711862678318,0.12744194250436927
1.99,2.0,0.12561441455339337,0.12748517948368612
2.0,2.0,0.1249744950010202,0.1275249948990002
2.0100000000000002,2.0,0.1243373658995037,0.12756143353453936
2.02,2.0,0.12370303268033293,0.12759453981341454
2.0300000000000002,2.0,0.1230715002869281,0.1276243577957215
2.04,2.0,0.12244277318480604,0.1276509311768203
2.05,2.0,0.12181685537162765,0.1276743032857878
2.06,2.0,0.12119375038712657,0.12769451708403784
2.07,2.0,0.12057346132291845,0.12771161516410523
2.08,2.0,0.11995599083218891,0.1277256397485876
2.09,2.0,0.11934134113926115,0.12773663268924182
2.1,2.0,0.11872951404904111,0.1277446354662293
2.11,2.0,0.118120510956341,0.1277496891875066
2.12,2.0,0.1175143328550795,0.12775183458835623
2.13,2.0,0.11691098034735974,0.1277511120310539
2.14,2.0,0.11631045365242355,0.12774756150466762
2.15,2.0,0.11571275261548292,0.12774122262498433
2.16,2.0,0.11511787671642759,0.12773213463456065
2.17,2.0,0.11452582507841017,0.127720336402893
2.18,2.0,0.11393659647630716,0.1277058664267034
2.19,2.0,0.11335018934505779,0.12768876283033734
2.2,2.0,0.11276660178787941,0.1276690633662694
2.21,2.0,0.11218583158436107,0.12764680541571358
2.22,2.0,0.11160787619843439,0.12762202598933384
2.23,2.0,0.11103273278622333,0.12759476172805229
2.24,2.0,0.11046039820377232,0.12756504890395062
2.25,2.0,0.10989086901465409,0.127532923421262
2.2600000000000002,2.0,0.10932414149745702,0.1274984208174495
2.27,2.0,0.10876021165315373,0.12746157626436877
2.2800000000000002,2.0,0.10819907521235007,0.1274224245695103
2.29,2.0,0.10764072764241672,0.12738100017731957
2.3000000000000003,2.0,0.10708516415450324,0.1273373371705912
2.31,2.0,0.10653237971043573,0.12729146927193427
2.32,2.0,0.10598236902949869,0.1272434298453061
2.33,2.0,0.10543512659510225,0.12719325189761133
2.34,2.0,0.10489064666133567,0.12714096808036385
2.35,2.0,0.10434892325940746,0.12708661069140864
2.36,2.0,0.10380995020397404,0.12703021167670087
2.37,2.0,0.10327372109935692,0.12697180263213984
2.38,2.0,0.10274022934565044,0.12691141480545512
2.39,2.0,0.1022094681447199,0.12684907909814244
2.4,2.0,0.10168143050609257,0.1267848260674471
2.41,2.0,0.1011561092527411,0.12671868592839214
2.42,2.0,0.10063349702676191,0.12665068855584968
2.43,2.0,0.10011358629494846,0.12658086348665268
2.44,2.0,0.0995963693542613,0.1265092399217449
2.45,2.0,0.09908183833719578,0.12643584672836775
2.46,2.0,0.09856998521704838,0.12636071244228095
2.47,2.0,0.09806080181308319,0.1262838652700158
2.48,2.0,0.09755427979559955,0.1262053330911589
2.49,2.0,0.0970504106909018,0.12612514346066409
2.5,2.0,0.0965491858861728,0.12604332361119164
2.5100000000000002,2.0,0.09605059663425203,0.12595990045547206
2.52,2.0,0.09555463405831963,0.12587490058869324
2.5300000000000002,2.0,0.09506128915648751,0.12578835029090935
2.54,2.0,0.09457055280629893,0.12570027552946952
2.5500000000000003,2.0,0.09408241576913737,0.12561070196146512
2.56,2.0,0.09359686869454649,0.12551965493619405
2.57,2.0,0.09311390212446174,0.12542715949764016
2.58,2.0,0.0926335064973553,0.12533324038696708
2.59,2.0,0.09215567215229553,0.12523792204502449
2.6,2.0,0.09168038933292162,0.12514122861486573
2.61,2.0,0.09120764819133569,0.12504318394427555
2.62,2.0,0.09073743879191218,0.12494381158830654
2.63,2.0,0.09026975111502718,0.12484313481182328
2.64,2.0,0.0898045750607075,0.12474117659205256
2.65,2.0,0.08934190045220206,0.12463795962113945
2.66,2.0,0.08888171703947535,0.12453350630870695
2.67,2.0,0.08842401450262555,0.1244278387844192
2.68,2.0,0.08796878245522732,0.12432097890054654
2.69,2.0,0.08751601044760128,0.12421294823453205
2.7,2.0,0.08706568797001062,0.12410376809155772
2.71,2.0,0.08661780445578682,0.12399345950711063
2.72,2.0,0.08617234928438469,0.12388204324954673
2.73,2.0,0.08572931178436877,0.1237695398226528
2.74,2.0,0.08528868123633143,0.12365596946820494
2.75,2.0,0.08485044687574447,0.12354135216852274
2.7600000000000002,2.0,0.08441459789574485,0.12342570764901921
2.77,2.0,0.08398112344985575,0.12330905538074446
2.7800000000000002,2.0,0.08355001265464439,0.12319141458292393
2.79,2.0,0.08312125459231715,0.12307280422548893
2.8000000000000003,2.0,0.08269483831325349,0.12295324303160035
2.81,2.0,0.08227075283847955,0.12283274948016372
2.82,2.0,0.0818489871620825,0.12271134180833569
2.83,2.0,0.08142953025356656,0.12258903801402118
2.84,2.0,0.0810123710601522,0.12246585585836084
2.85,2.0,0.08059749850901869,0.12234181286820767
2.86,2.0,0.08018490150949208,0.12221692633859338
2.87,2.0,0.07977456895517822,0.12209121333518277
2.88,2.0,0.07936648972604364,0.12196469069671698
2.89,2.0,0.07896065269044321,0.1218373750374439
2.9,2.0,0.07855704670709727,0.12170928274953632
2.91,2.0,0.0781556606270181,0.12158043000549691
2.92,2.0,0.07775648329538727,0.12145083276054994
2.93,2.0,0.07735950355338406,0.1213205067550189
2.94,2.0,0.0769647102399672,0.12118946751669064
2.95,2.0,0.07657209219360905,0.12105773036316446
2.96,2.0,0.07618163825398477,0.12092531040418696
2.97,2.0,0.07579333726361609,0.12079222254397165
2.98,2.0,0.07540717806947156,0.1206584814835036
2.99,2.0,0.07502314952452323,0.12052410172282824
3.0,2.0,0.0746412404892613,0.12038909756332467
3.0100000000000002,2.0,0.07426143983316712,0.120253483109963
3.02,2.0,0.07388373643614565,0.12011727227354548
3.0300000000000002,2.0,0.07350811918991801,0.11998047877293122
3.04,2.0,0.07313457699937494,0.1198431161372446
3.0500000000000003,2.0,0.07276309878389191,0.11970519770806674
3.06,2.0,0.07239367347860697,0.11956673664161029
3.0700000000000003,2.0,0.07202629003566148,0.11942774591087708
3.08,2.0,0.07166093742540514,0.11928823830779896
3.09,2.0,0.07129760463756546,0.11914822644536094
3.1,2.0,0.07093628068238297,0.11900772275970734
3.11,2.0,0.07057695459171233,0.1188667395122305
3.12,2.0,0.07021961542009038,0.11872528879164174
3.13,2.0,0.0698642522457718,0.1185833825160248
3.14,2.0,0.06951085417173285,0.11844103243487175
3.15,2.0,0.06915941032664419,0.11829825013110108
3.16,2.0,0.06880990986581298,0.11815504702305782
3.17,2.0,0.06846234197209547,0.11801143436649623
3.18,2.0,0.0681166958567801,0.11786742325654424
3.19,2.0,0.0677729607604423,0.1177230246296503
3.2,2.0,0.06743112595377122,0.11757824926551219
3.21,2.0,0.06709118073836924,0.11743310778898798
3.22,2.0,0.06675311444752438,0.11728761067198898
3.23,2.0,0.06641691644695712,0.117141768235355
3.24,2.0,0.06608257613554112,0.11699559065071148
3.25,2.0,0.0657500829459992,0.1168490879423089
3.2600000000000002,2.0,0.06541942634557465,0.11670226998884424
3.27,2.0,0.06509059583667888,0.11655514652526469
3.2800000000000002,2.0,0.06476358095751522,0.11640772714455354
3.29,2.0,0.06443837128268039,0.11626002129949825
3.3000000000000003,2.0,0.06411495642374312,0.11611203830444097
3.31,2.0,0.06379332602980134,0.1159637873370113
3.3200000000000003,2.0,0.0634734697880175,0.1158152774398413
3.33,2.0,0.06315537742413356,0.11566651752226337
3.34,2.0,0.06283903870296514,0.11551751636199015
3.35,2.0,0.062524443428876,0.11536828260677735
3.36,2.0,0.06221158144623302,0.11521882477606919
3.37,2.0,0.06190044263984194,0.11506915126262636
3.38,2.0,0.06159101693536489,0.11491927033413708
3.39,2.0,0.061283294299719404,0.11476919013481077
3.4,2.0,0.06097726474146007,0.11461891868695501
3.41,2.0,0.06067291831114254,0.11446846389253522
3.42,2.0,0.060370245101671015,0.1143178335347178
3.43,2.0,0.06006923524862883,0.11416703527939621
3.44,2.0,0.059769878930593455,0.1140160766767008
3.45,2.0,0.0594721663694353,0.11386496516249163
3.46,2.0,0.059176087830601506,0.11371370805983512
3.47,2.0,0.05888163362338474,0.11356231258046438
3.48,2.0,0.05858879410117735,0.11341078582622303
3.49,2.0,0.058297559661711275,0.11325913479049318
3.5,2.0,0.05800792074728421,0.11310736635960711
3.5100000000000002,2.0,0.05771986784497209,0.11295548731424324
3.52,2.0,0.05743339148682849,0.11280350433080623
3.5300000000000002,2.0,0.05714848225007108,0.11265142398279128
3.54,2.0,0.056865130757255675,0.11249925274213302
3.5500000000000003,2.0,0.05658332767643785,0.11234699698053884
3.56,2.0,0.056303063721322925,0.11219466297080684
3.5700000000000003,2.0,0.05602432965140399,0.11204225688812867
3.58,2.0,0.055747116272089045,0.1118897848113772
3.59,2.0,0.05547141443481673,0.11173725272437915
3.6,2.0,0.05519721503716156,0.11158466651717297
3.61,2.0,0.05492450902292872,0.11143203198725196
3.62,2.0,0.05465328738223851,0.1112793548407927
3.63,2.0,0.05438354115160107,0.11112664069386899
3.64,2.0,0.05411526141398136,0.11097389507365157
3.65,2.0,0.05384843929885479,0.11082112341959345
3.66,2.0,0.05358306598225371,0.11066833108460108
3.67,2.0,0.05331913268680506,0.1105155233361918
3.68,2.0,0.053056630681759295,0.110362705357637
3.69,2.0,0.05279555128301099,0.11020988224909206
3.7,2.0,0.05253588585311119,0.11005705902871216
3.71,2.0,0.052277625801271925,0.109904240633755
3.72,2.0,0.05202076258336285,0.10975143192166988
3.73,2.0,0.05176528770190056,0.10959863767117381
3.74,2.0,0.05151119270603042,0.10944586258331426
3.75,2.0,0.05125846919150148,0.10929311128251915
3.7600000000000002,2.0,0.05100710880063438,0.10914038831763374
3.77,2.0,0.05075710322228265,0.10898769816294511
3.7800000000000002,2.0,0.05050844419178747,0.10883504521919372
3.79,2.0,0.050261123490926214,0.10868243381457277
3.8000000000000003,2.0,0.05001513294785473,0.10852986820571493
3.81,2.0,0.04977046443704389,0.10837735257866717
3.8200000000000003,2.0,0.04952710987921016,0.10822489104985313
3.83,2.0,0.049285061241240866,0.10807248766702386
3.84,2.0,0.049044310536113765,0.10792014641019643
3.85,2.0,0.04880484982281159,0.10776787119258101
3.86,2.0,0.048566671206231406,0.10761566586149618
3.87,2.0,0.04832976683708912,0.1074635341992729
3.88,2.0,0.048094128911819196,0.1073114799241471
3.89,2.0,0.04785974967246963,0.10715950669114073
3.9,2.0,0.04762662140659281,0.10700761809293234
3.91,2.0,0.04739473644713163,0.10685581766071593
3.92,2.0,0.04716408717230175,0.10670410886504939
3.93,2.0,0.046934666005469645,0.10655249511669199
3.94,2.0,0.0467064654150269,0.10640097976743132
3.95,2.0,0.04647947791426051,0.10624956611089963
3.96,2.0,0.04625369606121985,0.1060982573833798
3.97,2.0,0.04602911245857983,0.10594705676460094
3.98,2.0,0.04580571975350087,0.10579596737852395
3.99,2.0,0.04558351063748546,0.10564499229411686
4.0,2.0,0.04536247784623175,0.10549413452612035
4.01,2.0,0.045142614159483875,0.1053433970358033
4.0200000000000005,2.0,0.04492391240087953,0.10519278273170875
4.03,2.0,0.04470636543779472,0.10504229447039017
4.04,2.0,0.044489966181185656,0.10489193505713812
4.05,2.0,0.04427470758542824,0.10474170724669782
4.0600000000000005,2.0,0.044060582648154836,0.10459161374397698
4.07,2.0,0.043847584410088986,0.10444165720474499
4.08,2.0,0.04363570595487731,0.10429184023632246
4.09,2.0,0.04342494040891972,0.10414216539826229
4.1,2.0,0.043215280941197115,0.10399263520302156
4.11,2.0,0.04300672076309728,0.10384325211662479
4.12,2.0,0.042799253128238804,0.10369401855931853
4.13,2.0,0.042592871332293065,0.10354493690621742
4.14,2.0,0.04238756871280448,0.10339600948794168
4.15,2.0,0.042183338649009104,0.10324723859124639
4.16,2.0,0.04198017456165167,0.10309862645964253
4.17,2.0,0.04177806991280087,0.10295017529400965
4.18,2.0,0.041577018205663424,0.10280188725320079
4.19,2.0,0.04137701298439667,0.10265376445463917
4.2,2.0,0.04117804783391987,0.10250580897490723
4.21,2.0,0.040980116379724194,0.10235802285032782
4.22,2.0,0.04078321228768158,0.10221040807753758
4.23,2.0,0.040587329263852584,0.10206296661405306
4.24,2.0,0.04039246105429306,0.10191570037882909
4.25,2.0,0.04019860144485986,0.10176861125280977
4.26,2.0,0.04000574426101571,0.10162170107947233
4.2700000000000005,2.0,0.03981388336763317,0.10147497166536364
4.28,2.0,0.03962301266879781,0.10132842478062956
4.29,2.0,0.039433126107610635,0.1011820621595375
4.3,2.0,0.03924421766598981,0.10103588550099159
4.3100000000000005,2.0,0.039056281364471784,0.10088989646904149
4.32,2.0,0.03886931126201187,0.10074409669338406
4.33,2.0,0.03868330145578416,0.10059848776985852
4.34,2.0,0.038498246080981055,0.10045307126093483
4.3500000000000005,2.0,0.03831413931061245,0.10030784869619583
4.36,2.0,0.03813097535530434,0.1001628215728126
4.37,2.0,0.03794874846309722,0.10001799135601375
4.38,2.0,0.03776745291924415,0.09987335947954816
4.39,2.0,0.037587083046008565,0.09972892734614174
4.4,2.0,0.0374076332024619,0.09958469632794795
4.41,2.0,0.03722909778428106,0.09944066776699233
4.42,2.0,0.037051471223545664,0.09929684297561095
4.43,2.0,0.0368747479885353,0.0991532232368831
4.44,2.0,0.03669892258352671,0.09900980980505805
4.45,2.0,0.03652398954859091,0.09886660390597618
4.46,2.0,0.036349943459390376,0.09872360673748426
4.47,2.0,0.036176778926976266,0.09858081946984538
4.48,2.0,0.03600449059758571,0.09843824324614303
4.49,2.0,0.0358330731524393,0.09829587918268011
4.5,2.0,0.03566252130753853,0.09815372836937211
4.51,2.0,0.03549282981346373,0.09801179187013541
4.5200000000000005,2.0,0.03532399345517186,0.09787007072326998
4.53,2.0,0.03515600705179486,0.09772856594183707
4.54,2.0,0.03498886545643803,0.09758727851403189
4.55,2.0,0.034822563555978785,0.09744620940355082
4.5600000000000005,2.0,0.034657096270865786,0.09730535954995422
4.57,2.0,0.034492458554918386,0.0971647298690238
4.58,2.0,0.03432864539512632,0.09702432125311548
4.59,2.0,0.034165651811449975,0.09688413457150725
4.6000000000000005,2.0,0.03400347285662094,0.09674417067074242
4.61,2.0,0.03384210361594316,0.09660443037496824
4.62,2.0,0.03368153920709424,0.09646491448626965
4.63,2.0,0.033521774779927585,0.09632562378499879
4.64,2.0,0.033362805516274775,0.09618655903009984
4.65,2.0,0.0332046266297486,0.0960477209594296
4.66,2.0,0.03304723336554666,0.09590911029007342
4.67,2.0,0.03289062100025526,0.09577072771865709
4.68,2.0,0.03273478484165428,0.09563257392165433
4.69,2.0,0.03257972022852227,0.09549464955569009
4.7,2.0,0.03242542253044244,0.09535695525783976
4.71,2.0,0.032271887147609014,0.09521949164592422
4.72,2.0,0.032119109510634396,0.09508225931880089
4.73,2.0,0.031967085080356936,0.09494525885665077
4.74,2.0,0.0318158093476494,0.09480849082126164
4.75,2.0,0.031665277833228006,0.09467195575630717
4.76,2.0,0.03151548608746225,0.09453565418762243
4.7700000000000005,2.0,0.031366429690185424,0.0943995866234755
4.78,2.0,0.03121810425050589,0.09426375355483538
4.79,2.0,0.03107050540661892,0.09412815545563623
4.8,2.0,0.030923628825619463,0.09399279278303786
4.8100000000000005,2.0,0.030777470203315536,0.09385766597768291
4.82,2.0,0.03063202526404251,0.09372277546395023
4.83,2.0,0.03048728976047796,0.09358812165020482
4.84,2.0,0.030343259473457482,0.09345370492904446
4.8500000000000005,2.0,0.030199930211791227,0.0933195256775429
4.86,2.0,0.03005729781208119,0.0931855842574895
4.87,2.0,0.029915358138539398,0.09305188101562589
4.88,2.0,0.029774107082806797,0.0929184162838791
4.89,2.0,0.029633540563773052,0.0927851903795916
4.9,2.0,0.029493654527397137,0.09265220360574815
4.91,2.0,0.02935444494652874,0.0925194562511995
4.92,2.0,0.02921590782073055,0.09238694859088299
4.93,2.0,0.029078039176101324,0.09225468088604012
4.94,2.0,0.028940835065099875,0.09212265338443111
4.95,2.0,0.028804291566369895,0.09199086632054647
4.96,2.0,0.028668404784565588,0.09185931991581564
4.97,2.0,0.028533170850178233,0.09172801437881282
4.98,2.0,0.028398585919363596,0.09159694990545983
4.99,2.0,0.02826464617377022,0.09146612667922618
5.0,2.0,0.02813134782036856,0.09133554487132649
5.01,2.0,0.027998687091281026,0.09120520464091496
5.0200000000000005,2.0,0.027866660243612933,0.09107510613527738
5.03,2.0,0.027735263559284344,0.09094524949002025
5.04,2.0,0.027604493344862664,0.09081563482925742
5.05,2.0,0.027474345931396374,0.09068626226579408
5.0600000000000005,2.0,0.027344817674249403,0.09055713190130818
5.07,2.0,0.027215904952936652,0.09042824382652939
5.08,2.0,0.027087604170960164,0.09029959812141547
5.09,2.0,0.026959911755646368,0.09017119485532626
5.1000000000000005,2.0,0.026832824157984173,0.09004303408719522
5.11,2.0,0.02670633785246399,0.08991511586569861
5.12,2.0,0.02658044933691759,0.08978744022942226
5.13,2.0,0.026455155132358944,0.089660007207026
5.14,2.0,0.026330451782825923,0.08953281681740585
5.15,2.0,0.026206335855222935,0.08940586906985401
5.16,2.0,0.026082803939164477,0.08927916396421644
5.17,2.0,0.025959852646819513,0.08915270149104829
5.18,2.0,0.025837478612756887,0.08902648163176732
5.19,2.0,0.025715678493791517,0.08890050435880494
5.2,2.0,0.02559444896883161,0.08877476963575531
5.21,2.0,0.025473786738726696,0.08864927741752227
5.22,2.0,0.025353688526116615,0.08852402765046415
5.23,2.0,0.025234151075281364,0.08839902027253675
5.24,2.0,0.025115171151991963,0.08827425521343417
5.25,2.0,0.024996745543362037,0.08814973239472758
5.26,2.0,0.024878871057700452,0.08802545173000224
5.2700000000000005,2.0,0.024761544524364812,0.08790141312499249
5.28,2.0,0.024644762793615865,0.08777761647771486
5.29,2.0,0.024528522736472724,0.08765406167859927
5.3,2.0,0.024412821244569106,0.08753074861061848
5.3100000000000005,2.0,0.024297655230010363,0.08740767714941558
5.32,2.0,0.02418302162523153,0.08728484716342984
5.33,2.0,0.024068917382856075,0.08716225851402064
5.34,2.0,0.023955339475555743,0.0870399110555898
5.3500000000000005,2.0,0.023842284895911108,0.08691780463570198
5.36,2.0,0.02372975065627319,0.08679593909520374
5.37,2.0,0.02361773378862575,0.08667431426834038
5.38,2.0,0.023506231344448646,0.08655292998287174
5.39,2.0,0.023395240394581927,0.08643178606018583
5.4,2.0,0.02328475802909092,0.08631088231541117
5.41,2.0,0.02317478135713212,0.08619021855752755
5.42,2.0,0.02306530750681991,0.08606979458947496
5.43,2.0,0.022956333625094243,0.08594961020826125
5.44,2.0,0.022847856877589136,0.08582966520506813
5.45,2.0,0.022739874448502027,0.08570995936535569
5.46,2.0,0.022632383540463975,0.08559049246896545
5.47,2.0,0.022525381374410743,0.08547126429022198
5.48,2.0,0.0224188651894547,0.0853522745980329
5.49,2.0,0.02231283224275763,0.08523352315598784
5.5,2.0,0.02220727980940428,0.08511500972245542
5.51,2.0,0.02210220518227686,0.0849967340506795
5.5200000000000005,2.0,0.021997605671930313,0.08487869588887352
5.53,2.0,0.021893478606468463,0.0847608949803138
5.54,2.0,0.021789821331420912,0.08464333106343142
5.55,2.0,0.02168663120962089,0.08452600387190276
5.5600000000000005,2.0,0.021583905621083796,0.08440891313473879
5.57,2.0,0.021481641962886683,0.08429205857637315
5.58,2.0,0.02137983764904844,0.08417543991674871
5.59,2.0,0.021278490110410875,0.0840590568714033
5.6000000000000005,2.0,0.02117759679452057,0.08394290915155381
5.61,2.0,0.021077155165511573,0.08382699646417938
5.62,2.0,0.020977162703988812,0.08371131851210323
5.63,2.0,0.02087761690691239,0.08359587499407335
5.64,2.0,0.020778515287482667,0.08348066560484213
5.65,2.0,0.02067985537502604,0.08336569003524465
5.66,2.0,0.02058163471488167,0.08325094797227608
5.67,2.0,0.020483850868288817,0.08313643909916779
5.68,2.0,0.020386501412275073,0.08302216309546243
5.69,2.0,0.020289583939545303,0.08290811963708783
5.7,2.0,0.020193096058371444,0.08279430839643018
5.71,2.0,0.02009703539248292,0.08268072904240559
5.72,2.0,0.020001399580957983,0.08256738124053113
5.73,2.0,0.019906186278115672,0.08245426465299457
5.74,2.0,0.019811393153408675,0.08234137893872322
5.75,2.0,0.01971701789131678,0.08222872375345165
5.76,2.0,0.01962305819124116,0.08211629874978864
5.7700000000000005,2.0,0.019529511767399414,0.08200410357728287
5.78,2.0,0.019436376348721338,0.08189213788248804
5.79,2.0,0.019343649678745335,0.0817804013090266
5.8,2.0,0.019251329515515704,0.08166889349765293
5.8100000000000005,2.0,0.01915941363148053,0.08155761408631533
5.82,2.0,0.0190678998133904,0.0814465627102174
5.83,2.0,0.018976785862197715,0.08133573900187815
5.84,2.0,0.01888606959295685,0.08122514259119161
5.8500000000000005,2.0,0.018795748834724877,0.08111477310548525
5.86,2.0,0.01870582143046314,0.08100463016957778
5.87,2.0,0.01861628523693943,0.08089471340583602
5.88,2.0,0.018527138124630884,0.08078502243423091
5.89,2.0,0.01843837797762757,0.08067555687239268
5.9,2.0,0.01835000269353678,0.0805663163356653
5.91,2.0,0.018262010183388022,0.08045730043716012
5.92,2.0,0.018174398371538593,0.08034850878780862
5.93,2.0,0.01808716519557997,0.08023994099641447
5.94,2.0,0.01800030860624476,0.08013159666970482
5.95,2.0,0.017913826567314377,0.08002347541238077
5.96,2.0,0.01782771705552736,0.07991557682716721
5.97,2.0,0.01774197806048833,0.07980790051486181
5.98,2.0,0.01765660758457766,0.0797004460743833
5.99,2.0,0.017571603642861748,0.07959321310281918
6.0,2.0,0.017486964263003942,0.07948620119547246
6.01,2.0,0.017402687485176115,0.07937940994590797
6.0200000000000005,2.0,0.017318771361970884,0.07927283894599779
6.03,2.0,0.017235213958314465,0.07916648778596617
6.04,2.0,0.01715201335138013,0.07906035605443357
6.05,2.0,0.017069167630502327,0.07895444333846025
6.0600000000000005,2.0,0.01698667489709139,0.07884874922358912
6.07,2.0,0.01690453326454892,0.07874327329388793
6.08,2.0,0.01682274085818369,0.07863801513199087
6.09,2.0,0.01674129581512825,0.0785329743191395
6.1000000000000005,2.0,0.01666019628425608,0.07842815043522311
6.11,2.0,0.0165794404260994,0.07832354305881847
6.12,2.0,0.0164990264127675,0.07821915176722899
6.13,2.0,0.016418952427865736,0.07811497613652321
6.140000000000001,2.0,0.016339216666415066,0.07801101574157278
6.15,2.0,0.01625981733477223,0.07790727015608992
6.16,2.0,0.01618075265055044,0.07780373895266422
6.17,2.0,0.01610202084254069,0.07770042170279885
6.18,2.0,0.01602362015063367,0.07759731797694637
6.19,2.0,0.01594554882574215,0.07749442734454384
6.2,2.0,0.015867805129724067,0.07739174937404754
6.21,2.0,0.015790387335306064,0.07728928363296701
6.22,2.0,0.015713293726007615,0.0771870296878987
6.23,2.0,0.015636522596065745,0.07708498710455901
6.24,2.0,0.015560072250360286,0.07698315544781692
6.25,2.0,0.015483941004339617,0.076881534281726
6.26,2.0,0.015408127183947039,0.07678012316955606
6.2700000000000005,2.0,0.015332629125547635,0.07667892167382419
6.28,2.0,0.015257445175855694,0.07657792935632543
6.29,2.0,0.015182573691862645,0.0764771457781629
6.3,2.0,0.015108013040765507,0.07637657049977747
6.3100000000000005,2.0,0.01503376159989592,0.07627620308097696
6.32,2.0,0.014959817756649662,0.076176043080965
6.33,2.0,0.01488617990841665,0.07607609005836921
6.34,2.0,0.014812846462511528,0.07597634357126926
6.3500000000000005,2.0,0.014739815836104689,0.0758768031772241
6.36,2.0,0.014667086456153897,0.0757774684332992
6.37,2.0,0.014594656759336286,0.07567833889609296
6.38,2.0,0.014522525191981,0.07557941412176304
6.390000000000001,2.0,0.01445069021000219,0.07548069366605198
6.4,2.0,0.014379150278832643,0.07538217708431268
6.41,2.0,0.01430790387335776,0.07528386393153329
6.42,2.0,0.014236949477850147,0.07518575376236183
6.43,2.0,0.014166285585904584,0.07508784613113033
6.44,2.0,0.014095910700373542,0.0749901405918786
6.45,2.0,0.01402582333330316,0.07489263669837774
6.46,2.0,0.01395602200586966,0.07479533400415309
6.47,2.0,0.013886505248316259,0.0746982320625069
6.48,2.0,0.013817271599890555,0.07460133042654075
6.49,2.0,0.013748319608782372,0.07450462864917742
6.5,2.0,0.013679647832062006,0.07440812628318245
6.51,2.0,0.013611254835619018,0.07431182288118549
6.5200000000000005,2.0,0.013543139194101422,0.07421571799570117
6.53,2.0,0.013475299490855323,0.07411981117914967
6.54,2.0,0.013407734317865011,0.07402410198387696
6.55,2.0,0.013340442275693488,0.07392858996217466
6.5600000000000005,2.0,0.013273421973423469,0.07383327466629976
6.57,2.0,0.013206672028598758,0.07373815564849372
6.58,2.0,0.013140191067166112,0.07364323246100155
6.59,2.0,0.013073977723417477,0.07354850465609034
6.6000000000000005,2.0,0.013008030639932708,0.07345397178606766
6.61,2.0,0.012942348467522704,0.07335963340329964
6.62,2.0,0.012876929865172904,0.07326548906022855
6.63,2.0,0.01281177349998725,0.07317153830939031
6.640000000000001,2.0,0.012746878047132565,0.07307778070343172
6.65,2.0,0.01268224218978334,0.07298421579512719
6.66,2.0,0.01261786461906689,0.07289084313739538
6.67,2.0,0.012553744034008949,0.07279766228331547
6.68,2.0,0.012489879141479676,0.07270467278614322
6.69,2.0,0.012426268656140023,0.07261187419932671
6.7,2.0,0.012362911300388538,0.07251926607652182
6.71,2.0,0.01229980580430852,0.07242684797160745
6.72,2.0,0.012236950905615588,0.07233461943870048
6.73,2.0,0.01217434534960563,0.0722425800321705
6.74,2.0,0.012111987889103172,0.0721507293066543
6.75,2.0,0.01204987728441003,0.07205906681706996
6.76,2.0,0.011988012303254454,0.07196759211863091
6.7700000000000005,2.0,0.011926391720740566,0.07187630476685965
6.78,2.0,0.01186501431929824,0.0717852043176012
6.79,2.0,0.01180387888863326,0.07169429032703636
6.8,2.0,0.011742984225677931,0.0716035623516947
6.8100000000000005,2.0,0.011682329134542008,0.07151301994846739
6.82,2.0,0.011621912426464017,0.07142266267461975
6.83,2.0,0.01156173291976288,0.07133249008780354
6.84,2.0,0.01150178943978995,0.07124250174606919
6.8500000000000005,2.0,0.011442080818881388,0.07115269720787755
6.86,2.0,0.011382605896310877,0.07106307603211172
6.87,2.0,0.011323363518242683,0.07097363777808849
6.88,2.0,0.011264352537685067,0.07088438200556955
6.890000000000001,2.0,0.011205571814444048,0.07079530827477264
6.9,2.0,0.011147020215077503,0.07070641614638241
6.91,2.0,0.011088696612849586,0.07061770518156106
6.92,2.0,0.011030599887685497,0.07052917494195879
6.93,2.0,0.010972728926126584,0.07044082498972416
6.94,2.0,0.010915082621285781,0.07035265488751415
6.95,2.0,0.010857659872803361,0.070264664198504
6.96,2.0,0.010800459586803009,0.07017685248639703
6.97,2.0,0.010743480675848231,0.07008921931543413
6.98,2.0,0.010686722058899074,0.0700017642504031
6.99,2.0,0.010630182661269185,0.06991448685664785
7.0,2.0,0.010573861414583151,0.0698273867000774
7.01,2.0,0.010517757256734164,0.06974046334717478
7.0200000000000005,2.0,0.010461869131842008,0.06965371636500553
7.03,2.0,0.010406195990211363,0.06956714532122639
7.04,2.0,0.010350736788290365,0.0694807497840935
7.05,2.0,0.010295490488629527,0.06939452932247063
7.0600000000000005,2.0,0.010240456059840917,0.06930848350583714
7.07,2.0,0.010185632476557686,0.0692226119042959
7.08,2.0,0.01013101871939382,0.06913691408858094
7.09,2.0,0.010076613774904254,0.06905138963006498
7.1000000000000005,2.0,0.010022416635545237,0.06896603810076682
7.11,2.0,0.009968426299635017,0.06888085907335867
7.12,2.0,0.009914641771314776,0.06879585212117313
7.13,2.0,0.009861062060509873,0.06871101681821018
7.140000000000001,2.0,0.009807686182891377,0.068626352739144
7.15,2.0,0.009754513159837884,0.06854185945932964
7.16,2.0,0.009701542018397567,0.06845753655480953
7.17,2.0,0.009648771791250553,0.06837338360231984
7.18,2.0,0.009596201516671574,0.06828940017929683
7.19,2.0,0.009543830238492838,0.06820558586388284
7.2,2.0,0.009491657006067248,0.06812194023493241
7.21,2.0,0.009439680874231813,0.06803846287201806
7.22,2.0,0.00938790090327137,0.06795515335543605
7.23,2.0,0.009336316158882571,0.06787201126621198
7.24,2.0,0.009284925712138114,0.06778903618610631
7.25,2.0,0.009233728639451233,0.06770622769761966
7.26,2.0,0.00918272402254047,0.06762358538399814
7.2700000000000005,2.0,0.009131910948394667,0.06754110882923837
7.28,2.0,0.009081288509238259,0.0674587976180926
7.29,2.0,0.009030855802496775,0.06737665133607353
7.3,2.0,0.008980611930762605,0.06729466956945905
7.3100000000000005,2.0,0.008930556001761026,0.06721285190529706
7.32,2.0,0.008880687128316479,0.0671311979314099
7.33,2.0,0.008831004428319049,0.06704970723639882
7.34,2.0,0.00878150702469123,0.06696837940964837
7.3500000000000005,2.0,0.00873219404535493,0.06688721404133056
7.36,2.0,0.008683064623198688,0.06680621072240912
7.37,2.0,0.008634117896045143,0.06672536904464339
7.38,2.0,0.008585353006618746,0.06664468860059235
7.390000000000001,2.0,0.008536769102513692,0.06656416898361837
7.4,2.0,0.008488365336162092,0.06648380978789109
7.41,2.0,0.008440140864802378,0.06640361060839085
7.42,2.0,0.008392094850447916,0.06632357104091244
7.43,2.0,0.008344226459855875,0.06624369068206837
7.44,2.0,0.008296534864496295,0.06616396912929236
7.45,2.0,0.008249019240521415,0.06608440598084256
7.46,2.0,0.00820167876873515,0.06600500083580471
7.47,2.0,0.008154512634562879,0.06592575329409522
7.48,2.0,0.008107520028021377,0.06584666295646424
7.49,2.0,0.008060700143689021,0.0657677294244985
7.5,2.0,0.00801405218067615,0.06568895230062417
7.51,2.0,0.007967575342595689,0.06561033118810965
7.5200000000000005,2.0,0.007921268837533963,0.06553186569106813
7.53,2.0,0.007875131878021722,0.06545355541446031
7.54,2.0,0.007829163681005379,0.0653753999640968
7.55,2.0,0.007783363467818443,0.06529739894664063
7.5600000000000005,2.0,0.007737730464153164,0.06521955196960952
7.57,2.0,0.0076922639000324014,0.06514185864137823
7.58,2.0,0.007646963009781648,0.06506431857118071
7.59,2.0,0.007601827032001303,0.06498693136911225
7.6000000000000005,2.0,0.007556855209539101,0.06490969664613154
7.61,2.0,0.007512046789462794,0.06483261401406266
7.62,2.0,0.0074674010230329465,0.06475568308559694
7.63,2.0,0.007422917165676014,0.06467890347429486
7.640000000000001,2.0,0.0073785944769575494,0.06460227479458783
7.65,2.0,0.007334432220555642,0.06452579666177985
7.66,2.0,0.007290429664234505,0.06444946869204919
7.67,2.0,0.007246586079818298,0.06437329050244996
7.68,2.0,0.007202900743165098,0.0642972617109136
7.69,2.0,0.007159372934141071,0.06422138193625038
7.7,2.0,0.007116001936594852,0.06414565079815074
7.71,2.0,0.007072787038332042,0.06407006791718663
7.72,2.0,0.007029727531089963,0.06399463291481279
7.73,2.0,0.006986822710512537,0.06391934541336793
7.74,2.0,0.006944071876125379,0.06384420503607592
7.75,2.0,0.006901474331311036,0.06376921140704682
7.76,2.0,0.006859029383284425,0.06369436415127798
7.7700000000000005,2.0,0.006816736343068446,0.06361966289465497
7.78,2.0,0.00677459452546975,0.06354510726395252
7.79,2.0,0.006732603249054692,0.06347069688683539
7.8,2.0,0.006690761836125447,0.06339643139185917
7.8100000000000005,2.0,0.006649069612696305,0.06332231040847108
7.82,2.0,0.006607525908470141,0.06324833356701068
7.83,2.0,0.006566130056815008,0.06317450049871044
7.84,2.0,0.006524881394740957,0.06310081083569646
7.8500000000000005,2.0,0.006483779262876964,0.063027264210989
7.86,2.0,0.006442823005448076,0.062953860258503
7.87,2.0,0.00640201197025266,0.06288059861304847
7.88,2.0,0.006361345508639863,0.06280747891033102
7.890000000000001,2.0,0.006320822975487187,0.06273450078695217
7.9,2.0,0.006280443729178278,0.0626616638804097
7.91,2.0,0.006240207131580797,0.0625889678290979
7.92,2.0,0.006200112548024517,0.06251641227230784
7.930000000000001,2.0,0.006160159347279534,0.06244399685022756
7.94,2.0,0.006120346901534643,0.06237172120394221
7.95,2.0,0.006080674586375866,0.06229958497543416
7.96,2.0,0.006041141780765124,0.06222758780758312
7.97,2.0,0.006001747867019077,0.06215572934416609
7.98,2.0,0.005962492230788075,0.06208400922985738
7.99,2.0,0.005923374261035323,0.062012427110228585
8.0,2.0,0.0058843933500161046,0.061940982631748465
8.01,2.0,0.005845548893257228,0.06186967544178286
8.02,2.0,0.005806840289536571,0.06179850518859446
8.03,2.0,0.005768266940862785,0.06172747152134266
8.040000000000001,2.0,0.005729828252455139,0.06165657409008328
8.05,2.0,0.005691523632723523,0.06158581254576836
8.06,2.0,0.005653352493248532,0.06151518654024578
8.07,2.0,0.005615314248761762,0.06144469572625895
8.08,2.0,0.005577408317126201,0.061374339757446425
8.09,2.0,0.005539634119316764,0.06130411828834152
8.1,2.0,0.005501991079400967,0.06123403097437185
8.11,2.0,0.005464478624519744,0.06116407747185885
8.120000000000001,2.0,0.00542709618486836,0.06109425743801727
8.13,2.0,0.005389843193677535,0.061024570530954676
8.14,2.0,0.00535271908719459,0.06095501640967083
8.15,2.0,0.005315723304664829,0.06088559473405715
8.16,2.0,0.005278855288312972,0.06081630516489601
8.17,2.0,0.005242114483324775,0.060747147363860145
8.18,2.0,0.005205500337828732,0.06067812099351198
8.19,2.0,0.005169012302877935,0.060609225717302866
8.2,2.0,0.005132649832432039,0.06054046119957235
8.21,2.0,0.005096412383339362,0.06047182710554745
8.22,2.0,0.005060299415319126,0.060403323101341846
8.23,2.0,0.005024310390943768,0.06033494885395502
8.24,2.0,0.004988444775621438,0.06026670403127147
8.25,2.0,0.004952702037578558,0.060198588302059826
8.26,2.0,0.0049170816478425645,0.06013060133597192
8.27,2.0,0.004881583080224703,0.06006274280354192
8.28,2.0,0.004846205811302995,0.05999501237618534
8.290000000000001,2.0,0.0048109493204052944,0.05992740972619812
8.3,2.0,0.00477581308959248,0.05985993452675565
8.31,2.0,0.0047407966036417115,0.059792586451911635
8.32,2.0,0.004705899350029889,0.05972536517659726
8.33,2.0,0.004671120818917146,0.05965827037661995
8.34,2.0,0.004636460503130493,0.05959130172866243
8.35,2.0,0.004601917898147575,0.05952445891028154
8.36,2.0,0.004567492502080528,0.05945774159990717
8.370000000000001,2.0,0.004533183815659931,0.05939114947684108
8.38,2.0,0.004498991342218937,0.05932468222125581
8.39,2.0,0.004464914587677413,0.059258339514193445
8.4,2.0,0.0044309530605262494,0.05919212103756442
8.41,2.0,0.004397106271811786,0.05912602647414632
8.42,2.0,0.004363373735120308,0.05906005550758269
8.43,2.0,0.004329754966562658,0.0589942078223817
8.44,2.0,0.00429624948475898,0.05892848310391495
8.45,2.0,0.004262856810823525,0.058862881038416165
8.46,2.0,0.004229576468349586,0.058797401312979836
8.47,2.0,0.004196407983394547,0.05873204361556002
8.48,2.0,0.0041633508844649975,0.05866680763496887
8.49,2.0,0.004130404702501969,0.058601693060875405
8.5,2.0,0.004097568970866283,0.05853669958380406
8.51,2.0,0.004064843225323984,0.05847182689513335
8.52,2.0,0.00403222700403186,0.058407074687094426
8.53,2.0,0.003999719847523095,0.05834244265276973
8.540000000000001,2.0,0.003967321298692977,0.0582779304860915
8.55,2.0,0.003935030902784754,0.05821353788184041
8.56,2.0,0.003902848207375523,0.05814926453564403
8.57,2.0,0.003870772762362269,0.05808511014397542
8.58,2.0,0.003838804119947967,0.05802107440415162
8.59,2.0,0.0038069418346277947,0.05795715701433217
8.6,2.0,0.0037751854631754276,0.05789335767351759
8.61,2.0,0.003743534564629429,0.05782967608154788
8.620000000000001,2.0,0.0037119887002797325,0.057766111939101
8.63,2.0,0.003680547433654231,0.05770266494769129
8.64,2.0,0.003649210330505419,0.057639334809667916
8.65,2.0,0.0036179769587971525,0.05757612122821339
8.66,2.0,0.0035868468886915074,0.05751302390734185
8.67,2.0,0.0035558196925356863,0.0574500425518976
8.68,2.0,0.003524894944849062,0.057387176867553444
8.69,2.0,0.0034940722223102726,0.05732442656080911
8.700000000000001,2.0,0.003463351103744404,0.05726179133898961
8.71,2.0,0.003432731170110302,0.05719927091024366
8.72,2.0,0.003402212004487893,0.05713686498354194
8.73,2.0,0.0033717931920656664,0.057074573268675564
8.74,2.0,0.003341474320128184,0.05701239547625435
8.75,2.0,0.0033112549780437133,0.05695033131770517
8.76,2.0,0.0032811347572519207,0.056888380505270314
8.77,2.0,0.0032511132512516405,0.056826542752005764
8.78,2.0,0.0032211900555887533,0.05676481777177949
8.790000000000001,2.0,0.0031913647678441163,0.05670320527926981
8.8,2.0,0.003161636987621607,0.05664170498996367
8.81,2.0,0.0031320063165361936,0.05658031662015485
8.82,2.0,0.0031024723582021452,0.056519039886942374
8.83,2.0,0.003073034718221276,0.05645787450822866
8.84,2.0,0.003043693004171296,0.056396820202717864
8.85,2.0,0.0030144468255942185,0.056335876689914105
8.86,2.0,0.002985295793984854,0.05627504369011973
8.870000000000001,2.0,0.0029562395227793773,0.056214320924433514
8.88,2.0,0.002927277627343994,0.05615370811474898
8.89,2.0,0.00289840972496362,0.056093204983752545
8.9,2.0,0.0028696354348307133,0.056032811254921815
8.91,2.0,0.002840954378034124,0.05597252665252375
8.92,2.0,0.002812366177548034,0.05591235090161291
8.93,2.0,0.002783870458220993,0.055852283728029674
8.94,2.0,0.002755466846764981,0.055792324858398384
8.950000000000001,2.0,0.0027271549717445805,0.05573247402012563
8.96,2.0,0.0026989344635662185,0.05567273094139839
8.97,2.0,0.0026708049544674436,0.05561309535118223
8.98,2.0,0.0026427660785063142,0.055553566979219454
8.99,2.0,0.0026148174715508424,0.05549414555602736
9.0,2.0,0.0025869587712684977,0.05543483081289636
9.01,2.0,0.00255918961711579,0.055375622481888154
9.02,2.0,0.0025315096503279243,0.055316520295833914
9.03,2.0,0.002503918513908513,0.055257523988332446
9.040000000000001,2.0,0.002476415852619347,0.055198633293748314
9.05,2.0,0.002449001312970287,0.05513984794721012
9.06,2.0,0.0024216745432091295,0.055081167684608454
9.07,2.0,0.002394435193311622,0.05502259224259421
9.08,2.0,0.0023672829149715075,0.05496412135857667
9.09,2.0,0.0023402173615906354,0.05490575477072168
9.1,2.0,0.0023132381882691325,0.054847492217949705
9.11,2.0,0.0022863450517956615,0.054789333439934085
9.120000000000001,2.0,0.0022595376106377078,0.05473127817709907
9.13,2.0,0.0022328155249319794,0.05467332617061805
9.14,2.0,0.0022061784564747964,0.05461547716241158
9.15,2.0,0.0021796260687126185,0.05455773089514559
9.16,2.0,0.0021531580267325867,0.05450008711222946
9.17,2.0,0.0021267739972531422,0.05444254555781418
9.18,2.0,0.002100473648614708,0.05438510597679045
9.19,2.0,0.0020742566507704237,0.05432776811478684
9.200000000000001,2.0,0.0020481226752769384,0.05427053171816781
9.21,2.0,0.002022071395285295,0.054213396534031955
9.22,2.0,0.001996102485531811,0.05415636231021006
9.23,2.0,0.0019702156223290724,0.05409942879526317
9.24,2.0,0.0019444104835569754,0.05404259573848079
9.25,2.0,0.0019186867486538058,0.05398586288987893
9.26,2.0,0.0018930440986073915,0.05392923000019826
9.27,2.0,0.0018674822159463183,0.053872696820902205
9.28,2.0,0.0018420007847311792,0.053816263104175026
9.290000000000001,2.0,0.001816599490545901,0.05375992860291999
9.3,2.0,0.0017912780204891328,0.053703693070757445
9.31,2.0,0.0017660360631656538,0.05364755626202288
9.32,2.0,0.0017408733086778708,0.05359151793176514
9.33,2.0,0.0017157894486173597,0.053535577835744426
9.34,2.0,0.001690784176056463,0.053479735730430474
9.35,2.0,0.0016658571855399295,0.05342399137300062
9.36,2.0,0.001641008173076628,0.05336834452133795
9.370000000000001,2.0,0.0016162368361312945,0.05331279493402934
9.38,2.0,0.0015915428736163486,0.05325734237036363
9.39,2.0,0.0015669259858837469,0.05320198659032971
9.4,2.0,0.0015423858747168997,0.0531467273546146
9.41,2.0,0.0015179222433226308,0.05309156442460159
9.42,2.0,0.0014935347963232028,0.053036497562368334
9.43,2.0,0.0014692232397483765,0.052981526530684976
9.44,2.0,0.0014449872810275279,0.052926651093012214
9.450000000000001,2.0,0.0014208266289818159,0.05287187101349947
9.46,2.0,0.001396740993816415,0.05281718605698297
9.47,2.0,0.001372730087112757,0.052762595988983835
9.48,2.0,0.0013487936218208557,0.05270810057570625
9.49,2.0,0.001324931312251687,0.0526536995840355
9.5,2.0,0.0013011428740695794,0.05259939278153617
9.51,2.0,0.0012774280242846914,0.052545179936450206
9.52,2.0,0.0012537864812455172,0.05249106081769503
9.53,2.0,0.0012302179646314349,0.05243703519486168
9.540000000000001,2.0,0.00120672219544532,0.05238310283821293
9.55,2.0,0.0011832988960062021,0.052329263518681404
9.56,2.0,0.0011599477899419406,0.05227551700786769
9.57,2.0,0.0011366686021819811,0.052221863078038486
9.58,2.0,0.00111346105895015,0.052168301502124675
9.59,2.0,0.0010903248877574745,0.05211483205371951
9.6,2.0,0.0010672598173950736,0.052061454507076735
9.61,2.0,0.0010442655779270798,0.05200816863710868
9.620000000000001,2.0,0.0010213419006835972,0.051954974219384394
9.63,2.0,0.0009984885182537408,0.05190187103012785
9.64,2.0,0.000975705164478665,0.051848858846216005
9.65,2.0,0.0009529915744446796,0.05179593744517693
9.66,2.0,0.000930347484476386,0.05174310660518802
9.67,2.0,0.0009077726321298744,0.05169036610507408
9.68,2.0,0.0008852667561859458,0.05163771572430552
9.69,2.0,0.0008628295966433833,0.05158515524299642
9.700000000000001,2.0,0.0008404608947122662,0.05153268444190273
9.71,2.0,0.0008181603928073438,0.051480303102420466
9.72,2.0,0.0007959278345413984,0.05142801100658377
9.73,2.0,0.0007737629647187143,0.051375807937063124
9.74,2.0,0.0007516655293285431,0.05132369367716348
9.75,2.0,0.0007296352755386269,0.05127166801082246
9.76,2.0,0.0007076719516887602,0.05121973072260847
9.77,2.0,0.0006857753072843924,0.051167881597718894
9.78,2.0,0.0006639450929902612,0.05111612042197825
9.790000000000001,2.0,0.0006421810606240765,0.05106444698183636
9.8,2.0,0.0006204829631502532,0.051012861064366574
9.81,2.0,0.0005988505546736442,0.05096136245726384
9.82,2.0,0.0005772835904333561,0.05090995094884297
9.83,2.0,0.0005557818267965795,0.05085862632803682
9.84,2.0,0.00053434502125246,0.05080738838439437
9.85,2.0,0.0005129729324060177,0.05075623690807909
9.86,2.0,0.0004916653199720911,0.050705171689866955
9.870000000000001,2.0,0.0004704219447693164,0.05065419252114474
9.88,2.0,0.00044924256871417545,0.05060329919390819
9.89,2.0,0.00042812695481503165,0.050552491500760216
9.9,2.0,0.00040707486716623633,0.0505017692349091
9.91,2.0,0.0003860860709422658,0.05045113219016669
9.92,2.0,0.00036516033239189136,0.050400580160946604
9.93,2.0,0.00034429741883237804,0.050350112942262486
9.94,2.0,0.0003234970986437357,0.05029973032972615
9.950000000000001,2.0,0.0003027591412629898,0.05024943211954585
9.96,2.0,0.00028208331717850295,0.05019921810852451
9.97,2.0,0.00026146939792430333,0.05014908809405788
9.98,2.0,0.00024091715607448742,0.05009904187413283
9.99,2.0,0.0002204263652376205,0.05004907924732555
10.0,2.0,0.00019999680005119936,0.0499992000127998
10.01,2.0,0.0001796282361761292,0.04994940397030511
10.02,2.0,0.00015932045029124286,0.04989969092017508
10.03,2.0,0.00013907322008785492,0.04985006066332558
10.040000000000001,2.0,0.0001188863242643435,0.04980051300125298
10.05,2.0,9.875954252077941e-05,0.049751047736032505
10.06,2.0,7.869265555355712e-05,0.04970166467031634
10.07,2.0,5.8685445050094046e-05,0.049652363607331974
10.08,2.0,3.873769368354417e-05,0.04960314435088049
10.09,2.0,1.8849185107539657e-05,0.04955400670533475
10.1,2.0,-9.802960490202442e-07,0.0495049504756377
10.11,2.0,-2.0750964187168294e-05,0.049455975467300684
10.120000000000001,2.0,-4.046303274301495e-05,0.04940708148640164
10.13,2.0,-6.011671419287378e-05,0.04935826833958344
10.14,2.0,-7.971222005836212e-05,0.04930953583405215
10.15,2.0,-9.924976091147091e-05,0.0492608837775753
10.16,2.0,-0.00011872954637957793,0.04921231197848023
10.17,2.0,-0.0001381517851504672,0.04916382024565231
10.18,2.0,-0.00015751668497729227,0.04911540838853329
10.19,2.0,-0.00017682445268351823,0.04906707621711959
10.200000000000001,2.0,-0.0001960752941678442,0.049018823541960584
10.21,2.0,-0.0002152694144090624,0.04897065017415695
10.22,2.0,-0.0002344070174709387,0.04892255592535894
10.23,2.0,-0.000253488306507017,0.04887454060776474
10.24,2.0,-0.0002725134837654267,0.04882660403411874
10.25,2.0,-0.00029148275059363333,0.048778746017709866
10.26,2.0,-0.00031039630744318875,0.04873096637236998
10.27,2.0,-0.0003292543538744391,0.048683264912472116
10.28,2.0,-0.000348057088561193,0.04863564145292887
10.290000000000001,2.0,-0.00036680470929539014,0.04858809580919071
10.3,2.0,-0.0003854974129917094,0.04854062779724439
10.31,2.0,-0.00040413539569217886,0.04849323723361119
10.32,2.0,-0.0004227188525707336,0.048445923935345324
10.33,2.0,-0.0004412479779377731,0.04839868772003231
10.34,2.0,-0.0004597229652446577,0.04835152840578732
10.35,2.0,-0.0004781440070882037,0.04830444581125351
10.36,2.0,-0.0004965112952151487,0.04825743975560043
10.370000000000001,2.0,-0.0005148250205265835,0.048210510058522366
10.38,2.0,-0.0005330853730823432,0.048163656540236736
10.39,2.0,-0.0005512925421054214,0.04811687902148245
10.4,2.0,-0.0005694467159862947,0.04807017732351831
10.41,2.0,-0.0005875480822872685,0.0480235512681214
10.42,2.0,-0.0006055968277467802,0.047977000677585424
10.43,2.0,-0.0006235931382836674,0.047930525374719195
10.44,2.0,-0.000641537199001424,0.04788412518284495
10.450000000000001,2.0,-0.000659429194192445,0.0478377999257968
10.46,2.0,-0.0006772693073421926,0.04779154942791912
10.47,2.0,-0.0006950577211334072,0.04774537351406497
10.48,2.0,-0.000712794617450247,0.04769927200959449
10.49,2.0,-0.000730480177382415,0.047653244740373364
10.5,2.0,-0.0007481145812292613,0.04760729153277116
10.51,2.0,-0.0007656980085038695,0.04756141221365986
10.52,2.0,-0.0007832306379371059,0.04751560661041223
10.53,2.0,-0.0008007126474816517,0.04746987455090025
10.540000000000001,2.0,-0.000818144214316014,0.04742421586349359
10.55,2.0,-0.0008355255148484987,0.04737863037705805
10.56,2.0,-0.0008528567247211897,0.04733311792095396
10.57,2.0,-0.0008701380188138706,0.0472876783250347
10.58,2.0,-0.0008873695712479423,0.04724231141964509
10.59,2.0,-0.0009045515553903195,0.04719701703561992
10.6,2.0,-0.0009216841438572917,0.047151795004282335
10.61,2.0,-0.0009387675085183726,0.0471066451574424
10.620000000000001,2.0,-0.0009558018205001225,0.04706156732739548
10.63,2.0,-0.0009727872501899413,0.047016561346920754
10.64,2.0,-0.000989723967239863,0.04697162704927975
10.65,2.0,-0.0010066121405702979,0.04692676426821471
10.66,2.0,-0.0010234519383737675,0.046881972837947206
10.67,2.0,-0.001040243528118631,0.046837252593176525
10.68,2.0,-0.0010569870765527528,0.04679260336907826
10.69,2.0,-0.0010736827497071888,0.046748025001302755
10.700000000000001,2.0,-0.0010903307128998345,0.04670351732597361
10.71,2.0,-0.001106931130739034,0.04665908017968623
10.72,2.0,-0.0011234841671272074,0.046614713399506305
10.73,2.0,-0.0011399899852644196,0.04657041682296835
10.74,2.0,-0.001156448747651955,0.04652619028807419
10.75,2.0,-0.0011728606160958434,0.04648203363329153
10.76,2.0,-0.0011892257517104063,0.04643794669755248
10.77,2.0,-0.0012055443149217363,0.04639392932025206
10.78,2.0,-0.0012218164654711873,0.04634998134124676
10.790000000000001,2.0,-0.0012380423624188434,0.04630610260085307
10.8,2.0,-0.001254222164146939,0.046262292939846086
10.81,2.0,-0.0012703560283633063,0.04621855219945796
10.82,2.0,-0.001286444112104762,0.04617488022137655
10.83,2.0,-0.0013024865717404836,0.046131276847743895
10.84,2.0,-0.0013184835629753838,0.046087741921154855
10.85,2.0,-0.0013344352408534526,0.046044275284655635
10.86,2.0,-0.0013503417597610686,0.04600087678174238
10.870000000000001,2.0,-0.0013662032734303216,0.04595754625635973
10.88,2.0,-0.001382019934942273,0.04591428355289941
10.89,2.0,-0.0013977918967302543,0.045871088516198824
10.9,2.0,-0.0014135193105830838,0.04582796099153963
10.91,2.0,-0.0014292023276483241,0.045784900824646334
10.92,2.0,-0.0014448410984354615,0.04574190786168488
10.93,2.0,-0.0014604357728191263,0.04569898194926128
10.94,2.0,-0.0014759865000422547,0.04565612293442021
10.950000000000001,2.0,-0.0014914934287192372,0.04561333066464356
10.96,2.0,-0.0015069567068390667,0.045570604987849164
10.97,2.0,-0.001522376481768455,0.0455279457523893
10.98,2.0,-0.0015377529002549358,0.04548535280704938
10.99,2.0,-0.001553086108429943,0.04544282600104654
11.0,2.0,-0.0015683762518118871,0.04540036518402832
11.01,2.0,-0.0015836234753091915,0.04535797020607123
11.02,2.0,-0.001598827923223329,0.04531564091767944
11.03,2.0,-0.0016139897392518472,0.0452733771697834
11.040000000000001,2.0,-0.0016291090664913486,0.04523117881373848
11.05,2.0,-0.0016441860474404708,0.04518904570132367
11.06,2.0,-0.0016592208240028654,0.04514697768474014
11.07,2.0,-0.0016742135374901356,0.04510497461660997
11.08,2.0,-0.0016891643286247604,0.045063036349974814
11.09,2.0,-0.0017040733375430104,0.045021162738294526
11.1,2.0,-0.0017189407037978494,0.044979353635445855
11.11,2.0,-0.0017337665663618067,0.04493760889572112
11.120000000000001,2.0,-0.0017485510636298498,0.04489592837382685
11.13,2.0,-0.0017632943334222183,0.044854311924882574
11.14,2.0,-0.0017779965129872657,0.04481275940441937
11.15,2.0,-0.0017926577390042719,0.04477127066837861
11.16,2.0,-0.0018072781475862462,0.044729845573110716
11.17,2.0,-0.0018218578742826995,0.044688483975373755
11.18,2.0,-0.0018363970540824252,0.04464718573233223
11.19,2.0,-0.001850895821416241,0.04460595070155571
11.200000000000001,2.0,-0.0018653543101597395,0.0445647787410176
11.21,2.0,-0.0018797726536359813,0.04452366970909383
11.22,2.0,-0.001894150984618241,0.044482623464561576
11.23,2.0,-0.0019084894353326642,0.04444163986659798
11.24,2.0,-0.0019227881374609583,0.04440071877477888
11.25,2.0,-0.0019370472221430521,0.04435986004907753
11.26,2.0,-0.0019512668199797385,0.044319063549863355
11.27,2.0,-0.001965447061035306,0.044278329137900675
11.28,2.0,-0.0019795880748401597,0.04423765667434744
11.290000000000001,2.0,-0.001993689990393415,0.04419704602075398
11.3,2.0,-0.002007752936165483,0.044156497039061784
11.31,2.0,-0.0020217770401006587,0.0441160095916022
11.32,2.0,-0.002035762429619662,0.044075583541095247
11.33,2.0,-0.002049709231622191,0.04403521875064833
11.34,2.0,-0.0020636175724894454,0.043994915083755026
11.35,2.0,-0.002077487578086647,0.04395467240429387
11.36,2.0,-0.00209131937376554,0.0439144905765271
11.370000000000001,2.0,-0.002105113084366881,0.04387436946509944
11.38,2.0,-0.0021188688342229,0.0438343089350369
11.39,2.0,-0.0021325867471597777,0.043794308851745546
11.4,2.0,-0.0021462669465000836,0.043754369081010276
11.41,2.0,-0.002159909555065209,0.04371448948899363
11.42,2.0,-0.0021735146951777835,0.04367466994223459
11.43,2.0,-0.0021870824886640904,0.04363491030764736
11.44,2.0,-0.002200613056856445,0.04359521045252019
11.450000000000001,2.0,-0.0022141065205955896,0.043555570244514175
11.46,2.0,-0.002227563000233039,0.04351598955166206
11.47,2.0,-0.0022409826156334607,0.043476468242367075
11.48,2.0,-0.00225436548617699,0.04343700618540173
11.49,2.0,-0.00226771173076157,0.04339760324990664
11.5,2.0,-0.002281021467805267,0.04335825930538938
11.51,2.0,-0.002294294815248561,0.04331897422172327
11.52,2.0,-0.0023075318905566473,0.04327974786914627
11.53,2.0,-0.0023207328107217036,0.04324058011825974
11.540000000000001,2.0,-0.0023338976922651616,0.04320147084002736
11.55,2.0,-0.0023470266512399416,0.043162419905773915
11.56,2.0,-0.002360119803232717,0.043123427187184184
11.57,2.0,-0.0023731772633661203,0.04308449255630176
11.58,2.0,-0.0023861991463009643,0.04304561588552792
11.59,2.0,-0.0023991855662384475,0.04300679704762051
11.6,2.0,-0.0024121366369223387,0.04296803591569278
11.61,2.0,-0.0024250524716411563,0.042929332363212225
11.620000000000001,2.0,-0.0024379331832303387,0.04289068626399953
11.63,2.0,-0.0024507788840743908,0.04285209749222738
11.64,2.0,-0.0024635896861090315,0.04281356592241938
11.65,2.0,-0.0024763657008233316,0.042775091429448894
11.66,2.0,-0.00248910703926182,0.04273667388853798
11.67,2.0,-0.002501813812026593,0.04269831317525622
11.68,2.0,-0.0025144861292794246,0.04266000916551968
11.69,2.0,-0.002527124100743835,0.04262176173558976
11.700000000000001,2.0,-0.0025397278357071726,0.042583570762072094
11.71,2.0,-0.0025522974430226687,0.0425454361219155
11.72,2.0,-0.0025648330311115004,0.042507357692410826
11.73,2.0,-0.0025773347079648197,0.0424693353511899
11.74,2.0,-0.00258980258114579,0.04243136897622443
11.75,2.0,-0.0026022367577915933,0.04239345844582492
11.76,2.0,-0.00261463734461545,0.0423556036386396
11.77,2.0,-0.0026270044479086065,0.04231780443365336
11.78,2.0,-0.002639338173542319,0.04228006071018663
11.790000000000001,2.0,-0.002651638626969837,0.042242372347894394
11.8,2.0,-0.0026639059132283565,0.04220473922676504
11.81,2.0,-0.0026761401369409794,0.04216716122711936
11.82,2.0,-0.002688341402318653,0.04212963822960947
11.83,2.0,-0.0027005098131621073,0.042092170115217736
11.84,2.0,-0.0027126454728637677,0.04205475676525577
11.85,2.0,-0.0027247484844096733,0.04201739806136332
11.86,2.0,-0.0027368189503813793,0.04198009388550731
11.870000000000001,2.0,-0.0027488569729578424,0.04194284411998072
11.88,2.0,-0.002760862653917296,0.04190564864740158
11.89,2.0,-0.002772836094639137,0.04186850735071196
11.9,2.0,-0.002784777396105776,0.041831420113176886
11.91,2.0,-0.0027966866589044874,0.041794386818383385
11.92,2.0,-0.0028085639832292554,0.041757407350239396
11.93,2.0,-0.002820409468882594,0.041720481592972765
11.94,2.0,-0.0028322232152773793,0.041683609431130274
11.950000000000001,2.0,-0.002844005321438659,0.041646790749576564
11.96,2.0,-0.002855755886005443,0.041610025433493174
11.97,2.0,-0.002867475007232507,0.0415733133683775
11.98,2.0,-0.0028791627829921752,0.04153665444004182
11.99,2.0,-0.0028908193107760843,0.041500048534612276
12.0,2.0,-0.002902444687696951,0.04146349553852788
12.01,2.0,-0.002914039010490331,0.04142699533853953
12.02,2.0,-0.002925602375516352,0.04139054782170901
12.030000000000001,2.0,-0.002937134878761462,0.04135415287540801
12.040000000000001,2.0,-0.002948636615840141,0.04131781038731715
12.05,2.0,-0.002960107681996634,0.04128152024542496
12.06,2.0,-0.0029715481721066497,0.041245282338026976
12.07,2.0,-0.0029829581806790524,0.0412090965537247
12.08,2.0,-0.002994337801857569,0.04117296278142464
12.09,2.0,-0.0030056871294224536,0.041136880910337396
12.1,2.0,-0.0030170062567921683,0.04110085082997663
12.11,2.0,-0.003028295277025044,0.04106487243015814
12.120000000000001,2.0,-0.0030395542828209323,0.04102894560099888
12.13,2.0,-0.0030507833665228516,0.04099307023291607
12.14,2.0,-0.003061982620118629,0.040957246216626136
12.15,2.0,-0.0030731521352425207,0.04092147344314386
12.16,2.0,-0.0030842920031768357,0.0408857518037814
12.17,2.0,-0.0030954023148535483,0.040850081190147325
12.18,2.0,-0.003106483160855895,0.04081446149414572
12.19,2.0,-0.0031175346314199727,0.040778892607975216
12.200000000000001,2.0,-0.0031285568164363263,0.040743374424128065
12.21,2.0,-0.003139549805451519,0.04070790683538925
12.22,2.0,-0.0031505136876697035,0.040672489734835504
12.23,2.0,-0.0031614485519541927,0.04063712301583441
12.24,2.0,-0.0031723544868289977,0.04060180657204347
12.25,2.0,-0.003183231580480378,0.04056654029740925
12.26,2.0,-0.0031940799207583843,0.040531324086166345
12.27,2.0,-0.003204899595178374,0.04049615783283662
12.280000000000001,2.0,-0.003215690690922547,0.04046104143222815
12.290000000000001,2.0,-0.003226453294841434,0.040425974779434444
12.3,2.0,-0.003237187493455434,0.040390957769833466
12.31,2.0,-0.0032478933729562826,0.04035599029908676
12.32,2.0,-0.003258571019208554,0.04032107226313856
12.33,2.0,-0.003269220517751138,0.04028620355821489
12.34,2.0,-0.0032798419537987174,0.04025138408082268
12.35,2.0,-0.0032904354122432274,0.040216613727748894
12.36,2.0,-0.0033010009776553192,0.0401818923960596
12.370000000000001,2.0,-0.003311538734285806,0.04014721998309913
12.38,2.0,-0.0033220487660671058,0.04011259638648922
12.39,2.0,-0.0033325311566146845,0.040078021504128085
12.4,2.0,-0.003342985989228473,0.04004349523418957
12.41,2.0,-0.0033534133468942915,0.0400090174751223
12.42,2.0,-0.0033638133122852708,0.03997458812564878
12.43,2.0,-0.003374185967763243,0.03994020708476458
12.44,2.0,-0.0033845313953801514,0.03990587425173742
12.450000000000001,2.0,-0.0033948496768794406,0.03987158952610634
12.46,2.0,-0.0034051408936974304,0.039837352807680866
12.47,2.0,-0.003415405126964706,0.03980316399654013
12.48,2.0,-0.0034256424575074833,0.03976902299303203
12.49,2.0,-0.0034358529658489664,0.03973492969777239
12.5,2.0,-0.003446036732210709,0.039700884011644115
12.51,2.0,-0.0034561938365139616,0.03966688583579633
12.52,2.0,-0.003466324358381016,0.0396329350716436
12.530000000000001,2.0,-0.0034764283771365322,0.03959903162086504
12.540000000000001,2.0,-0.0034865059718088703,0.039565175385403516
12.55,2.0,-0.003496557221131418,0.039531366267464785
12.56,2.0,-0.0035065822035438973,0.039497604169516705
12.57,2.0,-0.0035165809971936723,0.03946388899428841
12.58,2.0,-0.0035265536799370554,0.03943022064476946
12.59,2.0,-0.003536500329340599,0.039396599024209035
12.6,2.0,-0.0035464210226823743,0.039363024036115156
12.61,2.0,-0.0035563158369532706,0.039329495584253825
12.620000000000001,2.0,-0.0035661848488582537,0.03929601357264824
12.63,2.0,-0.003576028134817642,0.039262577905577994
12.64,2.0,-0.0035858457709683576,0.03922918848757827
12.65,2.0,-0.003595637833165201,0.03919584522343901
12.66,2.0,-0.0036054043969820813,0.03916254801820416
12.67,2.0,-0.0036151455377132686,0.03912929677717085
12.68,2.0,-0.0036248613303746175,0.03909609140588863
12.69,2.0,-0.003634551849704813,0.039062931810158616
12.700000000000001,2.0,-0.0036442171701665895,0.039029817896032784
12.71,2.0,-0.0036538573659479347,0.03899674956981315
12.72,2.0,-0.003663472510963312,0.03896372673805096
12.73,2.0,-0.0036730626788548724,0.03893074930754595
12.74,2.0,-0.003682627942993636,0.03889781718534555
12.75,2.0,-0.003692168376480694,0.03886493027874414
12.76,2.0,-0.0037016840521483948,0.038832088495282226
12.77,2.0,-0.0037111750425615282,0.038799291742745726
12.780000000000001,2.0,-0.0037206414200184877,0.03876653992916516
12.790000000000001,2.0,-0.0037300832565524498,0.03873383296281493
12.8,2.0,-0.0037395006239325343,0.038701170752212515
12.81,2.0,-0.003748893593664964,0.03866855320611775
12.82,2.0,-0.0037582622369942034,0.03863598023353205
12.83,2.0,-0.0037676066249041173,0.03860345174369765
12.84,2.0,-0.0037769268281191096,0.03857096764609688
12.85,2.0,-0.003786222917105242,0.0385385278504514
12.86,2.0,-0.0037954949620713826,0.03850613226672146
12.870000000000001,2.0,-0.003804743032970314,0.03847378080510516
12.88,2.0,-0.003813967199499848,0.03844147337603769
12.89,2.0,-0.0038231675311039557,0.038409209890190636
12.9,2.0,-0.0038323440969738436,0.03837699025847118
12.91,2.0,-0.00384149696604908,0.03834481439202144
12.92,2.0,-0.0038506262070186785,0.03831268220221768
12.93,2.0,-0.003859731888322179,0.03828059360066962
12.94,2.0,-0.0038688140781507462,0.03824854849921969
12.950000000000001,2.0,-0.0038778728444482384,0.0382165468099423
12.96,2.0,-0.0038869082549122798,0.03818458844514317
12.97,2.0,-0.0038959203769953293,0.03815267331735857
12.98,2.0,-0.003904909277905743,0.03812080133935457
12.99,2.0,-0.0039138750246088365,0.038088972424126406
13.0,2.0,-0.003922817683827921,0.03805718648489774
13.01,2.0,-0.003931737322045361,0.038025443435119904
13.02,2.0,-0.003940634005503619,0.03799374318847127
13.030000000000001,2.0,-0.0039495078002062724,0.037962085658856476
13.040000000000001,2.0,-0.003958358771919063,0.03793047076040581
13.05,2.0,-0.003967186986170916,0.03789889840747442
13.06,2.0,-0.003975992508254954,0.03786736851464167
13.07,2.0,-0.003984775403229527,0.03783588099671043
13.08,2.0,-0.003993535735919202,0.03780443576870641
13.09,2.0,-0.004002273570915786,0.03777303274587743
13.1,2.0,-0.004010988972579317,0.03774167184369275
13.11,2.0,-0.0040196820050390596,0.03771035297784243
13.120000000000001,2.0,-0.0040283527321945,0.037679076064236545
13.13,2.0,-0.004037001217716326,0.03764784101900464
13.14,2.0,-0.00404562752504741,0.037616647758494916
13.15,2.0,-0.004054231717403781,0.037585496199273656
13.16,2.0,-0.004062813857775604,0.03755438625812451
13.17,2.0,-0.004071374008928141,0.03752331785204783
13.18,2.0,-0.004079912233402699,0.037492290898259985
13.19,2.0,-0.004088428593517617,0.03746130531419275
13.200000000000001,2.0,-0.004096923151369186,0.03743036101749256
13.21,2.0,-0.004105395968832616,0.037399457926019924
13.22,2.0,-0.004113847107562966,0.037368595957848735
13.23,2.0,-0.004122276628996095,0.03733777503126559
13.24,2.0,-0.004130684594349588,0.037306995064769186
13.25,2.0,-0.004139071064623673,0.037276255977069614
13.26,2.0,-0.004147436100602172,0.03724555768708776
13.27,2.0,-0.004155779762853393,0.037214900113954605
13.280000000000001,2.0,-0.004164102111731066,0.03718428317701063
13.290000000000001,2.0,-0.004172403207375234,0.03715370679580513
13.3,2.0,-0.004180683109713174,0.037123170890095605
13.31,2.0,-0.004188941878460295,0.037092675379847104
13.32,2.0,-0.004197179573121039,0.03706222018523159
13.33,2.0,-0.004205396252989752,0.03703180522662729
13.34,2.0,-0.004213591977151605,0.037001430424618086
13.35,2.0,-0.004221766804483458,0.0369710956999929
13.36,2.0,-0.004229920793654739,0.03694080097374501
13.370000000000001,2.0,-0.004238054003128332,0.03691054616707147
13.38,2.0,-0.004246166491161427,0.03688033120137247
13.39,2.0,-0.004254258315806417,0.03685015599825072
13.4,2.0,-0.00426232953491173,0.036820020479510815
13.41,2.0,-0.004270380206122712,0.03678992456715863
13.42,2.0,-0.004278410386882467,0.0367598681834007
13.43,2.0,-0.004286420134432707,0.036729851250643625
13.44,2.0,-0.004294409505814607,0.03669987369149342
13.450000000000001,2.0,-0.004302378557869645,0.03666993542875493
13.46,2.0,-0.004310327347240429,0.03664003638543123
13.47,2.0,-0.004318255930371541,0.036610176484723006
13.48,2.0,-0.004326164363510369,0.03658035565002796
13.49,2.0,-0.004334052702707925,0.03655057380494018
13.5,2.0,-0.004341921003819674,0.03652083087324959
13.51,2.0,-0.004349769322506339,0.03649112677894131
13.52,2.0,-0.004357597714234733,0.0364614614461951
13.530000000000001,2.0,-0.004365406234278559,0.03643183479938472
13.540000000000001,2.0,-0.004373194937719212,0.03640224676307739
13.55,2.0,-0.004380963879446584,0.03637269726203315
13.56,2.0,-0.0043887131141598715,0.036343186221204304
13.57,2.0,-0.004396442696368362,0.036313713565734845
13.58,2.0,-0.004404152680392215,0.03628427922095983
13.59,2.0,-0.004411843120363272,0.036254883112404844
13.6,2.0,-0.004419514070225819,0.036225525165785394
13.61,2.0,-0.004427165583737373,0.03619620530700634
13.620000000000001,2.0,-0.004434797714469463,0.03616692346216131
13.63,2.0,-0.004442410515808389,0.036137679557532165
13.64,2.0,-0.004450004040956005,0.03610847351958836
13.65,2.0,-0.004457578342930468,0.03607930527498644
13.66,2.0,-0.004465133474567014,0.03605017475056942
13.67,2.0,-0.0044726694885187076,0.036021081873366285
13.68,2.0,-0.004480186437257186,0.035992026570591334
13.69,2.0,-0.004487684373073431,0.035963008769643715
13.700000000000001,2.0,-0.004495163348078499,0.03593402839810679
13.71,2.0,-0.0045026234142042584,0.03590508538374763
13.72,2.0,-0.004510064623204155,0.03587617965451643
13.73,2.0,-0.004517487026653913,0.035847311138545945
13.74,2.0,-0.004524890675952299,0.03581847976415098
13.75,2.0,-0.004532275622321829,0.03578968545982779
13.76,2.0,-0.0045396419168095,0.03576092815425357
13.77,2.0,-0.004546989610287521,0.0357322077762859
13.780000000000001,2.0,-0.004554318753454016,0.03570352425496216
13.790000000000001,2.0,-0.0045616293968337475,0.03567487751949907
13.8,2.0,-0.004568921590778828,0.03564626749929206
13.81,2.0,-0.004576195385469422,0.03561769412391478
13.82,2.0,-0.004583450830914467,0.03558915732311856
13.83,2.0,-0.004590687976952351,0.035560657026831866
13.84,2.0,-0.004597906873251634,0.03553219316515977
13.85,2.0,-0.004605107569311722,0.03550376566838339
13.86,2.0,-0.004612290114463574,0.03547537446695942
13.870000000000001,2.0,-0.0046194545578703864,0.035447019491519544
13.88,2.0,-0.004626600948528272,0.03541870067286994
13.89,2.0,-0.004633729335266949,0.03539041794199074
13.9,2.0,-0.004640839766750418,0.03536217123003553
13.91,2.0,-0.004647932291477633,0.03533396046833079
13.92,2.0,-0.004655006957783179,0.03530578558837541
13.93,2.0,-0.004662063813837941,0.03527764652184016
13.94,2.0,-0.004669102907649759,0.035249543200567154
13.950000000000001,2.0,-0.004676124287064111,0.03522147555656938
13.96,2.0,-0.00468312799976475,0.03519344352203015
13.97,2.0,-0.004690114093274386,0.03516544702930261
13.98,2.0,-0.004697082614955309,0.0351374860109092
13.99,2.0,-0.004704033612010063,0.03510956039954118
14.0,2.0,-0.004710967131482092,0.03508167012805812
14.01,2.0,-0.004717883220256365,0.03505381512948738
14.02,2.0,-0.00472478192506004,0.035025995337023615
14.030000000000001,2.0,-0.00473166329246309,0.03499821068402827
14.040000000000001,2.0,-0.004738527368878943,0.03497046110402912
14.05,2.0,-0.0047453742005651054,0.034942746530719694
14.06,2.0,-0.0047522038336238045,0.03491506689795885
14.07,2.0,-0.0047590163140026134,0.03488742213977025
14.08,2.0,-0.004765811687495057,0.03485981219034187
14.09,2.0,-0.004772589999741253,0.034832236984025516
14.1,2.0,-0.004779351296228524,0.034804696455336334
14.11,2.0,-0.0047860956222920085,0.03477719053895232
14.120000000000001,2.0,-0.0047928230231152735,0.034749719169713825
14.13,2.0,-0.004799533543730923,0.034722282282623106
14.14,2.0,-0.004806227229021209,0.03469487981284378
14.15,2.0,-0.004812904123718636,0.03466751169570042
14.16,2.0,-0.004819564272406551,0.03464017786667801
14.17,2.0,-0.00482620771951975,0.0346128782614215
14.18,2.0,-0.004832834509345077,0.03458561281573535
14.19,2.0,-0.004839444686022,0.03455838146558299
14.200000000000001,2.0,-0.004846038293543227,0.034531184147086405
14.21,2.0,-0.004852615375755259,0.034504020796525675
14.22,2.0,-0.004859175976359009,0.034476891350338434
14.23,2.0,-0.004865720138910352,0.03444979574511946
14.24,2.0,-0.004872247906820732,0.0344227339176202
14.25,2.0,-0.004878759323357719,0.034395705804748294
14.26,2.0,-0.004885254431645586,0.03436871134356712
14.27,2.0,-0.004891733274665886,0.03434175047129532
14.280000000000001,2.0,-0.004898195895258015,0.03431482312530635
14.290000000000001,2.0,-0.0049046423361197794,0.03428792924312803
14.3,2.0,-0.004911072639807956,0.03426106876244207
14.31,2.0,-0.004917486848738857,0.03423424162108362
14.32,2.0,-0.004923885005188886,0.03420744775704081
14.33,2.0,-0.004930267151295094,0.034180687108454316
14.34,2.0,-0.0049366333290557255,0.03415395961361689
14.35,2.0,-0.004942983580330777,0.034127265210972924
14.36,2.0,-0.004949317946842549,0.03410060383911799
14.370000000000001,2.0,-0.0049556364701761725,0.034073975436798395
14.38,2.0,-0.004961939191780165,0.03404737994291075
14.39,2.0,-0.004968226152966973,0.03402081729650151
14.4,2.0,-0.004974497394913506,0.033994287436766545
14.41,2.0,-0.004980752958661665,0.033967790303050686
14.42,2.0,-0.004986992885118884,0.03394132583484728
14.43,2.0,-0.004993217215058662,0.0339148939717978
14.44,2.0,-0.0049994259891210785,0.03388849465369135
14.450000000000001,2.0,-0.005005619247813334,0.033862127820464244
14.46,2.0,-0.005011797031510256,0.03383579341219961
14.47,2.0,-0.0050179593804548445,0.03380949136912691
14.48,2.0,-0.005024106334758762,0.03378322163162153
14.49,2.0,-0.005030237934402868,0.03375698414020438
14.5,2.0,-0.005036354219237734,0.0337307788355414
14.51,2.0,-0.005042455228984136,0.033704605658443194
14.52,2.0,-0.0050485410032335845,0.03367846454986458
14.530000000000001,2.0,-0.005054611581448824,0.03365235545090417
14.540000000000001,2.0,-0.0050606670029643246,0.033626278302803944
14.55,2.0,-0.005066707306986811,0.033600233046948834
14.56,2.0,-0.005072732532595735,0.033574219624866314
14.57,2.0,-0.005078742718743792,0.03354823797822596
14.58,2.0,-0.005084737904257404,0.033522288048839055
14.59,2.0,-0.005090718127837218,0.033496369778658164
14.6,2.0,-0.005096683428058602,0.03347048310977672
14.61,2.0,-0.005102633843372124,0.03344462798442862
14.620000000000001,2.0,-0.005108569412104042,0.0334188043449878
14.63,2.0,-0.00511449017245679,0.03339301213396784
14.64,2.0,-0.005120396162509459,0.03336725129402155
14.65,2.0,-0.005126287420218275,0.033341521767940564
14.66,2.0,-0.0051321639834170825,0.03331582349865494
14.67,2.0,-0.005138025889817812,0.03329015642923273
14.68,2.0,-0.005143873177010957,0.03326452050287961
14.69,2.0,-0.005149705882466047,0.03323891566293847
14.700000000000001,2.0,-0.005155524043532118,0.033213341852889
14.71,2.0,-0.005161327697438171,0.03318779901634733
14.72,2.0,-0.005167116881293647,0.03316228709706556
14.73,2.0,-0.005172891632088881,0.03313680603893144
14.74,2.0,-0.005178651986695574,0.03311135578596794
14.75,2.0,-0.005184397981867237,0.03308593628233284
14.76,2.0,-0.005190129654239668,0.03306054747231838
14.77,2.0,-0.005195847040331374,0.033035189300350834
14.780000000000001,2.0,-0.0052015501765440685,0.03300986171099016
14.790000000000001,2.0,-0.005207239099163076,0.032984564648929536
14.8,2.0,-0.0052129138443578185,0.032959298058995085
14.81,2.0,-0.005218574448182231,0.032934061886145366
14.82,2.0,-0.005224220946575232,0.032908856075471095
14.83,2.0,-0.005229853375361149,0.0328836805721947
14.84,2.0,-0.0052354717702501686,0.03285853532166996
14.85,2.0,-0.005241076166838764,0.032833420269381616
14.86,2.0,-0.0052466666006101515,0.03280833536094501
14.870000000000001,2.0,-0.005252243106934698,0.03278328054210567
14.88,2.0,-0.005257805721070381,0.032758255758738995
14.89,2.0,-0.005263354478163195,0.0327332609568498
14.9,2.0,-0.005268889413247607,0.032708296082572016
14.91,2.0,-0.00527441056124696,0.032683361082168266
14.92,2.0,-0.005279917956973905,0.03265845590202952
14.93,2.0,-0.005285411635130834,0.032633580488674714
14.94,2.0,-0.0052908916303102856,0.032608734788750364
14.950000000000001,2.0,-0.0052963579769953854,0.03258391874903026
14.96,2.0,-0.005301810709560235,0.03255913231641501
14.97,2.0,-0.005307249862270355,0.03253437543793175
14.98,2.0,-0.005312675469283088,0.032509648060733726
14.99,2.0,-0.005318087564648006,0.03248495013209998
15.0,2.0,-0.0053234861823073295,0.03246028159943493
15.01,2.0,-0.005328871356096328,0.03243564241026807
15.02,2.0,-0.0053342431197437356,0.032411032512253565
15.030000000000001,2.0,-0.005339601506872148,0.0323864518531699
15.040000000000001,2.0,-0.00534494655099843,0.032361900380919566
15.05,2.0,-0.005350278285534117,0.03233737804352862
15.06,2.0,-0.0053555967437858105,0.03231288478914642
15.07,2.0,-0.005360901958955578,0.032288420566045195
15.08,2.0,-0.005366193964141357,0.032263985322619766
15.09,2.0,-0.005371472792337336,0.032239579007387116
15.1,2.0,-0.005376738476434357,0.03221520156898611
15.11,2.0,-0.005381991049220295,0.03219085295617708
15.120000000000001,2.0,-0.005387230543380472,0.032166533117841546
15.13,2.0,-0.005392456991498008,0.03214224200298182
15.14,2.0,-0.005397670426054242,0.032117979560720676
15.15,2.0,-0.0054028708794290866,0.032093745740300994
15.16,2.0,-0.005408058383901441,0.032069540491085444
15.17,2.0,-0.005413232971649541,0.032045363762556116
15.18,2.0,-0.005418394674751357,0.03202121550431418
15.19,2.0,-0.005423543525184973,0.03199709566607957
15.200000000000001,2.0,-0.005428679554828945,0.03197300419769062
15.21,2.0,-0.0054338027954626954,0.031948941049103737
15.22,2.0,-0.005438913278766869,0.031924906170393064
15.23,2.0,-0.005444011036323722,0.03190089951175013
15.24,2.0,-0.005449096099617469,0.03187692102348355
15.25,2.0,-0.00545416850003467,0.03185297065601866
15.26,2.0,-0.005459228268864586,0.031829048359897166
15.27,2.0,-0.005464275437299546,0.03180515408577688
15.280000000000001,2.0,-0.005469310036435312,0.03178128778443134
15.290000000000001,2.0,-0.005474332097271435,0.03175744940674947
15.3,2.0,-0.005479341650711627,0.031733638903735296
15.31,2.0,-0.005484338727564102,0.03170985622650758
15.32,2.0,-0.0054893233585419435,0.03168610132629951
15.33,2.0,-0.005494295574263458,0.031662374154458384
15.34,2.0,-0.0054992554052525275,0.031638674662445264
15.35,2.0,-0.005504202881938962,0.03161500280183467
15.36,2.0,-0.005509138034658852,0.031591358524314266
15.370000000000001,2.0,-0.005514060893654916,0.03156774178168449
15.38,2.0,-0.005518971489076845,0.03154415252585832
15.39,2.0,-0.005523869850981647,0.03152059070886087
15.4,2.0,-0.0055287560093340024,0.03149705628282911
15.41,2.0,-0.005533629994006603,0.031473549200011566
15.42,2.0,-0.0055384918347804795,0.03145006941276798
15.43,2.0,-0.005543341561345364,0.031426616873568985
15.44,2.0,-0.005548179203300011,0.03140319153499583
15.450000000000001,2.0,-0.005553004790152541,0.03137979334974003
15.46,2.0,-0.005557818351320777,0.031356422270603077
15.47,2.0,-0.005562619916132583,0.031333078250496124
15.48,2.0,-0.005567409513826185,0.03130976124243966
15.49,2.0,-0.005572187173550514,0.03128647119956324
15.5,2.0,-0.005576952924365526,0.03126320807510512
15.51,2.0,-0.005581706795242541,0.031239971822412012
15.52,2.0,-0.005586448815064563,0.031216762394938733
15.530000000000001,2.0,-0.0055911790126266046,0.031193579746247927
15.540000000000001,2.0,-0.005595897416636021,0.031170423830009744
15.55,2.0,-0.005600604055712818,0.03114729460000155
15.56,2.0,-0.005605298958389994,0.03112419201010762
15.57,2.0,-0.0056099821531138344,0.031101116014318825
15.58,2.0,-0.005614653668244251,0.031078066566732364
15.59,2.0,-0.005619313532055098,0.031055043621551426
15.6,2.0,-0.00562396177273447,0.031032047133084946
15.610000000000001,2.0,-0.005628598418385045,0.031009077055747226
15.620000000000001,2.0,-0.005633223497024368,0.030986133344057733
15.63,2.0,-0.0056378370365851894,0.03096321595264074
15.64,2.0,-0.005642439064915755,0.03094032483622505
15.65,2.0,-0.005647029609780131,0.030917459949643705
15.66,2.0,-0.005651608698858505,0.030894621247833695
15.67,2.0,-0.005656176359747486,0.030871808685835663
15.68,2.0,-0.005660732619960429,0.03084902221879363
15.69,2.0,-0.005665277506927721,0.03082626180195467
15.700000000000001,2.0,-0.005669811047997089,0.03080352739066866
15.71,2.0,-0.005674333270433911,0.030780818940387984
15.72,2.0,-0.005678844201421496,0.03075813640666722
15.73,2.0,-0.005683343868061411,0.03073547974516289
15.74,2.0,-0.0056878322973737535,0.03071284891163315
15.75,2.0,-0.005692309516297459,0.030690243861937524
15.76,2.0,-0.005696775551690602,0.03066766455203662
15.77,2.0,-0.005701230430330677,0.030645110937991812
15.780000000000001,2.0,-0.005705674178914902,0.030622582975965026
15.790000000000001,2.0,-0.0057101068240605025,0.030600080622218404
15.8,2.0,-0.005714528392305008,0.030577603833114038
15.81,2.0,-0.005718938910106542,0.030555152565113708
15.82,2.0,-0.005723338403844098,0.03053272677477859
15.83,2.0,-0.005727726899817843,0.03051032641876899
15.84,2.0,-0.005732104424249396,0.030487951453844052
15.85,2.0,-0.0057364710032821,0.0304656018368615
15.860000000000001,2.0,-0.005740826662981331,0.030443277524777348
15.870000000000001,2.0,-0.005745171429334752,0.03042097847464565
15.88,2.0,-0.005749505328252619,0.03039870464361821
15.89,2.0,-0.005753828385568038,0.03037645598894431
15.9,2.0,-0.005758140627037263,0.03035423246797045
15.91,2.0,-0.005762442078339958,0.030332034038140075
15.92,2.0,-0.005766732765079487,0.0303098606569933
15.93,2.0,-0.005771012712783167,0.030287712282166642
15.94,2.0,-0.005775281946902572,0.03026558887139278
15.950000000000001,2.0,-0.005779540492813786,0.030243490382500245
15.96,2.0,-0.005783788375817671,0.03022141677341319
15.97,2.0,-0.005788025621140146,0.0301993680021511
15.98,2.0,-0.005792252253932462,0.030177344026828555
15.99,2.0,-0.005796468299271461,0.030155344805654946
16.0,2.0,-0.00580067378215984,0.03013337029693423
16.01,2.0,-0.005804868727526425,0.03011142045906464
16.02,2.0,-0.00580905316022643,0.03008949525053848
16.03,2.0,-0.005813227105041731,0.030067594629941782
16.04,2.0,-0.005817390586681107,0.030045718555954143
16.05,2.0,-0.00582154362978053,0.030023866987348376
16.06,2.0,-0.005825686258903405,0.03000203988299035
16.07,2.0,-0.005829818498540829,0.02998023720183863
16.080000000000002,2.0,-0.005833940373111865,0.029958458902944296
16.09,2.0,-0.005838051906963781,0.029936704945450685
16.1,2.0,-0.005842153124372321,0.029914975288593076
16.11,2.0,-0.005846244049541948,0.029893269891698514
16.12,2.0,-0.005850324706606111,0.029871588714185503
16.13,2.0,-0.00585439511962748,0.029849931715563792
16.14,2.0,-0.005858455312598217,0.029828298855434084
16.15,2.0,-0.005862505309440213,0.029806690093487843
16.16,2.0,-0.0058665451340053475,0.029785105389506975
16.17,2.0,-0.0058705748100757295,0.029763544703363648
16.18,2.0,-0.0058745943613639495,0.02974200799502001
16.19,2.0,-0.005878603811513324,0.02972049522452792
16.2,2.0,-0.005882603184098141,0.029699006352028757
16.21,2.0,-0.0058865925026239125,0.02967754133775314
16.22,2.0,-0.0058905717905276,0.029656100142020685
16.23,2.0,-0.005894541071177886,0.029634682725239767
16.240000000000002,2.0,-0.005898500367875382,0.029613289047907283
16.25,2.0,-0.005902449703852894,0.029591919070608416
16.26,2.0,-0.0059063891022756556,0.029570572754016356
16.27,2.0,-0.005910318586241558,0.029549250058892116
16.28,2.0,-0.0059142381787814025,0.029527950946084233
16.29,2.0,-0.0059181479028591185,0.029506675376528586
16.3,2.0,-0.005922047781372029,0.029485423311248114
16.31,2.0,-0.005925937837151048,0.029464194711352608
16.32,2.0,-0.005929818092960945,0.02944298953803845
16.330000000000002,2.0,-0.005933688571500559,0.029421807752588403
16.34,2.0,-0.0059375492954030365,0.029400649316371354
16.35,2.0,-0.005941400287236077,0.029379514190842095
16.36,2.0,-0.005945241569502132,0.029358402337541077
16.37,2.0,-0.005949073164638663,0.029337313718094178
16.38,2.0,-0.005952895095018353,0.02931624829421249
16.39,2.0,-0.0059567073829493436,0.02929520602769206
16.4,2.0,-0.005960510050675451,0.029274186880413697
16.41,2.0,-0.005964303120376401,0.02925319081434267
16.42,2.0,-0.0059680866141680515,0.02923221779152857
16.43,2.0,-0.005971860554102609,0.029211267774105043
16.44,2.0,-0.005975624962168864,0.029190340724289516
16.45,2.0,-0.005979379860292391,0.029169436604383044
16.46,2.0,-0.005983125270335805,0.02914855537677004
16.47,2.0,-0.005986861214098936,0.029127697003918065
16.48,2.0,-0.005990587713319094,0.029106861448377583
16.490000000000002,2.0,-0.005994304789671253,0.029086048672781778
16.5,2.0,-0.0059980124647682825,0.0290652586398463
16.51,2.0,-0.0060017107601611636,0.029044491312369025
16.52,2.0,-0.006005399697339199,0.029023746653229876
16.53,2.0,-0.006009079297730239,0.029003024625390565
16.54,2.0,-0.006012749582700884,0.028982325191894413
16.55,2.0,-0.006016410573556697,0.028961648315866062
16.56,2.0,-0.006020062291542426,0.028940993960511356
16.57,2.0,-0.006023704757842205,0.028920362089117
16.580000000000002,2.0,-0.006027337993579773,0.02889975266505046
16.59,2.0,-0.0060309620198186744,0.028879165651759676
16.6,2.0,-0.006034576857562474,0.028858601012772836
16.61,2.0,-0.006038182527754968,0.028838058711698235
16.62,2.0,-0.0060417790512803755,0.028817538712223957
16.63,2.0,-0.0060453664489635624,0.028797040978117753
16.64,2.0,-0.006048944741570242,0.02877656547322677
16.65,2.0,-0.006052513949807169,0.028756112161477377
16.66,2.0,-0.006056074094322359,0.02873568100687489
16.67,2.0,-0.006059625195705277,0.028715271973503435
16.68,2.0,-0.006063167274487051,0.028694885025525703
16.69,2.0,-0.006066700351140665,0.028674520127182714
16.7,2.0,-0.006070224446081162,0.02865417724279366
16.71,2.0,-0.006073739579665848,0.028633856336755647
16.72,2.0,-0.006077245772194485,0.028613557373543524
16.73,2.0,-0.006080743043909491,0.02859328031770964
16.740000000000002,2.0,-0.006084231414996137,0.028573025133883666
16.75,2.0,-0.006087710905582741,0.028552791786772395
16.76,2.0,-0.0060911815357408755,0.028532580241159476
16.77,2.0,-0.006094643325485538,0.02851239046190529
16.78,2.0,-0.006098096294775378,0.028492222413946673
16.79,2.0,-0.006101540463512857,0.028472076062296767
16.8,2.0,-0.006104975851544469,0.02845195137204479
16.81,2.0,-0.006108402478660911,0.02843184830835584
16.82,2.0,-0.006111820364597284,0.028411766836470665
16.830000000000002,2.0,-0.006115229529033289,0.02839170692170552
16.84,2.0,-0.006118629991593402,0.028371668529451922
16.85,2.0,-0.006122021771847075,0.028351651625176437
16.86,2.0,-0.006125404889308918,0.02833165617442054
16.87,2.0,-0.006128779363438886,0.028311682142800335
16.88,2.0,-0.006132145213642467,0.02829172949600645
16.89,2.0,-0.006135502459270872,0.02827179819980374
16.9,2.0,-0.006138851119621214,0.028251888220031187
16.91,2.0,-0.0061421912139366895,0.028231999522601598
16.92,2.0,-0.006145522761406774,0.028212132073501518
16.93,2.0,-0.006148845781167393,0.02819228583879096
16.94,2.0,-0.006152160292301108,0.028172460784603226
16.95,2.0,-0.0061554663138373,0.028152656877144737
16.96,2.0,-0.006158763864752353,0.0281328740826948
16.97,2.0,-0.006162052963969821,0.028113112367605452
16.98,2.0,-0.00616533363036062,0.028093371698301242
16.990000000000002,2.0,-0.006168605882743207,0.028073652041279058
17.0,2.0,-0.0061718697398837445,0.02805395336310793
17.01,2.0,-0.006175125220496293,0.028034275630428807
17.02,2.0,-0.0061783723432429745,0.02801461880995443
17.03,2.0,-0.006181611126734163,0.027994982868469086
17.04,2.0,-0.006184841589528644,0.027975367772828455
17.05,2.0,-0.006188063750133797,0.027955773489959385
17.06,2.0,-0.006191277627005769,0.02793619998685976
17.07,2.0,-0.006194483238549649,0.02791664723059824
17.080000000000002,2.0,-0.006197680603119632,0.027897115188314146
17.09,2.0,-0.006200869739019202,0.027877603827217233
17.1,2.0,-0.006204050664501293,0.027858113114587493
17.11,2.0,-0.006207223397768465,0.027838643017775017
17.12,2.0,-0.006210387956973077,0.027819193504199768
17.13,2.0,-0.006213544360217438,0.02779976454135142
17.14,2.0,-0.006216692625554008,0.027780356096789152
17.150000000000002,2.0,-0.006219832770985528,0.027760968138141492
17.16,2.0,-0.006222964814465212,0.027741600633106135
17.17,2.0,-0.0062260887738969095,0.02772225354944972
17.18,2.0,-0.006229204667135264,0.027702926855007713
17.19,2.0,-0.006232312511985883,0.02768362051768415
17.2,2.0,-0.006235412326205495,0.02766433450545154
17.21,2.0,-0.006238504127502137,0.027645068786350625
17.22,2.0,-0.006241587933535278,0.027625823328490215
17.23,2.0,-0.0062446637619160235,0.027606598100047026
17.240000000000002,2.0,-0.0062477316302072435,0.02758739306926549
17.25,2.0,-0.006250791555923753,0.02756820820445758
17.26,2.0,-0.0062538435565324645,0.027549043474002614
17.27,2.0,-0.006256887649452553,0.02752989884634714
17.28,2.0,-0.006259923852055616,0.02751077429000466
17.29,2.0,-0.006262952181665824,0.02749166977355557
17.3,2.0,-0.006265972655560086,0.02747258526564688
17.31,2.0,-0.0062689852909682,0.027453520734992125
17.32,2.0,-0.00627199010507302,0.02743447615037112
17.330000000000002,2.0,-0.006274987115010608,0.027415451480629856
17.34,2.0,-0.00627797633787038,0.027396446694680276
17.35,2.0,-0.006280957790695282,0.027377461761500112
17.36,2.0,-0.006283931490481917,0.02735849665013274
17.37,2.0,-0.006286897454180725,0.027339551329686965
17.38,2.0,-0.006289855698696119,0.027320625769336918
17.39,2.0,-0.006292806240886649,0.027301719938321794
17.400000000000002,2.0,-0.006295749097565142,0.02728283380594577
17.41,2.0,-0.006298684285498863,0.02726396734157779
17.42,2.0,-0.0063016118214096655,0.027245120514651396
17.43,2.0,-0.006304531721974133,0.027226293294664583
17.44,2.0,-0.006307444003823741,0.027207485651179603
17.45,2.0,-0.006310348683544996,0.02718869755382284
17.46,2.0,-0.006313245777679594,0.027169928972284593
17.47,2.0,-0.006316135302724553,0.027151179876318945
17.48,2.0,-0.006319017275132382,0.027132450235743583
17.490000000000002,2.0,-0.006321891711311203,0.027113740020439647
17.5,2.0,-0.006324758627624922,0.027095049200351558
17.51,2.0,-0.006327618040393352,0.027076377745486824
17.52,2.0,-0.006330469965892377,0.027057725625915945
17.53,2.0,-0.006333314420354092,0.027039092811772192
17.54,2.0,-0.006336151419966933,0.02702047927325146
17.55,2.0,-0.006338980980875836,0.02700188498061211
17.56,2.0,-0.006341803119182378,0.02698330990417482
17.57,2.0,-0.006344617850944914,0.026964754014322384
17.580000000000002,2.0,-0.006347425192178724,0.026946217281499617
17.59,2.0,-0.006350225158856146,0.02692769967621313
17.6,2.0,-0.006353017766906729,0.026909201169031196
17.61,2.0,-0.006355803032217367,0.02689072173058362
17.62,2.0,-0.006358580970632432,0.026872261331561512
17.63,2.0,-0.0063613515979539246,0.026853819942717207
17.64,2.0,-0.006364114929941608,0.026835397534864042
17.650000000000002,2.0,-0.006366870982313144,0.02681699407887625
17.66,2.0,-0.006369619770744237,0.02679860954568878
17.67,2.0,-0.006372361310868758,0.026780243906297116
17.68,2.0,-0.006375095618278895,0.026761897131757178
17.69,2.0,-0.006377822708525288,0.02674356919318512
17.7,2.0,-0.0063805425971171495,0.026725260061757194
17.71,2.0,-0.006383255299522422,0.02670696970870959
17.72,2.0,-0.006385960831167891,0.026688698105338304
17.73,2.0,-0.006388659207439335,0.026670445222998933
17.740000000000002,2.0,-0.006391350443681649,0.02665221103310658
17.75,2.0,-0.006394034555198981,0.02663399550713568
17.76,2.0,-0.006396711557254868,0.02661579861661982
17.77,2.0,-0.006399381465072361,0.026597620333151644
17.78,2.0,-0.00640204429383416,0.02657946062838263
17.79,2.0,-0.006404700058682746,0.02656131947402303
17.8,2.0,-0.006407348774720511,0.02654319684184162
17.81,2.0,-0.006409990457009884,0.026525092703665643
17.82,2.0,-0.006412625120573467,0.026507007031380585
17.830000000000002,2.0,-0.006415252780394162,0.026488939796930067
17.84,2.0,-0.00641787345141529,0.0264708909723157
17.85,2.0,-0.006420487148540734,0.0264528605295969
17.86,2.0,-0.006423093886635059,0.026434848440890793
17.87,2.0,-0.00642569368052364,0.02641685467837202
17.88,2.0,-0.006428286544992785,0.026398879214272624
17.89,2.0,-0.006430872494789866,0.026380922020881867
17.900000000000002,2.0,-0.006433451544623444,0.026362983070546134
17.91,2.0,-0.00643602370916339,0.026345062335668756
17.92,2.0,-0.0064385890030410195,0.026327159788709857
17.93,2.0,-0.006441147440849197,0.026309275402186236
17.94,2.0,-0.006443699037142488,0.026291409148671195
17.95,2.0,-0.006446243806437255,0.02627356100079443
17.96,2.0,-0.006448781763211797,0.026255730931241852
17.97,2.0,-0.006451312921906466,0.026237918912755474
17.98,2.0,-0.006453837296923794,0.02622012491813324
17.990000000000002,2.0,-0.006456354902628603,0.026202348920228907
18.0,2.0,-0.006458865753348136,0.026184590891951905
18.01,2.0,-0.006461369863372177,0.026166850806267156
18.02,2.0,-0.006463867246953168,0.026149128636194997
18.03,2.0,-0.006466357918306327,0.02613142435481098
18.04,2.0,-0.00646884189160977,0.026113737935245775
18.05,2.0,-0.006471319181004632,0.026096069350684998
18.06,2.0,-0.0064737898005951785,0.02607841857436911
18.07,2.0,-0.006476253764448932,0.026060785579593224
18.080000000000002,2.0,-0.006478711086596784,0.026043170339707034
18.09,2.0,-0.006481161781033107,0.026025572828114622
18.1,2.0,-0.0064836058617158835,0.02600799301827434
18.11,2.0,-0.006486043342566811,0.025990430883698686
18.12,2.0,-0.006488474237471424,0.025972886397954136
18.13,2.0,-0.006490898560279208,0.025955359534661052
18.14,2.0,-0.0064933163248037115,0.025937850267493495
18.150000000000002,2.0,-0.006495727544822662,0.025920358570179138
18.16,2.0,-0.006498132234078082,0.0259028844164991
18.17,2.0,-0.0065005304062764006,0.02588542778028782
18.18,2.0,-0.006502922075088562,0.02586798863543293
18.19,2.0,-0.006505307254150155,0.0258505669558751
18.2,2.0,-0.006507685957061499,0.025833162715607937
18.21,2.0,-0.006510058197387777,0.02581577588867782
18.22,2.0,-0.006512423988659142,0.025798406449183797
18.23,2.0,-0.006514783344370824,0.025781054371277423
18.240000000000002,2.0,-0.0065171362779832395,0.025763719629162643
18.25,2.0,-0.006519482802922106,0.02574640219709568
18.26,2.0,-0.006521822932578556,0.025729102049384868
18.27,2.0,-0.006524156680309235,0.02571181916039053
18.28,2.0,-0.00652648405943642,0.02569455350452487
18.29,2.0,-0.006528805083248123,0.025677305056251837
18.3,2.0,-0.006531119764998201,0.025660073790086963
18.31,2.0,-0.00653342811790646,0.02564285968059727
18.32,2.0,-0.006535730155158776,0.02562566270240113
18.330000000000002,2.0,-0.006538025889907179,0.025608482830168134
18.34,2.0,-0.0065403153352699825,0.025591320038618977
18.35,2.0,-0.006542598504331875,0.025574174302525295
18.36,2.0,-0.006544875410144029,0.025557045596709592
18.37,2.0,-0.006547146065724214,0.02553993389604505
18.38,2.0,-0.006549410484056889,0.025522839175455468
18.39,2.0,-0.006551668678093316,0.02550576140991508
18.400000000000002,2.0,-0.006553920660751663,0.02548870057444846
18.41,2.0,-0.006556166444917103,0.0254716566441304
18.42,2.0,-0.0065584060434419255,0.02545462959408576
18.43,2.0,-0.006560639469145632,0.025437619399489367
18.44,2.0,-0.006562866734815044,0.025420626035565868
18.45,2.0,-0.006565087853204404,0.025403649477589635
18.46,2.0,-0.0065673028370354745,0.025386689700884615
18.47,2.0,-0.006569511698997638,0.02536974668082423
18.48,2.0,-0.006571714451748014,0.025352820392831224
18.490000000000002,2.0,-0.006573911107911537,0.025335910812377575
18.5,2.0,-0.0065761016800810704,0.025319017914984348
18.51,2.0,-0.006578286180817509,0.02530214167622158
18.52,2.0,-0.0065804646226498694,0.025285282071708163
18.53,2.0,-0.006582637018075395,0.025268439077111713
18.54,2.0,-0.006584803379559656,0.02525161266814848
18.55,2.0,-0.00658696371953664,0.025234802820583158
18.56,2.0,-0.006589118050408866,0.02521800951022886
18.57,2.0,-0.006591266384547465,0.02520123271294691
18.580000000000002,2.0,-0.0065934087342922896,0.02518447240464679
18.59,2.0,-0.006595545111952004,0.025167728561285987
18.6,2.0,-0.006597675529804185,0.025151001158869857
18.61,2.0,-0.006599800000095417,0.02513429017345157
18.62,2.0,-0.006601918535041394,0.02511759558113192
18.63,2.0,-0.006604031146827003,0.025100917358059256
18.64,2.0,-0.006606137847606426,0.025084255480429335
18.650000000000002,2.0,-0.006608238649503243,0.025067609924485236
18.66,2.0,-0.006610333564610514,0.02505098066651723
18.67,2.0,-0.006612422604990883,0.025034367682862626
18.68,2.0,-0.0066145057826766575,0.025017770949905725
18.69,2.0,-0.0066165831096699325,0.025001190444077642
18.7,2.0,-0.006618654597942643,0.02498462614185624
18.71,2.0,-0.006620720259436696,0.02496807801976597
18.72,2.0,-0.0066227801060640325,0.024951546054377802
18.73,2.0,-0.00662483414970674,0.024935030222309057
18.740000000000002,2.0,-0.006626882402217134,0.024918530500223347
18.75,2.0,-0.00662892487541786,0.02490204686483043
18.76,2.0,-0.006630961581101973,0.024885579292886102
18.77,2.0,-0.0066329925310330325,0.024869127761192093
18.78,2.0,-0.0066350177369452,0.024852692246595937
18.79,2.0,-0.006637037210543318,0.02483627272599088
18.8,2.0,-0.006639050963503013,0.024819869176315748
18.81,2.0,-0.0066410590074707735,0.024803481574554854
18.82,2.0,-0.0066430613540640485,0.024787109897737872
18.830000000000002,2.0,-0.006645058014871328,0.024770754122939737
18.84,2.0,-0.006647049001452241,0.024754414227280534
18.85,2.0,-0.006649034325337638,0.024738090187925364
18.86,2.0,-0.006651013998029678,0.024721781982084273
18.87,2.0,-0.006652988031001927,0.02470548958701211
18.88,2.0,-0.006654956435699427,0.024689212980008438
18.89,2.0,-0.006656919223538803,0.024672952138417404
18.900000000000002,2.0,-0.006658876405908334,0.024656707039627652
18.91,2.0,-0.006660827994168051,0.024640477661072215
18.92,2.0,-0.006662773999649817,0.024624263980228364
18.93,2.0,-0.006664714433657416,0.024608065974617573
18.94,2.0,-0.006666649307466637,0.024591883621805342
18.95,2.0,-0.006668578632325358,0.024575716899401127
18.96,2.0,-0.006670502419453641,0.024559565785058232
18.97,2.0,-0.006672420680043791,0.02454343025647369
18.98,2.0,-0.006674333425260479,0.02452731029138816
18.990000000000002,2.0,-0.0066762406662407925,0.024511205867585824
19.0,2.0,-0.006678142414094335,0.024495116962894282
19.01,2.0,-0.006680038679903309,0.02447904355518444
19.02,2.0,-0.006681929474722598,0.024462985622370422
19.03,2.0,-0.00668381480957984,0.024446943142409427
19.04,2.0,-0.006685694695475529,0.024430916093301683
19.05,2.0,-0.006687569143383084,0.02441490445309028
19.06,2.0,-0.006689438164248934,0.02439890819986112
19.07,2.0,-0.0066913017689925955,0.024382927311742766
19.080000000000002,2.0,-0.0066931599685067684,0.024366961766906378
19.09,2.0,-0.006695012773657399,0.024351011543565594
19.1,2.0,-0.006696860195283772,0.02433507661997641
19.11,2.0,-0.0066987022441985875,0.024319156974437112
19.12,2.0,-0.006700538931188047,0.024303252585288145
19.13,2.0,-0.006702370267011923,0.024287363430912035
19.14,2.0,-0.00670419626240365,0.024271489489733254
19.150000000000002,2.0,-0.0067060169280703935,0.024255630740218154
19.16,2.0,-0.006707832274693137,0.024239787160874854
19.17,2.0,-0.006709642312926758,0.024223958730253122
19.18,2.0,-0.0067114470534001104,0.0242081454269443
19.19,2.0,-0.0067132465067160935,0.024192347229581183
19.2,2.0,-0.00671504068345174,0.024176564116837947
19.21,2.0,-0.006716829594158289,0.02416079606743
19.22,2.0,-0.0067186132493612626,0.02414504306011395
19.23,2.0,-0.006720391659560553,0.02412930507368743
19.240000000000002,2.0,-0.00672216483523048,0.024113582086989077
19.25,2.0,-0.00672393278681989,0.024097874078898372
19.26,2.0,-0.006725695524752216,0.024082181028335564
19.27,2.0,-0.0067274530594255595,0.02406650291426159
19.28,2.0,-0.006729205401212771,0.024050839715677938
19.29,2.0,-0.006730952560461513,0.02403519141162659
19.3,2.0,-0.006732694547494359,0.024019557981189897
19.31,2.0,-0.006734431372608836,0.024003939403490496
19.32,2.0,-0.00673616304607753,0.023988335657691196
19.330000000000002,2.0,-0.006737889578148139,0.02397274672299492
19.34,2.0,-0.006739610979043559,0.023957172578644565
19.35,2.0,-0.006741327258961958,0.023941613203922928
19.36,2.0,-0.006743038428076843,0.023926068578152614
19.37,2.0,-0.006744744496537134,0.023910538680695915
19.38,2.0,-0.006746445474467249,0.02389502349095476
19.39,2.0,-0.006748141371967161,0.023879522988370577
19.400000000000002,2.0,-0.006749832199112487,0.023864037152424224
19.41,2.0,-0.006751517965954539,0.023848565962635883
19.42,2.0,-0.006753198682520424,0.023833109398564967
19.43,2.0,-0.006754874358813091,0.023817667439810043
19.44,2.0,-0.0067565450048114204,0.023802240066008704
19.45,2.0,-0.006758210630470281,0.023786827256837517
19.46,2.0,-0.006759871245720615,0.02377142899201189
19.47,2.0,-0.0067615268604694955,0.023756045251286016
19.48,2.0,-0.006763177484600218,0.023740676014452757
19.490000000000002,2.0,-0.006764823127972341,0.02372532126134355
19.5,2.0,-0.006766463800421782,0.023709980971828346
19.51,2.0,-0.006768099511760879,0.023694655125815475
19.52,2.0,-0.0067697302717784555,0.023679343703251587
19.53,2.0,-0.006771356090239895,0.02366404668412154
19.54,2.0,-0.006772976976887213,0.02364876404844834
19.55,2.0,-0.00677459294143912,0.023633495776292996
19.56,2.0,-0.006776203993591091,0.0236182418477545
19.57,2.0,-0.00677781014301544,0.023603002242969667
19.580000000000002,2.0,-0.006779411399361385,0.023587776942113108
19.59,2.0,-0.006781007772255108,0.023572565925397086
19.6,2.0,-0.006782599271299841,0.02355736917307146
19.61,2.0,-0.006784185906075917,0.023542186665423608
19.62,2.0,-0.006785767686140848,0.023527018382778278
19.63,2.0,-0.006787344621029377,0.02351186430549757
19.64,2.0,-0.00678891672025357,0.023496724413980798
19.650000000000002,2.0,-0.006790483993302862,0.02348159868866443
19.66,2.0,-0.006792046449644127,0.023466487110022007
19.67,2.0,-0.006793604098721753,0.023451389658563995
19.68,2.0,-0.006795156949957701,0.023436306314837792
19.69,2.0,-0.00679670501275157,0.02342123705942755
19.7,2.0,-0.006798248296480665,0.02340618187295416
19.71,2.0,-0.006799786810500066,0.023391140736075105
19.72,2.0,-0.0068013205641426835,0.023376113629484434
19.73,2.0,-0.006802849566719336,0.023361100533912615
19.740000000000002,2.0,-0.006804373827518802,0.023346101430126494
19.75,2.0,-0.006805893355807893,0.023331116298929203
19.76,2.0,-0.006807408160831516,0.023316145121160044
19.77,2.0,-0.006808918251812733,0.02330118787769445
19.78,2.0,-0.006810423637952834,0.023286244549443842
19.79,2.0,-0.006811924328431393,0.023271315117355622
19.8,2.0,-0.00681342033240633,0.023256399562413
19.81,2.0,-0.006814911659013981,0.023241497865634984
19.82,2.0,-0.006816398317369158,0.02322661000807625
19.830000000000002,2.0,-0.006817880316565211,0.02321173597082709
19.84,2.0,-0.006819357665674087,0.023196875735013302
19.85,2.0,-0.0068208303737464036,0.02318202928179611
19.86,2.0,-0.006822298449811495,0.02316719659237211
19.87,2.0,-0.006823761902877489,0.023152377647973135
19.88,2.0,-0.006825220741931361,0.023137572429866242
19.89,2.0,-0.00682667497593899,0.023122780919353544
19.900000000000002,2.0,-0.006828124613845238,0.02310800309777222
19.91,2.0,-0.0068295696645739885,0.023093238946494357
19.92,2.0,-0.006831010137028226,0.023078488446926906
19.93,2.0,-0.006832446040090085,0.0230637515805116
19.94,2.0,-0.0068338773826209145,0.023049028328724856
19.95,2.0,-0.006835304173461336,0.023034318673077703
19.96,2.0,-0.006836726421431314,0.023019622595115717
19.97,2.0,-0.006838144135330195,0.023004940076418907
19.98,2.0,-0.006839557323936788,0.022990271098601658
19.990000000000002,2.0,-0.006840965996009416,0.02297561564331265
20.0,2.0,-0.006842370160285965,0.022960973692234782
20.01,2.0,-0.006843769825483964,0.02294634522708506
20.02,2.0,-0.006845165000300622,0.02293173022961456
20.03,2.0,-0.0068465556934129024,0.02291712868160832
20.04,2.0,-0.00684794191347758,0.022902540564885287
20.05,2.0,-0.006849323669131284,0.022887965861298196
20.06,2.0,-0.006850700968990574,0.022873404552733543
20.07,2.0,-0.0068520738216519906,0.022858856621111465
20.080000000000002,2.0,-0.0068534422356921094,0.02284432204838568
20.09,2.0,-0.006854806219667608,0.022829800816543427
20.1,2.0,-0.006856165782115309,0.02281529290760533
20.11,2.0,-0.0068575209315522535,0.02280079830362539
20.12,2.0,-0.006858871676475747,0.022786316986690855
20.13,2.0,-0.006860218025363414,0.02277184893892219
20.14,2.0,-0.006861559986673266,0.022757394142472943
20.150000000000002,2.0,-0.006862897568843749,0.022742952579529727
20.16,2.0,-0.006864230780293799,0.022728524232312093
20.17,2.0,-0.006865559629422902,0.02271410908307249
20.18,2.0,-0.006866884124611149,0.022699707114096173
20.19,2.0,-0.006868204274219289,0.022685318307701124
20.2,2.0,-0.006869520086588785,0.02267094264623799
20.21,2.0,-0.006870831570041874,0.022656580112089986
20.22,2.0,-0.006872138732881614,0.02264223068767285
20.23,2.0,-0.006873441583391945,0.022627894355434733
20.240000000000002,2.0,-0.006874740129837738,0.022613571097856156
20.25,2.0,-0.006876034380464855,0.022599260897449923
20.26,2.0,-0.006877324343500204,0.02258496373676102
20.27,2.0,-0.006878610027151778,0.022570679598366603
20.28,2.0,-0.0068798914396087365,0.02255640846487585
20.29,2.0,-0.0068811685890414346,0.022542150318929952
20.3,2.0,-0.006882441483601483,0.022527905143201986
20.31,2.0,-0.006883710131421809,0.022513672920396893
20.32,2.0,-0.0068849745406166975,0.02249945363325135
20.330000000000002,2.0,-0.00688623471928186,0.02248524726453375
20.34,2.0,-0.00688749067549447,0.022471053797044085
20.35,2.0,-0.006888742417313226,0.02245687321361391
20.36,2.0,-0.006889989952778401,0.022442705497106235
20.37,2.0,-0.006891233289911897,0.02242855063041548
20.38,2.0,-0.006892472436717291,0.022414408596467403
20.39,2.0,-0.006893707401179896,0.022400279378218996
20.400000000000002,2.0,-0.006894938191266804,0.022386162958658452
20.41,2.0,-0.006896164814926941,0.022372059320805077
20.42,2.0,-0.0068973872800911235,0.022357968447709212
20.43,2.0,-0.006898605594672097,0.022343890322452178
20.44,2.0,-0.006899819766564606,0.022329824928146186
20.45,2.0,-0.00690102980364542,0.02231577224793429
20.46,2.0,-0.006902235713773408,0.02230173226499028
20.47,2.0,-0.0069034375047895774,0.022287704962518667
20.48,2.0,-0.006904635184517125,0.022273690323754543
20.490000000000002,2.0,-0.006905828760761484,0.02225968833196358
20.5,2.0,-0.006907018241310383,0.022245698970441923
20.51,2.0,-0.0069082036339338905,0.0222317222225161
20.52,2.0,-0.0069093849463844614,0.022217758071543012
20.53,2.0,-0.006910562186396998,0.02220380650090981
20.54,2.0,-0.00691173536168888,0.02218986749403385
20.55,2.0,-0.006912904479960035,0.022175941034362625
20.56,2.0,-0.006914069548892974,0.022162027105373697
20.57,2.0,-0.006915230576152844,0.022148125690574602
20.580000000000002,2.0,-0.006916387569387474,0.022134236773502815
20.59,2.0,-0.006917540536227435,0.02212036033772569
20.6,2.0,-0.006918689484286067,0.02210649636684033
20.61,2.0,-0.006919834421159552,0.0220926448444736
20.62,2.0,-0.006920975354426942,0.022078805754281998
20.63,2.0,-0.006922112291650214,0.02206497907995162
20.64,2.0,-0.006923245240374327,0.022051164805198073
20.650000000000002,2.0,-0.006924374208127253,0.022037362913766425
20.66,2.0,-0.0069254992024200355,0.022023573389431138
20.67,2.0,-0.006926620230746836,0.022009796215995976
20.68,2.0,-0.006927737300584973,0.02199603137729398
20.69,2.0,-0.0069288504193949834,0.021982278857187353
20.7,2.0,-0.006929959594620652,0.021968538639567443
20.71,2.0,-0.0069310648336890724,0.021954810708354634
20.72,2.0,-0.006932166144010687,0.021941095047498315
20.73,2.0,-0.0069332635329793346,0.021927391640976783
20.740000000000002,2.0,-0.006934357007972297,0.021913700472797212
20.75,2.0,-0.0069354465763503395,0.021900021526995557
20.76,2.0,-0.006936532245457771,0.0218863547876365
20.77,2.0,-0.006937614022622473,0.0218727002388134
20.78,2.0,-0.006938691915155957,0.021859057864648198
20.79,2.0,-0.006939765930353402,0.021845427649291378
20.8,2.0,-0.006940836075493704,0.021831809576921882
20.81,2.0,-0.006941902357839526,0.02181820363174709
20.82,2.0,-0.0069429647846373285,0.02180460979800267
20.830000000000002,2.0,-0.006944023363117435,0.021791028059952616
20.84,2.0,-0.006945078100494055,0.021777458401889122
20.85,2.0,-0.006946129003965343,0.021763900808132508
20.86,2.0,-0.006947176080713438,0.021750355263031217
20.87,2.0,-0.006948219337904507,0.021736821750961685
20.88,2.0,-0.006949258782688794,0.021723300256328338
20.89,2.0,-0.006950294422200659,0.02170979076356346
20.900000000000002,2.0,-0.006951326263558624,0.021696293257127207
20.91,2.0,-0.006952354313865412,0.0216828077215075
20.92,2.0,-0.006953378580208003,0.021669334141219954
20.93,2.0,-0.006954399069657656,0.021655872500807843
20.94,2.0,-0.00695541578926998,0.02164242278484202
20.95,2.0,-0.0069564287460849505,0.021628984977920873
20.96,2.0,-0.006957437947126975,0.02161555906467024
20.97,2.0,-0.0069584433994049144,0.02160214502974337
20.98,2.0,-0.006959445109912145,0.02158874285782084
20.990000000000002,2.0,-0.006960443085626588,0.021575352533610516
21.0,2.0,-0.006961437333510758,0.02156197404184748
21.01,2.0,-0.0069624278605118035,0.021548607367293953
21.02,2.0,-0.006963414673561552,0.02153525249473927
21.03,2.0,-0.0069643977795765455,0.02152190940899979
21.04,2.0,-0.006965377185458088,0.02150857809491886
21.05,2.0,-0.006966352898092288,0.02149525853736672
21.06,2.0,-0.0069673249243500926,0.021481950721240487
21.07,2.0,-0.006968293271087335,0.02146865463146404
21.080000000000002,2.0,-0.006969257945144783,0.021455370252988028
21.09,2.0,-0.00697021895334816,0.021442097570789753
21.1,2.0,-0.006971176302508208,0.021428836569873135
21.11,2.0,-0.006972129999420713,0.021415587235268655
21.12,2.0,-0.006973080050866551,0.021402349552033274
21.13,2.0,-0.0069740264636117336,0.021389123505250417
21.14,2.0,-0.006974969244407445,0.021375909080029867
21.150000000000002,2.0,-0.006975908399990074,0.021362706261507727
21.16,2.0,-0.006976843937081269,0.021349515034846382
21.17,2.0,-0.0069777758623879695,0.021336335385234387
21.18,2.0,-0.006978704182602446,0.02132316729788648
21.19,2.0,-0.00697962890440234,0.02131001075804344
21.2,2.0,-0.006980550034450711,0.02129686575097212
21.21,2.0,-0.006981467579396064,0.02128373226196531
21.22,2.0,-0.006982381545872402,0.02127061027634173
21.23,2.0,-0.006983291940499255,0.021257499779445948
21.240000000000002,2.0,-0.006984198769881722,0.021244400756648345
21.25,2.0,-0.006985102040610512,0.021231313193345022
21.26,2.0,-0.006986001759261989,0.021218237074957777
21.27,2.0,-0.006986897932398193,0.021205172386934035
21.28,2.0,-0.0069877905665668965,0.02119211911474678
21.29,2.0,-0.006988679668301637,0.02117907724389453
21.3,2.0,-0.006989565244121755,0.02116604675990124
21.31,2.0,-0.0069904473005324265,0.02115302764831628
21.32,2.0,-0.0069913258440247135,0.021140019894714354
21.330000000000002,2.0,-0.006992200881075598,0.021127023484695463
21.34,2.0,-0.006993072418148013,0.02111403840388485
21.35,2.0,-0.006993940461690883,0.021101064637932907
21.36,2.0,-0.006994805018139169,0.021088102172515177
21.37,2.0,-0.0069956660939139,0.02107515099333225
21.38,2.0,-0.006996523695422216,0.02106221108610974
21.39,2.0,-0.006997377829057392,0.02104928243659821
21.400000000000002,2.0,-0.006998228501198889,0.021036365030573125
21.41,2.0,-0.006999075718212388,0.021023458853834796
21.42,2.0,-0.006999919486449827,0.021010563892208328
21.43,2.0,-0.007000759812249434,0.02099768013154357
21.44,2.0,-0.007001596701935766,0.020984807557715025
21.45,2.0,-0.007002430161819747,0.02097194615662186
21.46,2.0,-0.007003260198198706,0.02095909591418779
21.47,2.0,-0.007004086817356408,0.02094625681636107
21.48,2.0,-0.007004910025563096,0.020933428849114404
21.490000000000002,2.0,-0.007005729829075524,0.020920611998444916
21.5,2.0,-0.007006546234136992,0.02090780625037409
21.51,2.0,-0.0070073592469773885,0.020895011590947716
21.52,2.0,-0.007008168873813219,0.020882228006235834
21.53,2.0,-0.007008975120847649,0.020869455482332683
21.54,2.0,-0.0070097779942705244,0.020856694005356648
21.55,2.0,-0.007010577500258431,0.020843943561450202
21.56,2.0,-0.007011373644974708,0.020831204136779878
21.57,2.0,-0.007012166434569498,0.020818475717536165
21.580000000000002,2.0,-0.0070129558751797745,0.020805758289933515
21.59,2.0,-0.007013741972929379,0.02079305184021026
21.6,2.0,-0.007014524733929055,0.020780356354628538
21.61,2.0,-0.007015304164276487,0.0207676718194743
21.62,2.0,-0.007016080270056329,0.020754998221057194
21.63,2.0,-0.007016853057340246,0.020742335545710568
21.64,2.0,-0.00701762253218694,0.020729683779791366
21.650000000000002,2.0,-0.007018388700642192,0.02071704290968013
21.66,2.0,-0.007019151568738897,0.020704412921780914
21.67,2.0,-0.007019911142497089,0.020691793802521227
21.68,2.0,-0.007020667427923987,0.02067918553835202
21.69,2.0,-0.007021420431014021,0.020666588115747585
21.7,2.0,-0.007022170157748862,0.020654001521205553
21.71,2.0,-0.007022916614097474,0.020641425741246798
21.72,2.0,-0.007023659806016125,0.02062886076241544
21.73,2.0,-0.007024399739448438,0.020616306571278727
21.740000000000002,2.0,-0.007025136420325414,0.02060376315442704
21.75,2.0,-0.00702586985456547,0.020591230498473837
21.76,2.0,-0.007026600048074471,0.020578708590055558
21.77,2.0,-0.0070273270067457635,0.02056619741583163
21.78,2.0,-0.007028050736460211,0.02055369696248438
21.79,2.0,-0.007028771243086218,0.02054120721671901
21.8,2.0,-0.007029488532479778,0.020528728165263528
21.81,2.0,-0.007030202610484495,0.020516259794868718
21.82,2.0,-0.007030913482931615,0.020503802092308062
21.830000000000002,2.0,-0.007031621155640061,0.02049135504437772
21.84,2.0,-0.0070323256344164775,0.02047891863789648
21.85,2.0,-0.007033026925055245,0.02046649285970567
21.86,2.0,-0.007033725033338512,0.020454077696669168
21.87,2.0,-0.0070344199650362515,0.020441673135673296
21.88,2.0,-0.007035111725906263,0.02042927916362682
21.89,2.0,-0.007035800321694223,0.020416895767460863
21.900000000000002,2.0,-0.007036485758133706,0.020404522934128883
21.91,2.0,-0.007037168040946233,0.020392160650606624
21.92,2.0,-0.00703784717584128,0.02037980890389203
21.93,2.0,-0.007038523168516323,0.02036746768100526
21.94,2.0,-0.00703919602465688,0.02035513696898858
21.95,2.0,-0.007039865749936515,0.020342816754906366
21.96,2.0,-0.007040532350016892,0.020330507025845004
21.97,2.0,-0.007041195830547796,0.020318207768912896
21.98,2.0,-0.007041856197167169,0.020305918971240372
21.990000000000002,2.0,-0.007042513455501138,0.02029364061997966
22.0,2.0,-0.007043167611164047,0.02028137270230485
22.01,2.0,-0.007043818669758486,0.02026911520541181
22.02,2.0,-0.007044466636875323,0.020256868116518188
22.03,2.0,-0.0070451115180937334,0.020244631422863316
22.04,2.0,-0.007045753318981236,0.020232405111708214
22.05,2.0,-0.0070463920450937155,0.020220189170335492
22.06,2.0,-0.007047027701975459,0.02020798358604935
22.07,2.0,-0.007047660295159181,0.02019578834617549
22.080000000000002,2.0,-0.007048289830166055,0.02018360343806111
22.09,2.0,-0.007048916312505748,0.02017142884907483
22.1,2.0,-0.007049539747676447,0.020159264566606643
22.11,2.0,-0.007050160141164887,0.020147110578067902
22.12,2.0,-0.007050777498446381,0.020134966870891235
22.13,2.0,-0.007051391824984858,0.02012283343253053
22.14,2.0,-0.007052003126232878,0.02011071025046086
22.150000000000002,2.0,-0.007052611407631674,0.02009859731217847
22.16,2.0,-0.007053216674611174,0.02008649460520072
22.17,2.0,-0.007053818932590037,0.020074402117066015
22.18,2.0,-0.0070544181869756735,0.020062319835333804
22.19,2.0,-0.007055014443164281,0.02005024774758449
22.2,2.0,-0.007055607706540873,0.020038185841419427
22.21,2.0,-0.007056197982479305,0.020026134104460844
22.22,2.0,-0.007056785276342304,0.020014092524351823
22.23,2.0,-0.007057369593481497,0.02000206108875622
22.240000000000002,2.0,-0.007057950939237444,0.019990039785358675
22.25,2.0,-0.007058529318939662,0.019978028601864522
22.26,2.0,-0.00705910473790665,0.01996602752599975
22.27,2.0,-0.007059677201445925,0.019954036545510995
22.28,2.0,-0.007060246714854054,0.019942055648165445
22.29,2.0,-0.00706081328341666,0.019930084821750835
22.3,2.0,-0.007061376912408482,0.019918124054075382
22.31,2.0,-0.007061937607093377,0.01990617333296776
22.32,2.0,-0.00706249537272436,0.01989423264627703
22.330000000000002,2.0,-0.00706305021454363,0.01988230198187263
22.34,2.0,-0.0070636021377825965,0.019870381327644307
22.35,2.0,-0.00706415114766191,0.019858470671502072
22.36,2.0,-0.007064697249391483,0.01984657000137618
22.37,2.0,-0.007065240448170529,0.019834679305217064
22.38,2.0,-0.007065780749187577,0.019822798570995306
22.39,2.0,-0.007066318157620511,0.01981092778670158
22.400000000000002,2.0,-0.0070668526786365855,0.01979906694034664
22.41,2.0,-0.007067384317392459,0.01978721601996124
22.42,2.0,-0.007067913079034225,0.0197753750135961
22.43,2.0,-0.007068438968697433,0.019763543909321904
22.44,2.0,-0.0070689619915071155,0.019751722695229186
22.45,2.0,-0.007069482152577819,0.01973991135942836
22.46,2.0,-0.0070699994570136235,0.019728109890049632
22.47,2.0,-0.007070513909908178,0.01971631827524297
22.48,2.0,-0.00707102551634473,0.019704536503178067
22.490000000000002,2.0,-0.007071534281396128,0.019692764562044298
22.5,2.0,-0.00707204021012488,0.019681002440050683
22.51,2.0,-0.007072543307583159,0.019669250125425822
22.52,2.0,-0.007073043578812835,0.019657507606417896
22.53,2.0,-0.0070735410288455085,0.019645774871294572
22.54,2.0,-0.007074035662702516,0.01963405190834302
22.55,2.0,-0.007074527485394986,0.01962233870586982
22.56,2.0,-0.0070750165019238375,0.019610635252200963
22.57,2.0,-0.007075502717279823,0.019598941535681775
22.580000000000002,2.0,-0.007075986136443548,0.019587257544676905
22.59,2.0,-0.007076466764385486,0.019575583267570265
22.6,2.0,-0.007076944606066034,0.019563918692764994
22.61,2.0,-0.007077419666435512,0.019552263808683433
22.62,2.0,-0.007077891950434193,0.01954061860376706
22.63,2.0,-0.007078361462992332,0.019528983066476466
22.64,2.0,-0.007078828209030192,0.019517357185291306
22.650000000000002,2.0,-0.007079292193458072,0.019505740948710264
22.66,2.0,-0.007079753421176325,0.019494134345251032
22.67,2.0,-0.007080211897075385,0.01948253736345022
22.68,2.0,-0.007080667626035798,0.019470949991863364
22.69,2.0,-0.0070811206129282375,0.01945937221906487
22.7,2.0,-0.007081570862613542,0.019447804033647972
22.71,2.0,-0.0070820183799427255,0.01943624542422469
22.72,2.0,-0.007082463169757008,0.01942469637942581
22.73,2.0,-0.007082905236887851,0.019413156887900806
22.740000000000002,2.0,-0.007083344586156965,0.019401626938317842
22.75,2.0,-0.00708378122237634,0.01939010651936372
22.76,2.0,-0.007084215150348278,0.01937859561974382
22.77,2.0,-0.007084646374865402,0.0193670942281821
22.78,2.0,-0.007085074900710701,0.019355602333421006
22.79,2.0,-0.007085500732657532,0.019344119924221498
22.8,2.0,-0.0070859238754696595,0.019332646989362944
22.81,2.0,-0.007086344333901275,0.01932118351764314
22.82,2.0,-0.00708676211269702,0.019309729497878222
22.830000000000002,2.0,-0.00708717721659201,0.01929828491890267
22.84,2.0,-0.0070875896503118565,0.01928684976956925
22.85,2.0,-0.007087999418572701,0.019275424038748958
22.86,2.0,-0.007088406526081224,0.019264007715331034
22.87,2.0,-0.007088810977534678,0.01925260078822285
22.88,2.0,-0.007089212777620911,0.01924120324634995
22.89,2.0,-0.007089611931018387,0.01922981507865595
22.900000000000002,2.0,-0.007090008442396208,0.019218436274102545
22.91,2.0,-0.007090402316414141,0.01920706682166945
22.92,2.0,-0.007090793557722643,0.019195706710354348
22.93,2.0,-0.007091182170962878,0.019184355929172885
22.94,2.0,-0.007091568160766744,0.019173014467158616
22.95,2.0,-0.007091951531756899,0.019161682313362977
22.96,2.0,-0.007092332288546774,0.01915035945685522
22.97,2.0,-0.0070927104357406115,0.019139045886722415
22.98,2.0,-0.007093085977933471,0.01912774159206938
22.990000000000002,2.0,-0.007093458919711267,0.01911644656201867
23.0,2.0,-0.007093829265650781,0.019105160785710538
23.01,2.0,-0.007094197020319693,0.01909388425230286
23.02,2.0,-0.0070945621882765935,0.01908261695097116
23.03,2.0,-0.0070949247740710155,0.01907135887090852
23.04,2.0,-0.007095284782243456,0.019060110001325577
23.05,2.0,-0.007095642217325393,0.01904887033145047
23.06,2.0,-0.0070959970838393085,0.019037639850528813
23.07,2.0,-0.007096349386298719,0.019026418547823644
23.080000000000002,2.0,-0.007096699129208187,0.019015206412615414
23.09,2.0,-0.007097046317063353,0.019004003434201937
23.1,2.0,-0.007097390954350947,0.018992809601898343
23.11,2.0,-0.007097733045548823,0.01898162490503706
23.12,2.0,-0.007098072595125966,0.018970449332967772
23.13,2.0,-0.007098409607542531,0.01895928287505739
23.14,2.0,-0.00709874408724985,0.018948125520689987
23.150000000000002,2.0,-0.007099076038690458,0.018936977259266814
23.16,2.0,-0.0070994054662981265,0.018925838080206224
23.17,2.0,-0.007099732374497863,0.018914707972943645
23.18,2.0,-0.007100056767705954,0.01890358692693156
23.19,2.0,-0.007100378650329975,0.01889247493163945
23.2,2.0,-0.0071006980267688076,0.018881371976553773
23.21,2.0,-0.007101014901412677,0.018870278051177927
23.22,2.0,-0.00710132927864316,0.01885919314503223
23.23,2.0,-0.007101641162833204,0.018848117247653836
23.240000000000002,2.0,-0.007101950558347166,0.018837050348596767
23.25,2.0,-0.007102257469540817,0.01882599243743183
23.26,2.0,-0.0071025619007613625,0.0188149435037466
23.27,2.0,-0.007102863856347474,0.018803903537145394
23.28,2.0,-0.0071031633406293095,0.0187928725272492
23.29,2.0,-0.007103460357928523,0.01878185046369571
23.3,2.0,-0.007103754912558295,0.018770837336139202
23.31,2.0,-0.007104047008823352,0.01875983313425059
23.32,2.0,-0.007104336651019981,0.018748837847717314
23.330000000000002,2.0,-0.007104623843436063,0.018737851466243367
23.34,2.0,-0.007104908590351076,0.01872687397954923
23.35,2.0,-0.007105190896036138,0.01871590537737184
23.36,2.0,-0.007105470764753997,0.01870494564946456
23.37,2.0,-0.007105748200759088,0.018693994785597145
23.38,2.0,-0.0071060232082975185,0.018683052775555726
23.39,2.0,-0.007106295791607112,0.018672119609142734
23.400000000000002,2.0,-0.007106565954917425,0.018661195276176917
23.41,2.0,-0.007106833702449754,0.01865027976649327
23.42,2.0,-0.007107099038417167,0.018639373069943014
23.43,2.0,-0.00710736196702453,0.018628475176393575
23.44,2.0,-0.007107622492468509,0.018617586075728533
23.45,2.0,-0.007107880618937598,0.018606705757847595
23.46,2.0,-0.007108136350612143,0.018595834212666557
23.47,2.0,-0.007108389691664365,0.018584971430117295
23.48,2.0,-0.007108640646258366,0.018574117400147694
23.490000000000002,2.0,-0.0071088892185501565,0.018563272112721657
23.5,2.0,-0.007109135412687678,0.01855243555781904
23.51,2.0,-0.007109379232810821,0.01854160772543563
23.52,2.0,-0.007109620683051436,0.01853078860558312
23.53,2.0,-0.00710985976753337,0.018519978188289064
23.54,2.0,-0.007110096490372467,0.018509176463596864
23.55,2.0,-0.007110330855676601,0.018498383421565717
23.56,2.0,-0.00711056286754569,0.018487599052270588
23.57,2.0,-0.007110792530071716,0.018476823345802185
23.580000000000002,2.0,-0.007111019847338745,0.01846605629226693
23.59,2.0,-0.007111244823422944,0.01845529788178692
23.6,2.0,-0.007111467462392598,0.018444548104499883
23.61,2.0,-0.007111687768308144,0.01843380695055918
23.62,2.0,-0.007111905745222162,0.018423074410133734
23.63,2.0,-0.007112121397179422,0.01841235047340803
23.64,2.0,-0.007112334728216891,0.01840163513058207
23.650000000000002,2.0,-0.007112545742363746,0.018390928371871333
23.66,2.0,-0.007112754443641402,0.01838023018750678
23.67,2.0,-0.0071129608360635255,0.018369540567734755
23.68,2.0,-0.007113164923636061,0.01835885950281704
23.69,2.0,-0.007113366710357236,0.018348186983030746
23.7,2.0,-0.0071135662002175925,0.018337522998668334
23.71,2.0,-0.007113763397199996,0.018326867540037553
23.72,2.0,-0.007113958305279664,0.018316220597461436
23.73,2.0,-0.007114150928424171,0.018305582161278245
23.740000000000002,2.0,-0.007114341270593483,0.018294952221841448
23.75,2.0,-0.00711452933573996,0.01828433076951971
23.76,2.0,-0.0071147151278083826,0.018273717794696814
23.77,2.0,-0.0071148986507359735,0.01826311328777169
23.78,2.0,-0.007115079908452407,0.018252517239158324
23.79,2.0,-0.0071152589048798275,0.018241929639285788
23.8,2.0,-0.007115435643932883,0.01823135047859816
23.81,2.0,-0.007115610129518718,0.018220779747554525
23.82,2.0,-0.007115782365537015,0.018210217436628928
23.830000000000002,2.0,-0.007115952355879992,0.018199663536310345
23.84,2.0,-0.007116120104432442,0.01818911803710268
23.85,2.0,-0.007116285615071728,0.018178580929524676
23.86,2.0,-0.007116448891667816,0.018168052204109966
23.87,2.0,-0.007116609938083292,0.018157531851406956
23.88,2.0,-0.00711676875817337,0.01814701986197888
23.89,2.0,-0.007116925355785921,0.0181365162264037
23.900000000000002,2.0,-0.00711707973476148,0.01812602093527411
23.91,2.0,-0.00711723189893327,0.018115533979197525
23.92,2.0,-0.007117381852127222,0.018105055348795994
23.93,2.0,-0.0071175295981619835,0.018094585034706234
23.94,2.0,-0.007117675140848943,0.018084123027579564
23.95,2.0,-0.007117818483992241,0.018073669318081877
23.96,2.0,-0.007117959631388797,0.018063223896893625
23.97,2.0,-0.007118098586828317,0.01805278675470979
23.98,2.0,-0.007118235354093313,0.01804235788223983
23.990000000000002,2.0,-0.007118369936959127,0.018031937270207684
24.0,2.0,-0.007118502339193934,0.01802152490935173
24.01,2.0,-0.007118632564558774,0.018011120790424735
24.02,2.0,-0.007118760616807562,0.01800072490419387
24.03,2.0,-0.0071188864996870995,0.017990337241440627
24.04,2.0,-0.007119010216937104,0.017979957792960855
24.05,2.0,-0.007119131772290212,0.017969586549564664
24.060000000000002,2.0,-0.007119251169472011,0.017959223502076453
24.07,2.0,-0.007119368412201037,0.01794886864133485
24.080000000000002,2.0,-0.007119483504188809,0.017938521958192684
24.09,2.0,-0.007119596449139836,0.017928183443516973
24.1,2.0,-0.007119707250751635,0.017917853088188888
24.11,2.0,-0.007119815912714753,0.017907530883103717
24.12,2.0,-0.007119922438712773,0.017897216819170846
24.13,2.0,-0.007120026832422336,0.017886910887313742
24.14,2.0,-0.007120129097513162,0.017876613078469893
24.150000000000002,2.0,-0.007120229237648059,0.017866323383590812
24.16,2.0,-0.007120327256482942,0.017856041793641992
24.17,2.0,-0.007120423157666849,0.01784576829960289
24.18,2.0,-0.007120516944841964,0.017835502892466885
24.19,2.0,-0.00712060862164361,0.017825245563241252
24.2,2.0,-0.007120698191700302,0.017814996302947163
24.21,2.0,-0.007120785658633728,0.017804755102619613
24.22,2.0,-0.007120871026058784,0.01779452195330743
24.23,2.0,-0.007120954297583588,0.017784296846073227
24.240000000000002,2.0,-0.007121035476809486,0.01777407977199339
24.25,2.0,-0.00712111456733109,0.017763870722158046
24.26,2.0,-0.00712119157273626,0.017753669687671017
24.27,2.0,-0.007121266496606154,0.017743476659649825
24.28,2.0,-0.007121339342515221,0.017733291629225642
24.29,2.0,-0.007121410114031225,0.017723114587543266
24.3,2.0,-0.007121478814715262,0.017712945525761106
24.310000000000002,2.0,-0.0071215454481217706,0.01770278443505114
24.32,2.0,-0.007121610017798553,0.017692631306598913
24.330000000000002,2.0,-0.007121672527286786,0.01768248613160347
24.34,2.0,-0.0071217329801210386,0.017672348901277363
24.35,2.0,-0.0071217913798292875,0.017662219606846614
24.36,2.0,-0.007121847729932934,0.017652098239550697
24.37,2.0,-0.00712190203394681,0.017641984790642485
24.38,2.0,-0.007121954295379208,0.017631879251388257
24.39,2.0,-0.007122004517731888,0.01762178161306765
24.400000000000002,2.0,-0.007122052704500091,0.017611691866973634
24.41,2.0,-0.007122098859172559,0.01760161000441251
24.42,2.0,-0.0071221429852315445,0.017591536016703838
24.43,2.0,-0.00712218508615283,0.017581469895180463
24.44,2.0,-0.007122225165405747,0.017571411631188447
24.45,2.0,-0.007122263226453179,0.017561361216087076
24.46,2.0,-0.007122299272751587,0.017551318641248797
24.47,2.0,-0.00712233330775102,0.017541283898059232
24.48,2.0,-0.007122365334895132,0.017531256977917128
24.490000000000002,2.0,-0.007122395357621192,0.017521237872234332
24.5,2.0,-0.0071224233793601025,0.017511226572435777
24.51,2.0,-0.00712244940353642,0.017501223069959448
24.52,2.0,-0.007122473433568357,0.01749122735625636
24.53,2.0,-0.0071224954728678035,0.01748123942279052
24.54,2.0,-0.007122515524840345,0.017471259261038936
24.55,2.0,-0.00712253359288527,0.017461286862491536
24.560000000000002,2.0,-0.007122549680395592,0.017451322218651203
24.57,2.0,-0.007122563790758055,0.01744136532103372
24.580000000000002,2.0,-0.007122575927353154,0.01743141616116772
24.59,2.0,-0.007122586093555152,0.01742147473059472
24.6,2.0,-0.007122594292732087,0.017411541020869042
24.61,2.0,-0.007122600528245792,0.01740161502355782
24.62,2.0,-0.007122604803451902,0.01739169673024096
24.63,2.0,-0.007122607121699881,0.017381786132511123
24.64,2.0,-0.007122607486333025,0.017371883221973698
24.650000000000002,2.0,-0.007122605900688476,0.017361987990246765
24.66,2.0,-0.0071226023680972484,0.017352100428961105
24.67,2.0,-0.007122596891884228,0.017342220529760123
24.68,2.0,-0.007122589475368194,0.01733234828429988
24.69,2.0,-0.007122580121861832,0.01732248368424901
24.7,2.0,-0.007122568834671749,0.01731262672128877
24.71,2.0,-0.007122555617098486,0.017302777387112927
24.72,2.0,-0.007122540472436528,0.017292935673427805
24.73,2.0,-0.0071225234039743275,0.017283101571952227
24.740000000000002,2.0,-0.007122504414994306,0.017273275074417498
24.75,2.0,-0.007122483508772879,0.01726345617256739
24.76,2.0,-0.007122460688580464,0.017253644858158092
24.77,2.0,-0.007122435957681497,0.01724384112295822
24.78,2.0,-0.007122409319334438,0.017234044958748758
24.79,2.0,-0.007122380776791798,0.01722425635732307
24.8,2.0,-0.007122350333300142,0.01721447531048685
24.810000000000002,2.0,-0.007122317992100105,0.017204701810058103
24.82,2.0,-0.007122283756426412,0.017194935847867136
24.830000000000002,2.0,-0.007122247629507883,0.0171851774157565
24.84,2.0,-0.007122209614567448,0.017175426505581022
24.85,2.0,-0.0071221697148221635,0.017165683109207717
24.86,2.0,-0.007122127933483221,0.017155947218515818
24.87,2.0,-0.0071220842737559735,0.017146218825396714
24.88,2.0,-0.007122038738839925,0.017136497921753955
24.89,2.0,-0.00712199133192877,0.01712678449950321
24.900000000000002,2.0,-0.007121942056210389,0.017117078550572252
24.91,2.0,-0.007121890914866865,0.01710738006690094
24.92,2.0,-0.0071218379110745,0.01709768904044117
24.93,2.0,-0.007121783048003832,0.017088005463156898
24.94,2.0,-0.007121726328819639,0.01707832932702406
24.95,2.0,-0.007121667756680951,0.0170686606240306
24.96,2.0,-0.007121607334741078,0.01705899934617641
24.97,2.0,-0.007121545066147604,0.01704934548547334
24.98,2.0,-0.007121480954042415,0.017039699033945137
24.990000000000002,2.0,-0.007121415001561701,0.017030059983627457
25.0,2.0,-0.007121347211835979,0.017020428326567826
25.01,2.0,-0.0071212775879900955,0.017010804054825607
25.02,2.0,-0.0071212061331432435,0.017001187160472015
25.03,2.0,-0.007121132850408984,0.01699157763559003
25.04,2.0,-0.007121057742895242,0.01698197547227445
25.05,2.0,-0.007120980813704329,0.01697238066263181
25.060000000000002,2.0,-0.007120902065932961,0.016962793198780385
25.07,2.0,-0.007120821502672257,0.016953213072850172
25.080000000000002,2.0,-0.007120739127007764,0.01694364027698285
25.09,2.0,-0.007120654942019462,0.01693407480333177
25.1,2.0,-0.00712056895078178,0.01692451664406192
25.11,2.0,-0.007120481156363612,0.01691496579134993
25.12,2.0,-0.007120391561828317,0.01690542223738402
25.13,2.0,-0.007120300170233745,0.01689588597436399
25.14,2.0,-0.007120206984632242,0.016886356994501202
25.150000000000002,2.0,-0.007120112008070669,0.01687683529001855
25.16,2.0,-0.007120015243590402,0.016867320853150444
25.17,2.0,-0.00711991669422736,0.016857813676142783
25.18,2.0,-0.007119816363012,0.016848313751252942
25.19,2.0,-0.0071197142529693435,0.016838821070749733
25.2,2.0,-0.007119610367118987,0.01682933562691341
25.21,2.0,-0.007119504708475104,0.01681985741203561
25.22,2.0,-0.00711939728004647,0.016810386418419376
25.23,2.0,-0.007119288084836461,0.016800922638379092
25.240000000000002,2.0,-0.007119177125843077,0.016791466064240493
25.25,2.0,-0.007119064406058955,0.016782016688340635
25.26,2.0,-0.007118949928471367,0.016772574503027854
25.27,2.0,-0.007118833696062244,0.016763139500661783
25.28,2.0,-0.007118715711808186,0.016753711673613288
25.29,2.0,-0.007118595978680474,0.016744291014264483
25.3,2.0,-0.007118474499645076,0.01673487751500868
25.310000000000002,2.0,-0.0071183512776626665,0.016725471168250388
25.32,2.0,-0.007118226315688634,0.01671607196640529
25.330000000000002,2.0,-0.007118099616673098,0.016706679901900202
25.34,2.0,-0.007117971183560907,0.01669729496717308
25.35,2.0,-0.007117841019291667,0.01668791715467297
25.36,2.0,-0.007117709126799747,0.016678546456860018
25.37,2.0,-0.007117575509014285,0.01666918286620542
25.38,2.0,-0.007117440168859206,0.016659826375191433
25.39,2.0,-0.007117303109253234,0.016650476976311303
25.400000000000002,2.0,-0.007117164333109896,0.01664113466206931
25.41,2.0,-0.007117023843337544,0.0166317994249807
25.42,2.0,-0.007116881642839358,0.01662247125757167
25.43,2.0,-0.007116737734513362,0.016613150152379366
25.44,2.0,-0.007116592121252432,0.016603836101951847
25.45,2.0,-0.007116444805944315,0.016594529098848076
25.46,2.0,-0.007116295791471627,0.016585229135637876
25.47,2.0,-0.007116145080711877,0.01657593620490195
25.48,2.0,-0.007115992676537475,0.016566650299231808
25.490000000000002,2.0,-0.0071158385818157355,0.016557371411229805
25.5,2.0,-0.007115682799408902,0.016548099533509074
25.51,2.0,-0.007115525332174143,0.01653883465869352
25.52,2.0,-0.0071153661829635815,0.016529576779417805
25.53,2.0,-0.007115205354624286,0.016520325888327334
25.54,2.0,-0.007115042849998298,0.016511081978078213
25.55,2.0,-0.00711487867192263,0.01650184504133725
25.560000000000002,2.0,-0.007114712823229293,0.01649261507078192
25.57,2.0,-0.007114545306745287,0.016483392059100363
25.580000000000002,2.0,-0.007114376125292634,0.016474175998991335
25.59,2.0,-0.007114205281688366,0.016464966883164223
25.6,2.0,-0.007114032778744552,0.016455764704338995
25.61,2.0,-0.007113858619268308,0.016446569455246203
25.62,2.0,-0.007113682806061804,0.01643738112862694
25.63,2.0,-0.0071135053419222665,0.01642819971723285
25.64,2.0,-0.007113326229642008,0.01641902521382607
25.650000000000002,2.0,-0.007113145472008422,0.016409857611179256
25.66,2.0,-0.007112963071804004,0.016400696902075525
25.67,2.0,-0.007112779031806351,0.016391543079308443
25.68,2.0,-0.007112593354788186,0.016382396135682032
25.69,2.0,-0.007112406043517357,0.016373256064010706
25.7,2.0,-0.007112217100756856,0.016364122857119304
25.71,2.0,-0.007112026529264819,0.016354996507843014
25.72,2.0,-0.007111834331794556,0.016345877009027406
25.73,2.0,-0.007111640511094533,0.016336764353528366
25.740000000000002,2.0,-0.007111445069908412,0.016327658534212124
25.75,2.0,-0.007111248010975039,0.016318559543955197
25.76,2.0,-0.007111049337028469,0.016309467375644378
25.77,2.0,-0.00711084905079797,0.01630038202217673
25.78,2.0,-0.007110647155008032,0.016291303476459563
25.79,2.0,-0.007110443652378383,0.0162822317314104
25.8,2.0,-0.00711023854562399,0.016273166779956973
25.810000000000002,2.0,-0.0071100318374550855,0.016264108615037198
25.82,2.0,-0.007109823530577157,0.016255057229599166
25.830000000000002,2.0,-0.007109613627690978,0.0162460126166011
25.84,2.0,-0.007109402131492603,0.016236974769011377
25.85,2.0,-0.00710918904467338,0.016227943679808454
25.86,2.0,-0.0071089743699199685,0.0162189193419809
25.87,2.0,-0.007108758109914346,0.01620990174852735
25.88,2.0,-0.00710854026733381,0.016200890892456497
25.89,2.0,-0.0071083208448510056,0.016191886766787057
25.900000000000002,2.0,-0.007108099845133917,0.01618288936454778
25.91,2.0,-0.0071078772708458885,0.0161738986787774
25.92,2.0,-0.007107653124645631,0.016164914702524638
25.93,2.0,-0.007107427409187234,0.01615593742884818
25.94,2.0,-0.007107200127120174,0.016146966850816635
25.95,2.0,-0.007106971281089322,0.016138002961508562
25.96,2.0,-0.007106740873734961,0.016129045754012406
25.97,2.0,-0.007106508907692792,0.01612009522142651
25.98,2.0,-0.007106275385593936,0.01611115135685908
25.990000000000002,2.0,-0.007106040310064956,0.01610221415342818
26.0,2.0,-0.007105803683727858,0.0160932836042617
26.01,2.0,-0.007105565509200112,0.016084359702497348
26.02,2.0,-0.007105325789094649,0.016075442441282627
26.03,2.0,-0.0071050845260198755,0.016066531813774817
26.04,2.0,-0.007104841722579686,0.01605762781314097
26.05,2.0,-0.007104597381373468,0.016048730432557855
26.060000000000002,2.0,-0.007104351504996116,0.01603983966521199
26.07,2.0,-0.00710410409603804,0.01603095550429959
26.080000000000002,2.0,-0.0071038551570851765,0.016022077943026555
26.09,2.0,-0.007103604690718988,0.016013206974608462
26.1,2.0,-0.00710335269951649,0.016004342592270536
26.11,2.0,-0.0071030991860502445,0.015995484789247644
26.12,2.0,-0.007102844152888379,0.01598663355878426
26.13,2.0,-0.007102587602594596,0.015977788894134464
26.14,2.0,-0.007102329537728176,0.015968950788561916
26.150000000000002,2.0,-0.0071020699608439885,0.015960119235339843
26.16,2.0,-0.007101808874492512,0.01595129422775102
26.17,2.0,-0.007101546281219825,0.01594247575908774
26.18,2.0,-0.007101282183567628,0.01593366382265183
26.19,2.0,-0.007101016584073256,0.01592485841175458
26.2,2.0,-0.007100749485269678,0.015916059519716783
26.21,2.0,-0.00710048088968551,0.01590726713986869
26.22,2.0,-0.007100210799845027,0.015898481265549973
26.23,2.0,-0.007099939218268164,0.015889701890109752
26.240000000000002,2.0,-0.0070996661474705385,0.01588092900690654
26.25,2.0,-0.0070993915899634505,0.015872162609308255
26.26,2.0,-0.0070991155482538855,0.015863402690692165
26.27,2.0,-0.007098838024844545,0.01585464924444492
26.28,2.0,-0.0070985590222338345,0.01584590226396249
26.29,2.0,-0.0070982785429158785,0.015837161742650176
26.3,2.0,-0.007097996589380538,0.01582842767392258
26.310000000000002,2.0,-0.007097713164113405,0.01581970005120359
26.32,2.0,-0.0070974282695958285,0.01581097886792638
26.330000000000002,2.0,-0.007097141908304912,0.015802264117533348
26.34,2.0,-0.007096854082713516,0.01579355579347616
26.35,2.0,-0.007096564795290291,0.015784853889215685
26.36,2.0,-0.007096274048499661,0.015776158398222002
26.37,2.0,-0.007095981844801846,0.015767469313974363
26.38,2.0,-0.0070956881866528695,0.015758786629961212
26.39,2.0,-0.007095393076504564,0.01575011033968013
26.400000000000002,2.0,-0.00709509651680458,0.015741440436637836
26.41,2.0,-0.007094798509996404,0.01573277691435018
26.42,2.0,-0.007094499058519348,0.015724119766342092
26.43,2.0,-0.007094198164808576,0.01571546898614762
26.44,2.0,-0.007093895831295114,0.01570682456730986
26.45,2.0,-0.0070935920604058384,0.01569818650338096
26.46,2.0,-0.007093286854563504,0.015689554787922118
26.47,2.0,-0.007092980216186753,0.01568092941450355
26.48,2.0,-0.0070926721476901045,0.01567231037670446
26.490000000000002,2.0,-0.007092362651483984,0.01566369766811307
26.5,2.0,-0.007092051729974722,0.015655091282326544
26.51,2.0,-0.0070917393855645695,0.015646491212951023
26.52,2.0,-0.007091425620651692,0.01563789745360157
26.53,2.0,-0.007091110437630194,0.015629309997902185
26.54,2.0,-0.007090793838890117,0.01562072883948577
26.55,2.0,-0.007090475826817463,0.015612153971994114
26.560000000000002,2.0,-0.007090156403794176,0.015603585389077879
26.57,2.0,-0.007089835572198181,0.015595023084396599
26.580000000000002,2.0,-0.007089513334403372,0.015586467051618634
26.59,2.0,-0.007089189692779623,0.015577917284421183
26.6,2.0,-0.007088864649692805,0.015569373776490243
26.61,2.0,-0.007088538207504794,0.01556083652152062
26.62,2.0,-0.007088210368573462,0.015552305513215887
26.63,2.0,-0.00708788113525271,0.015543780745288385
26.64,2.0,-0.0070875505098924605,0.015535262211459197
26.650000000000002,2.0,-0.007087218494838666,0.015526749905458152
26.66,2.0,-0.007086885092433325,0.01551824382102378
26.67,2.0,-0.007086550305014486,0.015509743951903304
26.68,2.0,-0.007086214134916257,0.015501250291852656
26.69,2.0,-0.0070858765844688115,0.015492762834636416
26.7,2.0,-0.007085537655998394,0.01548428157402782
26.71,2.0,-0.007085197351827339,0.01547580650380875
26.72,2.0,-0.007084855674274071,0.015467337617769701
26.73,2.0,-0.0070845126256531095,0.015458874909709775
26.740000000000002,2.0,-0.007084168208275084,0.015450418373436667
26.75,2.0,-0.00708382242444674,0.015441968002766652
26.76,2.0,-0.007083475276470948,0.015433523791524554
26.77,2.0,-0.007083126766646709,0.015425085733543748
26.78,2.0,-0.007082776897269168,0.01541665382266614
26.79,2.0,-0.007082425670629604,0.015408228052742145
26.8,2.0,-0.007082073089015468,0.015399808417630676
26.810000000000002,2.0,-0.007081719154710368,0.015391394911199134
26.82,2.0,-0.007081363869994083,0.015382987527323389
26.830000000000002,2.0,-0.007081007237142572,0.015374586259887751
26.84,2.0,-0.007080649258427987,0.01536619110278499
26.85,2.0,-0.007080289936118662,0.015357802049916271
26.86,2.0,-0.007079929272479152,0.015349419095191195
26.87,2.0,-0.0070795672697702055,0.015341042232527732
26.88,2.0,-0.007079203930248807,0.015332671455852244
26.89,2.0,-0.007078839256168157,0.015324306759099444
26.900000000000002,2.0,-0.007078473249777692,0.015315948136212407
26.91,2.0,-0.007078105913323092,0.015307595581142528
26.92,2.0,-0.00707773724904629,0.015299249087849524
26.93,2.0,-0.007077367259185471,0.015290908650301421
26.94,2.0,-0.007076995945975093,0.015282574262474515
26.95,2.0,-0.007076623311645877,0.015274245918353396
26.96,2.0,-0.007076249358424837,0.015265923611930897
26.97,2.0,-0.007075874088535269,0.015257607337208106
26.98,2.0,-0.007075497504196763,0.015249297088194336
26.990000000000002,2.0,-0.007075119607625219,0.015240992858907107
27.0,2.0,-0.007074740401032845,0.015232694643372152
27.01,2.0,-0.007074359886628166,0.015224402435623379
27.02,2.0,-0.007073978066616039,0.015216116229702866
27.03,2.0,-0.007073594943197651,0.015207836019660853
27.04,2.0,-0.007073210518570531,0.015199561799555724
27.05,2.0,-0.00707282479492856,0.015191293563453973
27.060000000000002,2.0,-0.00707243777446197,0.015183031305430228
27.07,2.0,-0.007072049459357367,0.015174775019567203
27.080000000000002,2.0,-0.007071659851797719,0.015166524699955695
27.09,2.0,-0.0070712689539623765,0.015158280340694578
27.1,2.0,-0.007070876768027073,0.01515004193589077
27.11,2.0,-0.007070483296163945,0.015141809479659247
27.12,2.0,-0.00707008854054152,0.015133582966122987
27.13,2.0,-0.007069692503324742,0.015125362389413003
27.14,2.0,-0.007069295186674967,0.015117147743668293
27.150000000000002,2.0,-0.00706889659274997,0.015108939023035844
27.16,2.0,-0.007068496723703963,0.015100736221670609
27.17,2.0,-0.007068095581687593,0.015092539333735498
27.18,2.0,-0.007067693168847955,0.01508434835340137
27.19,2.0,-0.007067289487328591,0.015076163274846992
27.2,2.0,-0.0070668845392695065,0.015067984092259073
27.21,2.0,-0.00706647832680717,0.015059810799832192
27.22,2.0,-0.00706607085207453,0.015051643391768834
27.23,2.0,-0.007065662117201009,0.015043481862279346
27.240000000000002,2.0,-0.007065252124312523,0.015035326205581932
27.25,2.0,-0.007064840875531481,0.01502717641590265
27.26,2.0,-0.007064428372976795,0.015019032487475378
27.27,2.0,-0.007064014618763884,0.015010894414541811
27.28,2.0,-0.007063599615004688,0.015002762191351446
27.29,2.0,-0.007063183363807666,0.014994635812161575
27.3,2.0,-0.007062765867277813,0.014986515271237257
27.310000000000002,2.0,-0.007062347127516657,0.014978400562851315
27.32,2.0,-0.007061927146622276,0.014970291681284326
27.330000000000002,2.0,-0.007061505926689292,0.014962188620824582
27.34,2.0,-0.007061083469808892,0.014954091375768122
27.35,2.0,-0.007060659778068828,0.01494599994041867
27.36,2.0,-0.00706023485355342,0.014937914309087651
27.37,2.0,-0.007059808698343575,0.014929834476094169
27.38,2.0,-0.00705938131451678,0.014921760435764994
27.39,2.0,-0.007058952704147123,0.01491369218243455
27.400000000000002,2.0,-0.007058522869305277,0.014905629710444896
27.41,2.0,-0.007058091812058542,0.014897573014145722
27.42,2.0,-0.007057659534470816,0.014889522087894324
27.43,2.0,-0.007057226038602629,0.014881476926055607
27.44,2.0,-0.007056791326511125,0.014873437523002044
27.45,2.0,-0.007056355400250099,0.014865403873113704
27.46,2.0,-0.007055918261869977,0.014857375970778196
27.47,2.0,-0.007055479913417829,0.01484935381039068
27.48,2.0,-0.007055040356937392,0.014841337386353858
27.490000000000002,2.0,-0.007054599594469054,0.014833326693077931
27.5,2.0,-0.007054157628049876,0.014825321724980632
27.51,2.0,-0.00705371445971359,0.014817322476487163
27.52,2.0,-0.007053270091490613,0.014809328942030223
27.53,2.0,-0.0070528245254080505,0.014801341116049969
27.54,2.0,-0.007052377763489697,0.014793358992994022
27.55,2.0,-0.007051929807756056,0.014785382567317424
27.560000000000002,2.0,-0.007051480660224331,0.014777411833482664
27.57,2.0,-0.0070510303229084454,0.014769446785959643
27.580000000000002,2.0,-0.0070505787978190435,0.014761487419225654
27.59,2.0,-0.007050126086963495,0.014753533727765394
27.6,2.0,-0.007049672192345904,0.014745585706070914
27.61,2.0,-0.007049217115967117,0.014737643348641659
27.62,2.0,-0.007048760859824726,0.014729706649984393
27.63,2.0,-0.007048303425913076,0.014721775604613243
27.64,2.0,-0.007047844816223277,0.014713850207049638
27.650000000000002,2.0,-0.007047385032743198,0.014705930451822348
27.66,2.0,-0.007046924077457485,0.01469801633346741
27.67,2.0,-0.007046461952347568,0.014690107846528177
27.68,2.0,-0.007045998659391655,0.014682204985555251
27.69,2.0,-0.007045534200564752,0.014674307745106514
27.7,2.0,-0.007045068577838659,0.014666416119747089
27.71,2.0,-0.007044601793181982,0.014658530104049336
27.72,2.0,-0.007044133848560145,0.014650649692592842
27.73,2.0,-0.007043664745935382,0.014642774879964397
27.740000000000002,2.0,-0.00704319448726675,0.014634905660757994
27.75,2.0,-0.007042723074510148,0.01462704202957482
27.76,2.0,-0.007042250509618297,0.014619183981023225
27.77,2.0,-0.00704177679454077,0.014611331509718726
27.78,2.0,-0.007041301931223983,0.014603484610283981
27.79,2.0,-0.0070408259216112185,0.014595643277348797
27.8,2.0,-0.007040348767642609,0.014587807505550096
27.810000000000002,2.0,-0.007039870471255158,0.014579977289531912
27.82,2.0,-0.0070393910343827465,0.014572152623945388
27.830000000000002,2.0,-0.007038910458956132,0.014564333503448736
27.84,2.0,-0.007038428746902958,0.014556519922707263
27.85,2.0,-0.0070379459001477665,0.014548711876393328
27.86,2.0,-0.007037461920611994,0.014540909359186343
27.87,2.0,-0.007036976810213975,0.014533112365772753
27.88,2.0,-0.00703649057086897,0.014525320890846044
27.89,2.0,-0.007036003204489144,0.014517534929106691
27.900000000000002,2.0,-0.007035514712983588,0.014509754475262199
27.91,2.0,-0.007035025098258329,0.01450197952402705
27.92,2.0,-0.007034534362216316,0.014494210070122696
27.93,2.0,-0.0070340425067574545,0.01448644610827757
27.94,2.0,-0.007033549533778583,0.01447868763322704
27.95,2.0,-0.007033055445173505,0.014470934639713447
27.96,2.0,-0.007032560242832975,0.014463187122486027
27.97,2.0,-0.007032063928644717,0.014455445076300961
27.98,2.0,-0.007031566504493425,0.014447708495921311
27.990000000000002,2.0,-0.0070310679722607695,0.014439977376117057
28.0,2.0,-0.007030568333825405,0.014432251711665053
28.01,2.0,-0.007030067591062972,0.014424531497349014
28.02,2.0,-0.007029565745846114,0.014416816727959532
28.03,2.0,-0.007029062800044466,0.014409107398294027
28.04,2.0,-0.007028558755524673,0.014401403503156768
28.05,2.0,-0.007028053614150395,0.01439370503735884
28.060000000000002,2.0,-0.007027547377782306,0.014386011995718146
28.07,2.0,-0.007027040048278105,0.014378324373059383
28.080000000000002,2.0,-0.007026531627492527,0.01437064216421404
28.09,2.0,-0.0070260221172773335,0.014362965364020387
28.1,2.0,-0.007025511519481334,0.014355293967323443
28.11,2.0,-0.007024999835950384,0.014347627968975004
28.12,2.0,-0.007024487068527391,0.014339967363833592
28.13,2.0,-0.007023973219052321,0.014332312146764463
28.14,2.0,-0.007023458289362207,0.014324662312639591
28.150000000000002,2.0,-0.007022942281291149,0.014317017856337664
28.16,2.0,-0.007022425196670326,0.014309378772744059
28.17,2.0,-0.0070219070373279974,0.014301745056750843
28.18,2.0,-0.007021387805089509,0.014294116703256754
28.19,2.0,-0.007020867501777305,0.014286493707167188
28.2,2.0,-0.007020346129210919,0.014278876063394202
28.21,2.0,-0.007019823689206996,0.014271263766856477
28.22,2.0,-0.007019300183579288,0.014263656812479337
28.23,2.0,-0.007018775614138666,0.014256055195194711
28.240000000000002,2.0,-0.007018249982693118,0.01424845890994114
28.25,2.0,-0.007017723291047759,0.014240867951663764
28.26,2.0,-0.00701719554100484,0.014233282315314294
28.27,2.0,-0.007016666734363747,0.014225701995851015
28.28,2.0,-0.007016136872921011,0.014218126988238778
28.29,2.0,-0.007015605958470309,0.014210557287448983
28.3,2.0,-0.007015073992802476,0.01420299288845956
28.310000000000002,2.0,-0.007014540977705503,0.014195433786254976
28.32,2.0,-0.007014006914964554,0.014187879975826212
28.330000000000002,2.0,-0.007013471806361954,0.014180331452170748
28.34,2.0,-0.007012935653677211,0.014172788210292562
28.35,2.0,-0.007012398458687014,0.014165250245202115
28.36,2.0,-0.00701186022316524,0.014157717551916343
28.37,2.0,-0.00701132094888295,0.014150190125458631
28.38,2.0,-0.007010780637608418,0.01414266796085883
28.39,2.0,-0.007010239291107111,0.014135151053153218
28.400000000000002,2.0,-0.007009696911141709,0.014127639397384503
28.41,2.0,-0.007009153499472105,0.014120132988601819
28.42,2.0,-0.007008609057855408,0.014112631821860695
28.43,2.0,-0.007008063588045958,0.014105135892223059
28.44,2.0,-0.007007517091795327,0.014097645194757228
28.45,2.0,-0.007006969570852312,0.01409015972453789
28.46,2.0,-0.007006421026962963,0.01408267947664609
28.47,2.0,-0.00700587146187057,0.01407520444616924
28.48,2.0,-0.007005320877315671,0.014067734628201076
28.490000000000002,2.0,-0.007004769275036073,0.014060270017841676
28.5,2.0,-0.007004216656766832,0.014052810610197444
28.51,2.0,-0.0070036630242402784,0.014045356400381076
28.52,2.0,-0.007003108379186013,0.014037907383511579
28.53,2.0,-0.007002552723330916,0.014030463554714243
28.54,2.0,-0.00700199605839915,0.014023024909120645
28.55,2.0,-0.007001438386112164,0.014015591441868614
28.560000000000002,2.0,-0.007000879708188704,0.014008163148102253
28.57,2.0,-0.00700032002634481,0.014000740022971896
28.580000000000002,2.0,-0.006999759342293828,0.013993322061634119
28.59,2.0,-0.006999197657746414,0.013985909259251725
28.6,2.0,-0.006998634974410538,0.013978501610993727
28.61,2.0,-0.006998071293991487,0.013971099112035347
28.62,2.0,-0.006997506618191873,0.013963701757557994
28.63,2.0,-0.006996940948711638,0.013956309542749264
28.64,2.0,-0.006996374287248058,0.01394892246280293
28.650000000000002,2.0,-0.006995806635495751,0.01394154051291892
28.66,2.0,-0.006995237995146673,0.013934163688303322
28.67,2.0,-0.006994668367890137,0.013926791984168357
28.68,2.0,-0.006994097755412807,0.013919425395732387
28.69,2.0,-0.006993526159398707,0.013912063918219884
28.7,2.0,-0.006992953581529224,0.013904707546861447
28.71,2.0,-0.00699238002348312,0.013897356276893754
28.72,2.0,-0.006991805486936527,0.013890010103559596
28.73,2.0,-0.006991229973562959,0.01388266902210783
28.740000000000002,2.0,-0.006990653485033311,0.013875333027793384
28.75,2.0,-0.0069900760230158735,0.013868002115877258
28.76,2.0,-0.006989497589176327,0.013860676281626488
28.77,2.0,-0.006988918185177753,0.013853355520314156
28.78,2.0,-0.006988337812680638,0.013846039827219374
28.79,2.0,-0.006987756473342876,0.01383872919762727
28.8,2.0,-0.006987174168819777,0.013831423626828985
28.810000000000002,2.0,-0.00698659090076407,0.01382412311012166
28.82,2.0,-0.00698600667082591,0.013816827642808427
28.830000000000002,2.0,-0.006985421480652873,0.013809537220198384
28.84,2.0,-0.006984835331889977,0.013802251837606623
28.85,2.0,-0.006984248226179677,0.01379497149035417
28.86,2.0,-0.0069836601651618695,0.013787696173768021
28.87,2.0,-0.0069830711504739,0.013780425883181098
28.88,2.0,-0.006982481183750565,0.013773160613932264
28.89,2.0,-0.006981890266624123,0.013765900361366292
28.900000000000002,2.0,-0.006981298400724292,0.013758645120833867
28.91,2.0,-0.006980705587678259,0.013751394887691585
28.92,2.0,-0.006980111829110681,0.013744149657301918
28.93,2.0,-0.006979517126643694,0.013736909425033228
28.94,2.0,-0.0069789214818969155,0.013729674186259741
28.95,2.0,-0.006978324896487448,0.013722443936361553
28.96,2.0,-0.0069777273720298865,0.013715218670724604
28.97,2.0,-0.006977128910136321,0.013707998384740681
28.98,2.0,-0.006976529512416342,0.013700783073807399
28.990000000000002,2.0,-0.006975929180477047,0.013693572733328193
29.0,2.0,-0.006975327915923041,0.013686367358712327
29.01,2.0,-0.006974725720356444,0.01367916694537484
29.02,2.0,-0.006974122595376895,0.013671971488736594
29.03,2.0,-0.006973518542581557,0.013664780984224212
29.04,2.0,-0.006972913563565125,0.01365759542727011
29.05,2.0,-0.0069723076599198215,0.01365041481331245
29.060000000000002,2.0,-0.006971700833235409,0.01364323913779516
29.07,2.0,-0.006971093085099194,0.013636068396167923
29.080000000000002,2.0,-0.006970484417096026,0.013628902583886132
29.09,2.0,-0.006969874830808311,0.013621741696410937
29.1,2.0,-0.006969264327816007,0.01361458572920918
29.11,2.0,-0.0069686529096966345,0.013607434677753426
29.12,2.0,-0.006968040578025279,0.013600288537521937
29.13,2.0,-0.006967427334374593,0.013593147303998654
29.14,2.0,-0.006966813180314808,0.013586010972673212
29.150000000000002,2.0,-0.00696619811741373,0.013578879539040899
29.16,2.0,-0.00696558214723675,0.013571752998602684
29.17,2.0,-0.00696496527134685,0.013564631346865174
29.18,2.0,-0.006964347491304596,0.013557514579340622
29.19,2.0,-0.006963728808668159,0.013550402691546908
29.2,2.0,-0.006963109224993307,0.013543295679007552
29.21,2.0,-0.0069624887418334135,0.013536193537251667
29.22,2.0,-0.006961867360739464,0.013529096261813991
29.23,2.0,-0.006961245083260057,0.013522003848234843
29.240000000000002,2.0,-0.006960621910941411,0.013514916292060137
29.25,2.0,-0.006959997845327364,0.013507833588841365
29.26,2.0,-0.00695937288795939,0.013500755734135582
29.27,2.0,-0.006958747040376587,0.013493682723505407
29.28,2.0,-0.00695812030411569,0.013486614552519002
29.29,2.0,-0.006957492680711082,0.013479551216750088
29.3,2.0,-0.006956864171694784,0.013472492711777891
29.310000000000002,2.0,-0.00695623477859647,0.013465439033187183
29.32,2.0,-0.006955604502943465,0.013458390176568243
29.330000000000002,2.0,-0.006954973346260757,0.01345134613751685
29.34,2.0,-0.006954341310070993,0.01344430691163428
29.35,2.0,-0.006953708395894488,0.013437272494527301
29.36,2.0,-0.006953074605249228,0.013430242881808158
29.37,2.0,-0.006952439939650873,0.013423218069094555
29.38,2.0,-0.006951804400612766,0.013416198052009675
29.39,2.0,-0.0069511679896459315,0.01340918282618213
29.400000000000002,2.0,-0.006950530708259083,0.01340217238724599
29.41,2.0,-0.006949892557958629,0.01339516673084075
29.42,2.0,-0.006949253540248668,0.013388165852611336
29.43,2.0,-0.006948613656631008,0.013381169748208084
29.44,2.0,-0.006947972908605156,0.013374178413286737
29.45,2.0,-0.006947331297668333,0.013367191843508442
29.46,2.0,-0.006946688825315469,0.013360210034539724
29.47,2.0,-0.006946045493039217,0.013353232982052501
29.48,2.0,-0.006945401302329945,0.01334626068172405
29.490000000000002,2.0,-0.006944756254675757,0.013339293129237014
29.5,2.0,-0.006944110351562478,0.013332330320279409
29.51,2.0,-0.006943463594473675,0.01332537225054456
29.52,2.0,-0.006942815984890648,0.013318418915731163
29.53,2.0,-0.006942167524292441,0.013311470311543217
29.54,2.0,-0.00694151821415585,0.01330452643369006
29.55,2.0,-0.006940868055955417,0.013297587277886321
29.560000000000002,2.0,-0.006940217051163439,0.013290652839851952
29.57,2.0,-0.006939565201249976,0.01328372311531218
29.580000000000002,2.0,-0.006938912507682846,0.013276798099997525
29.59,2.0,-0.00693825897192764,0.013269877789643787
29.6,2.0,-0.00693760459544772,0.013262962179992021
29.61,2.0,-0.006936949379704219,0.01325605126678856
29.62,2.0,-0.006936293326156054,0.013249145045784961
29.63,2.0,-0.006935636436259923,0.013242243512738056
29.64,2.0,-0.0069349787114703155,0.013235346663409878
29.650000000000002,2.0,-0.006934320153239509,0.013228454493567706
29.66,2.0,-0.00693366076301758,0.013221566998984037
29.67,2.0,-0.006933000542252398,0.013214684175436553
29.68,2.0,-0.006932339492389649,0.013207806018708168
29.69,2.0,-0.006931677614872811,0.013200932524586957
29.7,2.0,-0.00693101491114319,0.0131940636888662
29.71,2.0,-0.006930351382639894,0.01318719950734434
29.72,2.0,-0.006929687030799859,0.013180339975824991
29.73,2.0,-0.00692902185705784,0.01317348509011692
29.740000000000002,2.0,-0.0069283558628464225,0.013166634846034047
29.75,2.0,-0.006927689049596026,0.013159789239395437
29.76,2.0,-0.0069270214187349,0.013152948266025276
29.77,2.0,-0.006926352971689136,0.013146111921752891
29.78,2.0,-0.006925683709882668,0.013139280202412708
29.79,2.0,-0.006925013634737277,0.01313245310384428
29.8,2.0,-0.006924342747672598,0.013125630621892235
29.810000000000002,2.0,-0.00692367105010612,0.013118812752406317
29.82,2.0,-0.006922998543453187,0.013111999491241342
29.830000000000002,2.0,-0.006922325229127009,0.013105190834257202
29.84,2.0,-0.006921651108538665,0.013098386777318859
29.85,2.0,-0.0069209761830971,0.013091587316296326
29.86,2.0,-0.006920300454209131,0.013084792447064678
29.87,2.0,-0.006919623923279465,0.013078002165504027
29.88,2.0,-0.006918946591710677,0.013071216467499517
29.89,2.0,-0.006918268460903232,0.01306443534894132
29.900000000000002,2.0,-0.006917589532255496,0.013057658805724627
29.91,2.0,-0.006916909807163711,0.013050886833749652
29.92,2.0,-0.0069162292870220245,0.013044119428921586
29.93,2.0,-0.006915547973222485,0.013037356587150632
29.94,2.0,-0.006914865867155048,0.013030598304351977
29.95,2.0,-0.00691418297020757,0.01302384457644578
29.96,2.0,-0.006913499283765828,0.013017095399357175
29.97,2.0,-0.00691281480921351,0.013010350769016268
29.98,2.0,-0.006912129547932224,0.013003610681358095
29.990000000000002,2.0,-0.0069114435013015035,0.012996875132322661
30.0,2.0,-0.006910756670698807,0.0129901441178549
30.01,2.0,-0.006910069057499528,0.01298341763390468
30.02,2.0,-0.006909380663076989,0.012976695676426786
30.03,2.0,-0.006908691488802451,0.012969978241380922
30.04,2.0,-0.006908001536045127,0.012963265324731708
30.05,2.0,-0.006907310806172159,0.012956556922448641
30.060000000000002,2.0,-0.006906619300548652,0.01294985303050613
30.07,2.0,-0.006905927020537662,0.012943153644883463
30.080000000000002,2.0,-0.006905233967500194,0.012936458761564795
30.09,2.0,-0.006904540142795221,0.012929768376539157
30.1,2.0,-0.006903845547779676,0.012923082485800439
30.11,2.0,-0.00690315018380846,0.012916401085347385
30.12,2.0,-0.006902454052234451,0.012909724171183577
30.13,2.0,-0.006901757154408491,0.012903051739317443
30.14,2.0,-0.006901059491679408,0.012896383785762236
30.150000000000002,2.0,-0.006900361065394012,0.012889720306536026
30.16,2.0,-0.006899661876897093,0.012883061297661709
30.17,2.0,-0.006898961927531438,0.012876406755166976
30.18,2.0,-0.006898261218637823,0.012869756675084325
30.19,2.0,-0.006897559751555016,0.012863111053451035
30.2,2.0,-0.0068968575276197935,0.01285646988630918
30.21,2.0,-0.006896154548166929,0.012849833169705602
30.22,2.0,-0.0068954508145292045,0.012843200899691917
30.23,2.0,-0.006894746328037414,0.012836573072324494
30.240000000000002,2.0,-0.006894041090020364,0.012829949683664464
30.25,2.0,-0.00689333510180488,0.0128233307297777
30.26,2.0,-0.006892628364715807,0.012816716206734809
30.27,2.0,-0.006891920880076016,0.012810106110611133
30.28,2.0,-0.006891212649206404,0.01280350043748674
30.29,2.0,-0.006890503673425903,0.012796899183446408
30.3,2.0,-0.006889793954051475,0.012790302344579625
30.310000000000002,2.0,-0.006889083492398129,0.012783709916980579
30.32,2.0,-0.006888372289778907,0.012777121896748156
30.330000000000002,2.0,-0.0068876603475048976,0.012770538279985921
30.34,2.0,-0.006886947666885246,0.012763959062802123
30.35,2.0,-0.006886234249227144,0.012757384241309679
30.36,2.0,-0.006885520095835835,0.012750813811626172
30.37,2.0,-0.006884805208014632,0.012744247769873837
30.38,2.0,-0.006884089587064901,0.012737686112179562
30.39,2.0,-0.006883373234286081,0.012731128834674877
30.400000000000002,2.0,-0.0068826561509756756,0.012724575933495942
30.41,2.0,-0.006881938338429265,0.012718027404783555
30.42,2.0,-0.006881219797940503,0.012711483244683115
30.43,2.0,-0.006880500530801124,0.012704943449344652
30.44,2.0,-0.006879780538300944,0.01269840801492279
30.45,2.0,-0.006879059821727869,0.012691876937576754
30.46,2.0,-0.006878338382367893,0.01268535021347036
30.47,2.0,-0.006877616221505099,0.012678827838772009
30.48,2.0,-0.006876893340421674,0.012672309809654675
30.490000000000002,2.0,-0.006876169740397899,0.012665796122295906
30.5,2.0,-0.0068754454227121595,0.012659286772877804
30.51,2.0,-0.006874720388640948,0.012652781757587035
30.52,2.0,-0.006873994639458869,0.012646281072614807
30.53,2.0,-0.006873268176438635,0.012639784714156867
30.54,2.0,-0.006872541000851079,0.012633292678413502
30.55,2.0,-0.006871813113965152,0.012626804961589516
30.560000000000002,2.0,-0.006871084517047928,0.012620321559894239
30.57,2.0,-0.006870355211364607,0.012613842469541512
30.580000000000002,2.0,-0.0068696251981785195,0.01260736768674968
30.59,2.0,-0.006868894478751129,0.012600897207741586
30.6,2.0,-0.0068681630543420335,0.01259443102874456
30.61,2.0,-0.006867430926208973,0.012587969145990427
30.62,2.0,-0.006866698095607826,0.012581511555715475
30.63,2.0,-0.006865964563792621,0.01257505825416047
30.64,2.0,-0.0068652303320155305,0.012568609237570638
30.650000000000002,2.0,-0.006864495401526882,0.01256216450219566
30.66,2.0,-0.006863759773575164,0.012555724044289675
30.67,2.0,-0.006863023449407013,0.01254928786011125
30.68,2.0,-0.0068622864302672355,0.012542855945923394
30.69,2.0,-0.006861548717398798,0.012536428297993545
30.7,2.0,-0.006860810312042841,0.01253000491259356
30.71,2.0,-0.00686007121543867,0.012523585785999707
30.72,2.0,-0.006859331428823768,0.012517170914492672
30.73,2.0,-0.006858590953433798,0.012510760294357527
30.740000000000002,2.0,-0.006857849790502601,0.012504353921883753
30.75,2.0,-0.006857107941262203,0.012497951793365205
30.76,2.0,-0.006856365406942816,0.012491553905100122
30.77,2.0,-0.006855622188772846,0.012485160253391123
30.78,2.0,-0.0068548782879788855,0.012478770834545178
30.79,2.0,-0.006854133705785733,0.012472385644873634
30.8,2.0,-0.006853388443416381,0.012466004680692179
30.810000000000002,2.0,-0.006852642502092026,0.012459627938320849
30.82,2.0,-0.006851895883032067,0.012453255414084022
30.830000000000002,2.0,-0.00685114858745412,0.012446887104310411
30.84,2.0,-0.006850400616574008,0.012440523005333047
30.85,2.0,-0.006849651971605767,0.012434163113489282
30.86,2.0,-0.006848902653761657,0.012427807425120785
30.87,2.0,-0.006848152664252159,0.012421455936573528
30.88,2.0,-0.0068474020042859724,0.012415108644197781
30.89,2.0,-0.006846650675070028,0.012408765544348109
30.900000000000002,2.0,-0.00684589867780949,0.012402426633383357
30.91,2.0,-0.006845146013707753,0.012396091907666659
30.92,2.0,-0.006844392683966446,0.012389761363565404
30.93,2.0,-0.006843638689785446,0.012383434997451271
30.94,2.0,-0.006842884032362862,0.012377112805700176
30.95,2.0,-0.006842128712895059,0.012370794784692303
30.96,2.0,-0.0068413727325766435,0.012364480930812069
30.970000000000002,2.0,-0.006840616092600476,0.012358171240448138
30.98,2.0,-0.006839858794157672,0.012351865709993411
30.990000000000002,2.0,-0.006839100838437607,0.012345564335845008
31.0,2.0,-0.006838342226627915,0.01233926711440427
31.01,2.0,-0.006837582959914495,0.012332974042076752
31.02,2.0,-0.006836823039481508,0.012326685115272218
31.03,2.0,-0.006836062466511393,0.012320400330404628
31.04,2.0,-0.0068353012421848575,0.012314119683892141
31.05,2.0,-0.00683453936768088,0.012307843172157098
31.060000000000002,2.0,-0.006833776844176725,0.012301570791626023
31.07,2.0,-0.006833013672847939,0.01229530253872962
31.080000000000002,2.0,-0.006832249854868343,0.012289038409902751
31.09,2.0,-0.006831485391410057,0.012282778401584446
31.1,2.0,-0.006830720283643487,0.01227652251021789
31.11,2.0,-0.006829954532737328,0.012270270732250416
31.12,2.0,-0.006829188139858579,0.012264023064133494
31.13,2.0,-0.006828421106172532,0.012257779502322742
31.14,2.0,-0.006827653432842785,0.012251540043277899
31.150000000000002,2.0,-0.006826885121031237,0.012245304683462827
31.16,2.0,-0.006826116171898098,0.012239073419345511
31.17,2.0,-0.006825346586601886,0.012232846247398036
31.18,2.0,-0.0068245763662994376,0.012226623164096609
31.19,2.0,-0.006823805512145898,0.012220404165921517
31.2,2.0,-0.006823034025294739,0.012214189249357148
31.21,2.0,-0.006822261906897751,0.012207978410891974
31.220000000000002,2.0,-0.006821489158105051,0.01220177164701855
31.23,2.0,-0.006820715780065081,0.012195568954233495
31.240000000000002,2.0,-0.006819941773924614,0.012189370329037502
31.25,2.0,-0.00681916714082876,0.012183175767935326
31.26,2.0,-0.006818391881920966,0.012176985267435766
31.27,2.0,-0.006817615998343011,0.012170798824051686
31.28,2.0,-0.006816839491235024,0.012164616434299976
31.29,2.0,-0.006816062361735473,0.012158438094701567
31.3,2.0,-0.006815284610981175,0.012152263801781424
31.310000000000002,2.0,-0.006814506240107303,0.012146093552068532
31.32,2.0,-0.006813727250247375,0.012139927342095893
31.330000000000002,2.0,-0.0068129476425332685,0.012133765168400524
31.34,2.0,-0.006812167418095221,0.012127607027523439
31.35,2.0,-0.006811386578061827,0.012121452916009655
31.36,2.0,-0.006810605123560055,0.01211530283040819
31.37,2.0,-0.00680982305571523,0.012109156767272032
31.38,2.0,-0.00680904037565105,0.012103014723158168
31.39,2.0,-0.00680825708448959,0.012096876694627546
31.400000000000002,2.0,-0.006807473183351293,0.01209074267824509
31.41,2.0,-0.006806688673354987,0.012084612670579682
31.42,2.0,-0.006805903555617877,0.012078486668204163
31.43,2.0,-0.006805117831255553,0.012072364667695328
31.44,2.0,-0.006804331501381989,0.012066246665633908
31.45,2.0,-0.00680354456710955,0.012060132658604578
31.46,2.0,-0.006802757029548992,0.012054022643195945
31.470000000000002,2.0,-0.006801968889809469,0.012047916616000545
31.48,2.0,-0.006801180148998525,0.012041814573614829
31.490000000000002,2.0,-0.006800390808222106,0.012035716512639166
31.5,2.0,-0.006799600868584567,0.012029622429677837
31.51,2.0,-0.006798810331188659,0.012023532321339011
31.52,2.0,-0.006798019197135547,0.01201744618423478
31.53,2.0,-0.006797227467524804,0.012011364014981098
31.54,2.0,-0.006796435143454415,0.012005285810197828
31.55,2.0,-0.006795642226020783,0.011999211566508695
31.560000000000002,2.0,-0.006794848716318732,0.01199314128054131
31.57,2.0,-0.006794054615441499,0.011987074948927139
31.580000000000002,2.0,-0.006793259924480753,0.011981012568301523
31.59,2.0,-0.006792464644526588,0.011974954135303653
31.6,2.0,-0.006791668776667521,0.011968899646576563
31.61,2.0,-0.006790872321990506,0.011962849098767136
31.62,2.0,-0.0067900752815809335,0.0119568024885261
31.63,2.0,-0.006789277656522623,0.011950759812508012
31.64,2.0,-0.006788479447897841,0.011944721067371242
31.650000000000002,2.0,-0.006787680656787294,0.011938686249778004
31.66,2.0,-0.00678688128427013,0.011932655356394314
31.67,2.0,-0.0067860813314239475,0.011926628383889989
31.68,2.0,-0.006785280799324797,0.011920605328938674
31.69,2.0,-0.006784479689047175,0.011914586188217786
31.7,2.0,-0.0067836780016640365,0.011908570958408552
31.71,2.0,-0.006782875738246799,0.011902559636195978
31.720000000000002,2.0,-0.006782072899865331,0.01189655221826885
31.73,2.0,-0.006781269487587973,0.011890548701319736
31.740000000000002,2.0,-0.006780465502481523,0.011884549082044964
31.75,2.0,-0.006779660945611251,0.011878553357144633
31.76,2.0,-0.006778855818040895,0.011872561523322594
31.77,2.0,-0.006778050120832671,0.01186657357728646
31.78,2.0,-0.006777243855047266,0.011860589515747578
31.79,2.0,-0.006776437021743844,0.011854609335421049
31.8,2.0,-0.0067756296219800526,0.011848633033025696
31.810000000000002,2.0,-0.006774821656812024,0.011842660605284085
31.82,2.0,-0.006774013127294371,0.0118366920489225
31.830000000000002,2.0,-0.006773204034480198,0.011830727360670942
31.84,2.0,-0.006772394379421098,0.011824766537263132
31.85,2.0,-0.006771584163167161,0.011818809575436491
31.86,2.0,-0.0067707733867669664,0.011812856471932144
31.87,2.0,-0.006769962051267597,0.011806907223494919
31.88,2.0,-0.006769150157714635,0.011800961826873329
31.89,2.0,-0.006768337707152164,0.011795020278819566
31.900000000000002,2.0,-0.006767524700622774,0.011789082576089517
31.91,2.0,-0.006766711139167564,0.011783148715442737
31.92,2.0,-0.0067658970238261415,0.01177721869364244
31.93,2.0,-0.006765082355636628,0.01177129250745552
31.94,2.0,-0.006764267135635661,0.011765370153652518
31.95,2.0,-0.006763451364858396,0.011759451629007635
31.96,2.0,-0.006762635044338506,0.011753536930298708
31.970000000000002,2.0,-0.00676181817510819,0.011747626054307223
31.98,2.0,-0.0067610007581981706,0.01174171899781831
31.990000000000002,2.0,-0.006760182794637698,0.011735815757620713
32.0,2.0,-0.006759364285454553,0.011729916330506815
32.01,2.0,-0.0067585452316750476,0.011724020713272611
32.02,2.0,-0.00675772563432403,0.01171812890271771
32.03,2.0,-0.0067569054944248835,0.01171224089564534
32.04,2.0,-0.006756084812999536,0.011706356688862328
32.05,2.0,-0.00675526359106845,0.011700476279179091
32.06,2.0,-0.006754441829650641,0.011694599663409645
32.07,2.0,-0.006753619529763661,0.011688726838371603
32.08,2.0,-0.006752796692423622,0.011682857800886147
32.09,2.0,-0.00675197331864518,0.011676992547778037
32.1,2.0,-0.006751149409441548,0.01167113107587562
32.11,2.0,-0.006750324965824495,0.01166527338201079
32.12,2.0,-0.006749499988804349,0.011659419463019013
32.13,2.0,-0.006748674479389995,0.011653569315739305
32.14,2.0,-0.006747848438588889,0.011647722937014243
32.15,2.0,-0.006747021867407049,0.011641880323689938
32.160000000000004,2.0,-0.006746194766849056,0.011636041472616043
32.17,2.0,-0.0067453671379180714,0.011630206380645759
32.18,2.0,-0.006744538981615822,0.011624375044635796
32.19,2.0,-0.006743710298942608,0.011618547461446402
32.2,2.0,-0.0067428810908973175,0.011612723627941336
32.21,2.0,-0.0067420513584774055,0.011606903540987881
32.22,2.0,-0.006741221102678921,0.011601087197456825
32.230000000000004,2.0,-0.0067403903244964885,0.011595274594222452
32.24,2.0,-0.006739559024923322,0.011589465728162555
32.25,2.0,-0.006738727204951226,0.011583660596158413
32.26,2.0,-0.006737894865570594,0.011577859195094796
32.27,2.0,-0.006737062007770414,0.011572061521859953
32.28,2.0,-0.006736228632538271,0.011566267573345623
32.29,2.0,-0.0067353947408603475,0.011560477346447003
32.3,2.0,-0.0067345603337214234,0.011554690838062764
32.31,2.0,-0.006733725412104886,0.011548908045095035
32.32,2.0,-0.006732889976992724,0.011543128964449412
32.33,2.0,-0.006732054029365537,0.011537353593034937
32.34,2.0,-0.006731217570202531,0.011531581927764096
32.35,2.0,-0.006730380600481524,0.011525813965552821
32.36,2.0,-0.006729543121178949,0.011520049703320483
32.37,2.0,-0.006728705133269855,0.011514289137989879
32.38,2.0,-0.006727866637727908,0.011508532266487237
32.39,2.0,-0.006727027635525399,0.011502779085742206
32.4,2.0,-0.0067261881276332374,0.011497029592687856
32.410000000000004,2.0,-0.006725348115020955,0.011491283784260654
32.42,2.0,-0.006724507598656724,0.011485541657400495
32.43,2.0,-0.0067236665795073315,0.011479803209050664
32.44,2.0,-0.006722825058538205,0.011474068436157836
32.45,2.0,-0.006721983036713401,0.011468337335672086
32.46,2.0,-0.0067211405149956195,0.011462609904546884
32.47,2.0,-0.006720297494346191,0.011456886139739069
32.480000000000004,2.0,-0.00671945397572509,0.011451166038208857
32.49,2.0,-0.006718609960090935,0.011445449596919843
32.5,2.0,-0.006717765448400988,0.01143973681283899
32.51,2.0,-0.006716920441611159,0.01143402768293661
32.52,2.0,-0.006716074940676006,0.011428322204186386
32.53,2.0,-0.00671522894654874,0.011422620373565348
32.54,2.0,-0.006714382460181226,0.011416922188053878
32.55,2.0,-0.006713535482523982,0.011411227644635688
32.56,2.0,-0.006712688014526191,0.011405536740297834
32.57,2.0,-0.006711840057135685,0.011399849472030717
32.58,2.0,-0.006710991611298972,0.011394165836828049
32.59,2.0,-0.006710142677961213,0.011388485831686864
32.6,2.0,-0.006709293258066241,0.01138280945360753
32.61,2.0,-0.006708443352556558,0.01137713669959372
32.62,2.0,-0.006707592962373335,0.011371467566652409
32.63,2.0,-0.006706742088456416,0.011365802051793878
32.64,2.0,-0.006705890731744325,0.011360140152031718
32.65,2.0,-0.006705038893174254,0.011354481864382801
32.660000000000004,2.0,-0.006704186573682085,0.011348827185867293
32.67,2.0,-0.006703333774202375,0.011343176113508645
32.68,2.0,-0.006702480495668364,0.01133752864433359
32.69,2.0,-0.006701626739011983,0.011331884775372126
32.7,2.0,-0.006700772505163847,0.011326244503657528
32.71,2.0,-0.006699917795053263,0.01132060782622634
32.72,2.0,-0.00669906260960823,0.011314974740118366
32.730000000000004,2.0,-0.006698206949755436,0.011309345242376648
32.74,2.0,-0.006697350816420274,0.011303719330047509
32.75,2.0,-0.006696494210526828,0.011298097000180491
32.76,2.0,-0.006695637132997884,0.011292478249828396
32.77,2.0,-0.006694779584754938,0.011286863076047251
32.78,2.0,-0.006693921566718178,0.011281251475896325
32.79,2.0,-0.006693063079806507,0.011275643446438105
32.8,2.0,-0.006692204124937535,0.011270038984738313
32.81,2.0,-0.006691344703027583,0.01126443808786587
32.82,2.0,-0.006690484814991683,0.011258840752892935
32.83,2.0,-0.006689624461743583,0.011253246976894853
32.84,2.0,-0.00668876364419575,0.011247656756950188
32.85,2.0,-0.006687902363259366,0.0112420700901407
32.86,2.0,-0.006687040619844335,0.011236486973551342
32.87,2.0,-0.006686178414859287,0.011230907404270256
32.88,2.0,-0.006685315749211572,0.011225331379388772
32.89,2.0,-0.006684452623807273,0.011219758896001407
32.9,2.0,-0.006683589039551198,0.011214189951205843
32.910000000000004,2.0,-0.006682724997346886,0.011208624542102936
32.92,2.0,-0.006681860498096611,0.011203062665796721
32.93,2.0,-0.00668099554270138,0.011197504319394386
32.94,2.0,-0.006680130132060942,0.011191949500006279
32.95,2.0,-0.006679264267073777,0.01118639820474589
32.96,2.0,-0.0066783979486371116,0.011180850430729887
32.97,2.0,-0.006677531177646918,0.011175306175078056
32.980000000000004,2.0,-0.006676663954997905,0.01116976543491333
32.99,2.0,-0.006675796281583536,0.011164228207361784
33.0,2.0,-0.006674928158296023,0.011158694489552621
33.01,2.0,-0.0066740595860263225,0.011153164278618167
33.02,2.0,-0.006673190565664152,0.011147637571693868
33.03,2.0,-0.006672321098097979,0.0111421143659183
33.04,2.0,-0.006671451184215028,0.011136594658433141
33.05,2.0,-0.006670580824901285,0.011131078446383176
33.06,2.0,-0.0066697100210414955,0.011125565726916298
33.07,2.0,-0.00666883877351917,0.011120056497183508
33.08,2.0,-0.006667967083216578,0.01111455075433889
33.09,2.0,-0.006667094951014762,0.011109048495539618
33.1,2.0,-0.006666222377793529,0.011103549717945964
33.11,2.0,-0.006665349364431458,0.011098054418721272
33.12,2.0,-0.006664475911805904,0.01109256259503197
33.13,2.0,-0.006663602020792987,0.011087074244047547
33.14,2.0,-0.006662727692267615,0.01108158936294058
33.15,2.0,-0.006661852927103466,0.011076107948886693
33.160000000000004,2.0,-0.006660977726173002,0.011070629999064576
33.17,2.0,-0.006660102090347465,0.011065155510655978
33.18,2.0,-0.006659226020496883,0.011059684480845697
33.19,2.0,-0.006658349517490069,0.011054216906821573
33.2,2.0,-0.006657472582194623,0.011048752785774487
33.21,2.0,-0.006656595215476937,0.011043292114898373
33.22,2.0,-0.006655717418202193,0.011037834891390185
33.230000000000004,2.0,-0.006654839191234367,0.01103238111244991
33.24,2.0,-0.00665396053543623,0.01102693077528056
33.25,2.0,-0.006653081451669349,0.011021483877088166
33.26,2.0,-0.006652201940794096,0.011016040415081783
33.27,2.0,-0.006651322003669636,0.011010600386473461
33.28,2.0,-0.006650441641153944,0.011005163788478284
33.29,2.0,-0.006649560854103794,0.010999730618314317
33.3,2.0,-0.006648679643374772,0.010994300873202632
33.31,2.0,-0.006647798009821268,0.010988874550367289
33.32,2.0,-0.0066469159542964845,0.01098345164703536
33.33,2.0,-0.0066460334776524375,0.010978032160436878
33.34,2.0,-0.006645150580739954,0.010972616087804874
33.35,2.0,-0.0066442672644086796,0.010967203426375352
33.36,2.0,-0.00664338352950708,0.010961794173387291
33.37,2.0,-0.006642499376882433,0.010956388326082636
33.38,2.0,-0.006641614807380842,0.010950985881706295
33.39,2.0,-0.006640729821847241,0.010945586837506153
33.4,2.0,-0.006639844421125375,0.010940191190733034
33.410000000000004,2.0,-0.006638958606057825,0.010934798938640718
33.42,2.0,-0.006638072377485999,0.010929410078485946
33.43,2.0,-0.00663718573625014,0.01092402460752839
33.44,2.0,-0.006636298683189312,0.010918642523030661
33.45,2.0,-0.006635411219141428,0.010913263822258316
33.46,2.0,-0.006634523344943224,0.010907888502479838
33.47,2.0,-0.006633635061430283,0.010902516560966642
33.480000000000004,2.0,-0.006632746369437022,0.010897147994993054
33.49,2.0,-0.006631857269796702,0.01089178280183634
33.5,2.0,-0.006630967763341426,0.010886420978776661
33.51,2.0,-0.006630077850902147,0.010881062523097102
33.52,2.0,-0.006629187533308656,0.010875707432083647
33.53,2.0,-0.006628296811389601,0.010870355703025192
33.54,2.0,-0.006627405685972475,0.010865007333213522
33.55,2.0,-0.006626514157883627,0.010859662319943324
33.56,2.0,-0.006625622227948256,0.010854320660512166
33.57,2.0,-0.006624729896990423,0.01084898235222052
33.58,2.0,-0.006623837165833038,0.01084364739237172
33.59,2.0,-0.006622944035297876,0.01083831577827199
33.6,2.0,-0.006622050506205575,0.01083298750723043
33.61,2.0,-0.006621156579375627,0.010827662576559004
33.62,2.0,-0.006620262255626399,0.010822340983572546
33.63,2.0,-0.006619367535775118,0.010817022725588746
33.64,2.0,-0.006618472420637881,0.010811707799928164
33.65,2.0,-0.0066175769110296545,0.010806396203914204
33.660000000000004,2.0,-0.0066166810077642755,0.01080108793487312
33.67,2.0,-0.006615784711654455,0.010795782990134022
33.68,2.0,-0.006614888023511785,0.010790481367028851
33.69,2.0,-0.006613990944146724,0.010785183062892395
33.7,2.0,-0.006613093474368611,0.010779888075062262
33.71,2.0,-0.006612195614985673,0.010774596400878907
33.72,2.0,-0.00661129736680501,0.010769308037685605
33.730000000000004,2.0,-0.006610398730632613,0.010764022982828445
33.74,2.0,-0.006609499707273353,0.01075874123365635
33.75,2.0,-0.00660860029753099,0.010753462787521047
33.76,2.0,-0.006607700502208174,0.010748187641777072
33.77,2.0,-0.006606800322106442,0.010742915793781765
33.78,2.0,-0.006605899758026228,0.010737647240895286
33.79,2.0,-0.0066049988107668555,0.010732381980480574
33.8,2.0,-0.006604097481126546,0.010727120009903371
33.81,2.0,-0.006603195769902418,0.010721861326532207
33.82,2.0,-0.006602293677890489,0.010716605927738402
33.83,2.0,-0.006601391205885677,0.01071135381089606
33.84,2.0,-0.006600488354681801,0.010706104973382055
33.85,2.0,-0.0065995851250715875,0.010700859412576048
33.86,2.0,-0.006598681517846665,0.010695617125860462
33.87,2.0,-0.006597777533797571,0.010690378110620498
33.88,2.0,-0.006596873173713752,0.0106851423642441
33.89,2.0,-0.006595968438383565,0.010679909884121997
33.9,2.0,-0.006595063328594281,0.01067468066764766
33.910000000000004,2.0,-0.006594157845132081,0.010669454712217308
33.92,2.0,-0.006593251988782065,0.01066423201522992
33.93,2.0,-0.006592345760328252,0.010659012574087212
33.94,2.0,-0.0065914391605535775,0.010653796386193643
33.95,2.0,-0.006590532190239893,0.0106485834489564
33.96,2.0,-0.006589624850167982,0.01064337375978542
33.97,2.0,-0.006588717141117546,0.010638167316093353
33.980000000000004,2.0,-0.006587809063867209,0.01063296411529558
33.99,2.0,-0.006586900619194532,0.01062776415481021
34.0,2.0,-0.006585991807875997,0.010622567432058059
34.01,2.0,-0.006585082630687017,0.01061737394446266
34.02,2.0,-0.006584173088401942,0.010612183689450258
34.03,2.0,-0.006583263181794048,0.010606996664449808
34.04,2.0,-0.006582352911635557,0.01060181286689296
34.05,2.0,-0.006581442278697614,0.010596632294214066
34.06,2.0,-0.0065805312837503155,0.010591454943850172
34.07,2.0,-0.006579619927562693,0.01058628081324102
34.08,2.0,-0.006578708210902718,0.010581109899829034
34.09,2.0,-0.006577796134537307,0.010575942201059323
34.1,2.0,-0.0065768836992323235,0.010570777714379682
34.11,2.0,-0.006575970905752575,0.010565616437240574
34.12,2.0,-0.006575057754861816,0.010560458367095137
34.13,2.0,-0.006574144247322755,0.010555303501399181
34.14,2.0,-0.006573230383897048,0.01055015183761118
34.15,2.0,-0.006572316165345307,0.010545003373192273
34.160000000000004,2.0,-0.006571401592427098,0.010539858105606243
34.17,2.0,-0.006570486665900939,0.01053471603231955
34.18,2.0,-0.0065695713865243106,0.010529577150801283
34.19,2.0,-0.006568655755053653,0.010524441458523194
34.2,2.0,-0.006567739772244361,0.010519308952959664
34.21,2.0,-0.0065668234388508,0.01051417963158773
34.22,2.0,-0.006565906755626295,0.010509053491887051
34.230000000000004,2.0,-0.006564989723323133,0.010503930531339922
34.24,2.0,-0.006564072342692577,0.01049881074743127
34.25,2.0,-0.0065631546144848535,0.010493694137648652
34.26,2.0,-0.006562236539449156,0.010488580699482233
34.27,2.0,-0.0065613181183336545,0.010483470430424796
34.28,2.0,-0.006560399351885492,0.010478363327971764
34.29,2.0,-0.006559480240850786,0.010473259389621136
34.300000000000004,2.0,-0.006558560785974629,0.010468158612873537
34.31,2.0,-0.0065576409880010915,0.010463060995232197
34.32,2.0,-0.006556720847673227,0.01045796653420294
34.33,2.0,-0.006555800365733066,0.010452875227294187
34.34,2.0,-0.0065548795429216196,0.010447787072016948
34.35,2.0,-0.006553958379978892,0.010442702065884834
34.36,2.0,-0.006553036877643863,0.010437620206414032
34.37,2.0,-0.006552115036654504,0.01043254149112331
34.38,2.0,-0.006551192857747779,0.01042746591753402
34.39,2.0,-0.0065502703416596315,0.01042239348317009
34.4,2.0,-0.0065493474891250075,0.010417324185558014
34.410000000000004,2.0,-0.0065484243008778415,0.010412258022226853
34.42,2.0,-0.006547500777651063,0.010407194990708244
34.43,2.0,-0.006546576920176595,0.01040213508853637
34.44,2.0,-0.0065456527291853665,0.010397078313247985
34.45,2.0,-0.006544728205407294,0.010392024662382381
34.46,2.0,-0.006543803349571305,0.010386974133481417
34.47,2.0,-0.006542878162405325,0.010381926724089491
34.480000000000004,2.0,-0.0065419526446362794,0.010376882431753541
34.49,2.0,-0.006541026796990107,0.010371841254023052
34.5,2.0,-0.006540100620191748,0.010366803188450046
34.51,2.0,-0.006539174114965148,0.01036176823258907
34.52,2.0,-0.006538247282033271,0.0103567363839972
34.53,2.0,-0.006537320122118085,0.010351707640234057
34.54,2.0,-0.006536392635940572,0.01034668199886176
34.550000000000004,2.0,-0.006535464824220728,0.01034165945744496
34.56,2.0,-0.0065345366876775664,0.010336640013550825
34.57,2.0,-0.006533608227029116,0.01033162366474903
34.58,2.0,-0.006532679442992426,0.010326610408611764
34.59,2.0,-0.00653175033628356,0.010321600242713712
34.6,2.0,-0.006530820907617612,0.010316593164632078
34.61,2.0,-0.0065298911577086885,0.010311589171946547
34.62,2.0,-0.006528961087269931,0.010306588262239312
34.63,2.0,-0.006528030697013495,0.010301590433095045
34.64,2.0,-0.006527099987650575,0.010296595682100925
34.65,2.0,-0.006526168959891384,0.010291604006846596
34.660000000000004,2.0,-0.006525237614445174,0.010286615404924196
34.67,2.0,-0.0065243059520202215,0.010281629873928342
34.68,2.0,-0.006523373973323841,0.01027664741145612
34.69,2.0,-0.006522441679062376,0.010271668015107092
34.7,2.0,-0.006521509069941211,0.01026669168248328
34.71,2.0,-0.006520576146664763,0.010261718411189185
34.72,2.0,-0.006519642909936493,0.01025674819883176
34.730000000000004,2.0,-0.006518709360458899,0.010251781043020413
34.74,2.0,-0.0065177754989335195,0.010246816941367021
34.75,2.0,-0.006516841326060939,0.0102418558914859
34.76,2.0,-0.006515906842540784,0.010236897890993819
34.77,2.0,-0.006514972049071727,0.010231942937509982
34.78,2.0,-0.0065140369463514885,0.01022699102865606
34.79,2.0,-0.006513101535076838,0.010222042162056133
34.800000000000004,2.0,-0.0065121658159435925,0.010217096335336733
34.81,2.0,-0.0065112297896466245,0.010212153546126822
34.82,2.0,-0.006510293456879856,0.010207213792057787
34.83,2.0,-0.006509356818336263,0.01020227707076344
34.84,2.0,-0.00650841987470788,0.010197343379880014
34.85,2.0,-0.006507482626685796,0.01019241271704617
34.86,2.0,-0.006506545074960159,0.010187485079902973
34.87,2.0,-0.006505607220220176,0.010182560466093907
34.88,2.0,-0.0065046690631541185,0.010177638873264854
34.89,2.0,-0.006503730604449318,0.010172720299064122
34.9,2.0,-0.0065027918447921685,0.010167804741142403
34.910000000000004,2.0,-0.00650185278486813,0.010162892197152792
34.92,2.0,-0.006500913425361733,0.010157982664750789
34.93,2.0,-0.006499973766956572,0.010153076141594275
34.94,2.0,-0.0064990338103353106,0.010148172625343526
34.95,2.0,-0.006498093556179686,0.010143272113661202
34.96,2.0,-0.006497153005170505,0.01013837460421235
34.97,2.0,-0.006496212157987652,0.010133480094664398
34.980000000000004,2.0,-0.00649527101531008,0.010128588582687139
34.99,2.0,-0.006494329577815824,0.010123700065952753
35.0,2.0,-0.006493387846181993,0.010118814542135784
35.01,2.0,-0.006492445821084775,0.010113932008913144
35.02,2.0,-0.006491503503199441,0.010109052463964102
35.03,2.0,-0.0064905608932003455,0.010104175904970304
35.04,2.0,-0.006489617991760916,0.010099302329615738
35.050000000000004,2.0,-0.006488674799553676,0.010094431735586752
35.06,2.0,-0.006487731317250227,0.010089564120572048
35.07,2.0,-0.006486787545521261,0.010084699482262672
35.08,2.0,-0.0064858434850365585,0.010079837818352018
35.09,2.0,-0.006484899136464987,0.010074979126535813
35.1,2.0,-0.0064839545004745066,0.010070123404512136
35.11,2.0,-0.006483009577732173,0.010065270649981396
35.12,2.0,-0.00648206436890413,0.01006042086064633
35.13,2.0,-0.006481118874655617,0.010055574034212006
35.14,2.0,-0.0064801730956509755,0.010050730168385827
35.15,2.0,-0.00647922703255364,0.010045889260877506
35.160000000000004,2.0,-0.0064782806860261425,0.01004105130939908
35.17,2.0,-0.006477334056730119,0.010036216311664911
35.18,2.0,-0.006476387145326307,0.010031384265391664
35.19,2.0,-0.006475439952474542,0.01002655516829832
35.2,2.0,-0.006474492478833769,0.010021729018106164
35.21,2.0,-0.006473544725062038,0.010016905812538791
35.22,2.0,-0.006472596691816503,0.010012085549322095
35.230000000000004,2.0,-0.006471648379753427,0.010007268226184262
35.24,2.0,-0.006470699789528184,0.010002453840855786
35.25,2.0,-0.006469750921795259,0.009997642391069443
35.26,2.0,-0.006468801777208246,0.009992833874560302
35.27,2.0,-0.006467852356419853,0.009988028289065712
35.28,2.0,-0.006466902660081908,0.009983225632325319
35.29,2.0,-0.006465952688845345,0.009978425902081036
35.300000000000004,2.0,-0.006465002443360224,0.009973629096077052
35.31,2.0,-0.00646405192427572,0.009968835212059844
35.32,2.0,-0.006463101132240129,0.00996404424777815
35.33,2.0,-0.006462150067900864,0.009959256200982975
35.34,2.0,-0.006461198731904464,0.00995447106942759
35.35,2.0,-0.006460247124896591,0.009949688850867531
35.36,2.0,-0.006459295247522032,0.009944909543060591
35.37,2.0,-0.006458343100424699,0.00994013314376682
35.38,2.0,-0.00645739068424763,0.00993535965074851
35.39,2.0,-0.006456437999632997,0.009930589061770228
35.4,2.0,-0.006455485047222097,0.009925821374598763
35.410000000000004,2.0,-0.0064545318276553595,0.009921056587003159
35.42,2.0,-0.0064535783415723465,0.0099162946967547
35.43,2.0,-0.006452624589611752,0.009911535701626908
35.44,2.0,-0.0064516705724114096,0.009906779599395541
35.45,2.0,-0.0064507162906082835,0.009902026387838582
35.46,2.0,-0.006449761744838479,0.009897276064736256
35.47,2.0,-0.0064488069357372365,0.009892528627871003
35.480000000000004,2.0,-0.006447851863938942,0.009887784075027488
35.49,2.0,-0.006446896530077116,0.009883042403992605
35.5,2.0,-0.006445940934784427,0.009878303612555457
35.51,2.0,-0.006444985078692684,0.009873567698507361
35.52,2.0,-0.006444028962432841,0.009868834659641846
35.53,2.0,-0.0064430725866349995,0.009864104493754659
35.54,2.0,-0.006442115951928406,0.00985937719864374
35.550000000000004,2.0,-0.006441159058941457,0.009854652772109234
35.56,2.0,-0.006440201908301702,0.009849931211953497
35.57,2.0,-0.006439244500635833,0.00984521251598107
35.58,2.0,-0.006438286836569704,0.009840496681998693
35.59,2.0,-0.006437328916728314,0.00983578370781529
35.6,2.0,-0.006436370741735822,0.009831073591241987
35.61,2.0,-0.006435412312215544,0.009826366330092089
35.62,2.0,-0.006434453628789947,0.009821661922181079
35.63,2.0,-0.00643349469208066,0.00981696036532662
35.64,2.0,-0.0064325355027084734,0.009812261657348562
35.65,2.0,-0.006431576061293334,0.009807565796068916
35.660000000000004,2.0,-0.006430616368454353,0.009802872779311873
35.67,2.0,-0.006429656424809805,0.009798182604903791
35.68,2.0,-0.006428696230977127,0.00979349527067319
35.69,2.0,-0.006427735787572926,0.009788810774450755
35.7,2.0,-0.006426775095212968,0.009784129114069326
35.71,2.0,-0.006425814154512192,0.009779450287363909
35.72,2.0,-0.006424852966084708,0.00977477429217166
35.730000000000004,2.0,-0.006423891530543791,0.009770101126331879
35.74,2.0,-0.006422929848501894,0.009765430787686028
35.75,2.0,-0.006421967920570635,0.009760763274077705
35.76,2.0,-0.006421005747360812,0.00975609858335265
35.77,2.0,-0.006420043329482393,0.009751436713358746
35.78,2.0,-0.006419080667544528,0.009746777661946019
35.79,2.0,-0.006418117762155539,0.00974212142696662
35.800000000000004,2.0,-0.00641715461392293,0.009737468006274832
35.81,2.0,-0.006416191223453383,0.009732817397727078
35.82,2.0,-0.006415227591352762,0.009728169599181893
35.83,2.0,-0.006414263718226113,0.009723524608499946
35.84,2.0,-0.006413299604677663,0.009718882423544014
35.85,2.0,-0.006412335251310826,0.00971424304217901
35.86,2.0,-0.006411370658728199,0.009709606462271946
35.87,2.0,-0.006410405827531572,0.009704972681691952
35.88,2.0,-0.006409440758321913,0.009700341698310265
35.89,2.0,-0.006408475451699388,0.009695713510000236
35.9,2.0,-0.006407509908263348,0.009691088114637312
35.910000000000004,2.0,-0.006406544128612336,0.009686465510099045
35.92,2.0,-0.0064055781133440905,0.009681845694265083
35.93,2.0,-0.00640461186305554,0.009677228665017175
35.94,2.0,-0.006403645378342811,0.009672614420239155
35.95,2.0,-0.006402678659801222,0.009668002957816953
35.96,2.0,-0.006401711708025293,0.009663394275638589
35.97,2.0,-0.006400744523608738,0.009658788371594156
35.980000000000004,2.0,-0.006399777107144473,0.009654185243575843
35.99,2.0,-0.006398809459224615,0.009649584889477912
36.0,2.0,-0.006397841580440479,0.009644987307196703
36.01,2.0,-0.00639687347138259,0.00964039249463063
36.02,2.0,-0.006395905132640667,0.009635800449680168
36.03,2.0,-0.0063949365648036435,0.009631211170247884
36.04,2.0,-0.006393967768459652,0.009626624654238391
36.050000000000004,2.0,-0.006392998744196037,0.00962204089955837
36.06,2.0,-0.006392029492599347,0.00961745990411657
36.07,2.0,-0.0063910600142553465,0.009612881665823787
36.08,2.0,-0.006390090309749003,0.009608306182592879
36.09,2.0,-0.0063891203796645,0.009603733452338753
36.1,2.0,-0.006388150224585238,0.009599163472978374
36.11,2.0,-0.006387179845093822,0.009594596242430746
36.12,2.0,-0.006386209241772077,0.009590031758616916
36.13,2.0,-0.006385238415201046,0.00958547001945998
36.14,2.0,-0.006384267365960987,0.00958091102288507
36.15,2.0,-0.006383296094631378,0.009576354766819358
36.160000000000004,2.0,-0.006382324601790913,0.009571801249192042
36.17,2.0,-0.006381352888017511,0.00956725046793436
36.18,2.0,-0.00638038095388831,0.009562702420979579
36.19,2.0,-0.006379408799979673,0.009558157106262986
36.2,2.0,-0.0063784364268671834,0.00955361452172189
36.21,2.0,-0.006377463835125653,0.00954907466529563
36.22,2.0,-0.006376491025329118,0.009544537534925563
36.230000000000004,2.0,-0.006375517998050843,0.009540003128555049
36.24,2.0,-0.006374544753863321,0.009535471444129478
36.25,2.0,-0.006373571293338271,0.009530942479596238
36.26,2.0,-0.006372597617046647,0.009526416232904733
36.27,2.0,-0.00637162372555863,0.009521892702006362
36.28,2.0,-0.006370649619443643,0.009517371884854544
36.29,2.0,-0.006369675299270327,0.009512853779404681
36.300000000000004,2.0,-0.006368700765606571,0.009508338383614182
36.31,2.0,-0.0063677260190194976,0.009503825695442454
36.32,2.0,-0.0063667510600754615,0.009499315712850884
36.33,2.0,-0.006365775889340059,0.009494808433802862
36.34,2.0,-0.006364800507378124,0.009490303856263758
36.35,2.0,-0.006363824914753731,0.00948580197820093
36.36,2.0,-0.006362849112030197,0.00948130279758372
36.37,2.0,-0.006361873099770081,0.009476806312383443
36.38,2.0,-0.006360896878535182,0.009472312520573395
36.39,2.0,-0.0063599204488865475,0.009467821420128855
36.4,2.0,-0.006358943811384468,0.00946333300902706
36.410000000000004,2.0,-0.006357966966588483,0.009458847285247223
36.42,2.0,-0.006356989915057378,0.009454364246770531
36.43,2.0,-0.006356012657349187,0.009449883891580125
36.44,2.0,-0.006355035194021191,0.009445406217661111
36.45,2.0,-0.0063540575256299265,0.009440931223000557
36.46,2.0,-0.006353079652731182,0.00943645890558749
36.47,2.0,-0.006352101575879992,0.009431989263412887
36.480000000000004,2.0,-0.006351123295630655,0.009427522294469675
36.49,2.0,-0.006350144812536713,0.009423057996752743
36.5,2.0,-0.006349166127150972,0.00941859636825891
36.51,2.0,-0.006348187240025497,0.009414137406986958
36.52,2.0,-0.0063472081517116025,0.00940968111093759
36.53,2.0,-0.006346228862759867,0.009405227478113471
36.54,2.0,-0.006345249373720129,0.009400776506519186
36.550000000000004,2.0,-0.006344269685141486,0.00939632819416126
36.56,2.0,-0.006343289797572303,0.009391882539048158
36.57,2.0,-0.006342309711560203,0.009387439539190266
36.58,2.0,-0.006341329427652073,0.009382999192599897
36.59,2.0,-0.006340348946394068,0.009378561497291294
36.6,2.0,-0.006339368268331609,0.009374126451280619
36.61,2.0,-0.006338387394009382,0.009369694052585958
36.62,2.0,-0.006337406323971346,0.009365264299227306
36.63,2.0,-0.0063364250587607225,0.009360837189226583
36.64,2.0,-0.00633544359892001,0.009356412720607618
36.65,2.0,-0.006334461944990972,0.009351990891396149
36.660000000000004,2.0,-0.006333480097514651,0.00934757169961982
36.67,2.0,-0.006332498057031359,0.009343155143308187
36.68,2.0,-0.006331515824080682,0.009338741220492707
36.69,2.0,-0.006330533399201482,0.009334329929206728
36.7,2.0,-0.0063295507829319,0.009329921267485507
36.71,2.0,-0.006328567975809349,0.009325515233366197
36.72,2.0,-0.0063275849783705285,0.009321111824887842
36.730000000000004,2.0,-0.006326601791151408,0.009316711040091364
36.74,2.0,-0.006325618414687244,0.009312312877019602
36.75,2.0,-0.006324634849512572,0.009307917333717256
36.76,2.0,-0.006323651096161211,0.00930352440823092
36.77,2.0,-0.006322667155166262,0.009299134098609062
36.78,2.0,-0.006321683027060113,0.009294746402902046
36.79,2.0,-0.006320698712374435,0.009290361319162097
36.800000000000004,2.0,-0.006319714211640182,0.009285978845443311
36.81,2.0,-0.0063187295253876044,0.009281598979801678
36.82,2.0,-0.006317744654146233,0.009277221720295032
36.83,2.0,-0.006316759598444892,0.00927284706498309
36.84,2.0,-0.0063157743588116945,0.00926847501192743
36.85,2.0,-0.006314788935774043,0.00926410555919149
36.86,2.0,-0.006313803329858639,0.009259738704840573
36.87,2.0,-0.00631281754159147,0.009255374446941833
36.88,2.0,-0.006311831571497818,0.00925101278356428
36.89,2.0,-0.006310845420102266,0.009246653712778788
36.9,2.0,-0.0063098590879286905,0.009242297232658072
36.910000000000004,2.0,-0.00630887257550026,0.009237943341276691
36.92,2.0,-0.006307885883339451,0.009233592036711065
36.93,2.0,-0.006306899011968031,0.009229243317039447
36.94,2.0,-0.0063059119619070705,0.009224897180341932
36.95,2.0,-0.006304924733676939,0.009220553624700452
36.96,2.0,-0.006303937327797313,0.009216212648198788
36.97,2.0,-0.006302949744787166,0.009211874248922542
36.980000000000004,2.0,-0.00630196198516478,0.00920753842495915
36.99,2.0,-0.006300974049447738,0.009203205174397891
37.0,2.0,-0.006299985938152934,0.009198874495329856
37.01,2.0,-0.006298997651796563,0.009194546385847966
37.02,2.0,-0.006298009190894131,0.009190220844046967
37.03,2.0,-0.006297020555960451,0.009185897868023426
37.04,2.0,-0.0062960317475096485,0.009181577455875728
37.050000000000004,2.0,-0.006295042766055158,0.009177259605704072
37.06,2.0,-0.006294053612109723,0.009172944315610472
37.07,2.0,-0.006293064286185405,0.009168631583698758
37.08,2.0,-0.006292074788793571,0.009164321408074562
37.09,2.0,-0.006291085120444913,0.009160013786845323
37.1,2.0,-0.006290095281649427,0.009155708718120296
37.11,2.0,-0.006289105272916435,0.009151406200010528
37.12,2.0,-0.006288115094754569,0.009147106230628869
37.13,2.0,-0.006287124747671782,0.00914280880808996
37.14,2.0,-0.006286134232175347,0.009138513930510257
37.15,2.0,-0.006285143548771856,0.009134221596007991
37.160000000000004,2.0,-0.006284152697967222,0.00912993180270319
37.17,2.0,-0.006283161680266679,0.009125644548717676
37.18,2.0,-0.006282170496174785,0.009121359832175052
37.19,2.0,-0.006281179146195422,0.009117077651200707
37.2,2.0,-0.0062801876308317935,0.009112798003921811
37.21,2.0,-0.0062791959505864355,0.009108520888467322
37.22,2.0,-0.0062782041059612,0.009104246302967965
37.230000000000004,2.0,-0.006277212097457276,0.009099974245556244
37.24,2.0,-0.006276219925575178,0.009095704714366444
37.25,2.0,-0.006275227590814747,0.009091437707534613
37.26,2.0,-0.006274235093675157,0.00908717322319857
37.27,2.0,-0.00627324243465491,0.0090829112594979
37.28,2.0,-0.006272249614251845,0.009078651814573957
37.29,2.0,-0.006271256632963129,0.009074394886569854
37.300000000000004,2.0,-0.006270263491285267,0.009070140473630464
37.31,2.0,-0.0062692701897140955,0.009065888573902421
37.32,2.0,-0.006268276728744785,0.009061639185534112
37.33,2.0,-0.006267283108871848,0.009057392306675682
37.34,2.0,-0.006266289330589133,0.009053147935479016
37.35,2.0,-0.006265295394389823,0.00904890607009777
37.36,2.0,-0.006264301300766442,0.009044666708687322
37.37,2.0,-0.006263307050210858,0.009040429849404815
37.38,2.0,-0.006262312643214274,0.009036195490409122
37.39,2.0,-0.006261318080267239,0.009031963629860865
37.4,2.0,-0.006260323361859643,0.009027734265922401
37.410000000000004,2.0,-0.006259328488480721,0.009023507396757821
37.42,2.0,-0.006258333460619051,0.009019283020532958
37.43,2.0,-0.00625733827876256,0.009015061135415371
37.44,2.0,-0.006256342943398517,0.009010841739574348
37.45,2.0,-0.006255347455013539,0.009006624831180908
37.46,2.0,-0.006254351814093595,0.009002410408407798
37.47,2.0,-0.006253356021123997,0.008998198469429484
37.480000000000004,2.0,-0.006252360076589414,0.00899398901242215
37.49,2.0,-0.00625136398097386,0.00898978203556371
37.5,2.0,-0.0062503677347607025,0.008985577537033787
37.51,2.0,-0.006249371338432665,0.008981375515013724
37.52,2.0,-0.006248374792471817,0.00897717596768657
37.53,2.0,-0.006247378097359589,0.008972978893237095
37.54,2.0,-0.006246381253576765,0.008968784289851768
37.550000000000004,2.0,-0.006245384261603483,0.008964592155718766
37.56,2.0,-0.006244387121919241,0.008960402489027982
37.57,2.0,-0.006243389835002893,0.008956215287970998
37.58,2.0,-0.006242392401332651,0.0089520305507411
37.59,2.0,-0.0062413948213860876,0.00894784827553327
37.6,2.0,-0.006240397095640137,0.008943668460544198
37.61,2.0,-0.006239399224571094,0.008939491103972253
37.62,2.0,-0.006238401208654612,0.008935316204017505
37.63,2.0,-0.006237403048365714,0.008931143758881708
37.64,2.0,-0.006236404744178781,0.00892697376676831
37.65,2.0,-0.006235406296567562,0.008922806225882443
37.660000000000004,2.0,-0.006234407706005171,0.008918641134430918
37.67,2.0,-0.006233408972964088,0.008914478490622232
37.68,2.0,-0.006232410097916161,0.008910318292666563
37.69,2.0,-0.006231411081332606,0.008906160538775763
37.7,2.0,-0.006230411923684004,0.008902005227163357
37.71,2.0,-0.006229412625440313,0.008897852356044553
37.72,2.0,-0.006228413187070859,0.00889370192363622
37.730000000000004,2.0,-0.006227413609044338,0.008889553928156898
37.74,2.0,-0.006226413891828817,0.008885408367826801
37.75,2.0,-0.00622541403589174,0.008881265240867806
37.76,2.0,-0.006224414041699926,0.008877124545503445
37.77,2.0,-0.006223413909719565,0.008872986279958918
37.78,2.0,-0.006222413640416222,0.008868850442461084
37.79,2.0,-0.006221413234254845,0.008864717031238463
37.800000000000004,2.0,-0.006220412691699753,0.008860586044521215
37.81,2.0,-0.006219412013214646,0.008856457480541173
37.82,2.0,-0.006218411199262604,0.008852331337531804
37.83,2.0,-0.006217410250306085,0.008848207613728235
37.84,2.0,-0.0062164091668069285,0.00884408630736723
37.85,2.0,-0.006215407949226358,0.008839967416687213
37.86,2.0,-0.006214406598024975,0.008835850939928235
37.87,2.0,-0.006213405113662768,0.008831736875331996
37.88,2.0,-0.006212403496599107,0.008827625221141831
37.89,2.0,-0.006211401747292751,0.00882351597560272
37.9,2.0,-0.0062103998662018395,0.008819409136961269
37.910000000000004,2.0,-0.006209397853783902,0.008815304703465717
37.92,2.0,-0.006208395710495856,0.008811202673365943
37.93,2.0,-0.006207393436794002,0.008807103044913445
37.94,2.0,-0.006206391033134038,0.008803005816361356
37.95,2.0,-0.0062053884999710455,0.008798910985964423
37.96,2.0,-0.006204385837759498,0.008794818551979031
37.97,2.0,-0.006203383046953261,0.008790728512663172
37.980000000000004,2.0,-0.006202380128005594,0.008786640866276466
37.99,2.0,-0.006201377081369148,0.008782555611080146
38.0,2.0,-0.006200373907495966,0.00877847274533706
38.01,2.0,-0.006199370606837488,0.008774392267311672
38.02,2.0,-0.006198367179844551,0.008770314175270053
38.03,2.0,-0.006197363626967389,0.00876623846747989
38.04,2.0,-0.006196359948655627,0.008762165142210473
38.050000000000004,2.0,-0.006195356145358292,0.00875809419773269
38.06,2.0,-0.006194352217523813,0.008754025632319048
38.07,2.0,-0.006193348165600012,0.008749959444243643
38.08,2.0,-0.006192343990034118,0.008745895631782179
38.09,2.0,-0.0061913396912727575,0.008741834193211947
38.1,2.0,-0.006190335269761958,0.008737775126811842
38.11,2.0,-0.006189330725947155,0.008733718430862354
38.12,2.0,-0.00618832606027318,0.008729664103645559
38.13,2.0,-0.006187321273184274,0.008725612143445123
38.14,2.0,-0.006186316365124084,0.008721562548546306
38.15,2.0,-0.006185311336535658,0.008717515317235946
38.160000000000004,2.0,-0.006184306187861458,0.008713470447802471
38.17,2.0,-0.006183300919543346,0.008709427938535892
38.18,2.0,-0.0061822955320225996,0.008705387787727796
38.19,2.0,-0.0061812900257399,0.00870134999367135
38.2,2.0,-0.006180284401135338,0.008697314554661294
38.21,2.0,-0.00617927865864842,0.00869328146899395
38.22,2.0,-0.006178272798718063,0.00868925073496721
38.230000000000004,2.0,-0.006177266821782591,0.008685222350880527
38.24,2.0,-0.006176260728279747,0.008681196315034941
38.25,2.0,-0.0061752545186466844,0.008677172625733046
38.26,2.0,-0.006174248193319972,0.008673151281279
38.27,2.0,-0.006173241752735595,0.008669132279978531
38.28,2.0,-0.006172235197328955,0.008665115620138929
38.29,2.0,-0.006171228527534869,0.008661101300069037
38.300000000000004,2.0,-0.0061702217437875715,0.008657089318079257
38.31,2.0,-0.006169214846520718,0.008653079672481552
38.32,2.0,-0.006168207836167383,0.008649072361589436
38.33,2.0,-0.0061672007131600565,0.00864506738371797
38.34,2.0,-0.006166193477930654,0.008641064737183768
38.35,2.0,-0.006165186130910512,0.008637064420304997
38.36,2.0,-0.006164178672530391,0.00863306643140137
38.37,2.0,-0.006163171103220468,0.008629070768794135
38.38,2.0,-0.006162163423410348,0.008625077430806085
38.39,2.0,-0.006161155633529064,0.00862108641576157
38.4,2.0,-0.006160147734005071,0.008617097721986459
38.410000000000004,2.0,-0.0061591397252662465,0.008613111347808164
38.42,2.0,-0.006158131607739903,0.008609127291555638
38.43,2.0,-0.006157123381852777,0.008605145551559364
38.44,2.0,-0.00615611504803103,0.008601166126151354
38.45,2.0,-0.006155106606700257,0.008597189013665147
38.46,2.0,-0.0061540980582854826,0.008593214212435822
38.47,2.0,-0.006153089403211159,0.008589241720799974
38.480000000000004,2.0,-0.006152080641901174,0.008585271537095722
38.49,2.0,-0.006151071774778846,0.008581303659662715
38.5,2.0,-0.006150062802266926,0.008577338086842117
38.51,2.0,-0.006149053724787598,0.00857337481697661
38.52,2.0,-0.006148044542762481,0.008569413848410392
38.53,2.0,-0.006147035256612629,0.008565455179489184
38.54,2.0,-0.006146025866758533,0.008561498808560213
38.550000000000004,2.0,-0.0061450163736201215,0.008557544733972218
38.56,2.0,-0.00614400677761676,0.008553592954075455
38.57,2.0,-0.006142997079167247,0.008549643467221679
38.58,2.0,-0.00614198727868983,0.008545696271764155
38.59,2.0,-0.006140977376602184,0.008541751366057648
38.6,2.0,-0.006139967373321435,0.008537808748458435
38.61,2.0,-0.006138957269264146,0.008533868417324288
38.62,2.0,-0.006137947064846321,0.008529930371014476
38.63,2.0,-0.006136936760483408,0.008525994607889767
38.64,2.0,-0.006135926356590296,0.008522061126312427
38.65,2.0,-0.006134915853581323,0.008518129924646215
38.660000000000004,2.0,-0.006133905251870266,0.008514201001256374
38.67,2.0,-0.006132894551870352,0.008510274354509653
38.68,2.0,-0.006131883753994252,0.008506349982774272
38.69,2.0,-0.006130872858654085,0.00850242788441995
38.7,2.0,-0.006129861866261417,0.008498508057817883
38.71,2.0,-0.0061288507772272625,0.008494590501340755
38.72,2.0,-0.006127839591962086,0.008490675213362728
38.730000000000004,2.0,-0.0061268283108758,0.008486762192259446
38.74,2.0,-0.006125816934377771,0.00848285143640803
38.75,2.0,-0.006124805462876815,0.008478942944187079
38.76,2.0,-0.006123793896781199,0.00847503671397666
38.77,2.0,-0.006122782236498642,0.008471132744158316
38.78,2.0,-0.006121770482436322,0.008467231033115067
38.79,2.0,-0.006120758635000866,0.008463331579231391
38.800000000000004,2.0,-0.006119746694598355,0.008459434380893237
38.81,2.0,-0.0061187346616343305,0.008455539436488028
38.82,2.0,-0.0061177225365137864,0.008451646744404639
38.83,2.0,-0.006116710319641178,0.008447756303033413
38.84,2.0,-0.006115698011420414,0.008443868110766152
38.85,2.0,-0.006114685612254862,0.008439982165996117
38.86,2.0,-0.006113673122547352,0.008436098467118024
38.87,2.0,-0.006112660542700171,0.008432217012528052
38.88,2.0,-0.006111647873115068,0.008428337800623818
38.89,2.0,-0.006110635114193251,0.008424460829804407
38.9,2.0,-0.006109622266335394,0.008420586098470349
38.910000000000004,2.0,-0.006108609329941631,0.008416713605023612
38.92,2.0,-0.006107596305411561,0.008412843347867629
38.93,2.0,-0.006106583193144245,0.008408975325407261
38.94,2.0,-0.006105569993538213,0.008405109536048824
38.95,2.0,-0.006104556706991455,0.008401245978200064
38.96,2.0,-0.006103543333901429,0.00839738465027018
38.97,2.0,-0.006102529874665063,0.0083935255506698
38.980000000000004,2.0,-0.006101516329678748,0.008389668677810989
38.99,2.0,-0.006100502699338351,0.008385814030107254
39.0,2.0,-0.0060994889840391975,0.008381961605973527
39.01,2.0,-0.006098475184176092,0.008378111403826174
39.02,2.0,-0.006097461300143301,0.008374263422082988
39.03,2.0,-0.00609644733233457,0.008370417659163198
39.04,2.0,-0.006095433281143114,0.008366574113487452
39.050000000000004,2.0,-0.006094419146961615,0.00836273278347782
39.06,2.0,-0.006093404930182236,0.008358893667557809
39.07,2.0,-0.00609239063119661,0.008355056764152333
39.08,2.0,-0.006091376250395845,0.00835122207168773
39.09,2.0,-0.006090361788170521,0.008347389588591755
39.1,2.0,-0.006089347244910702,0.008343559313293586
39.11,2.0,-0.0060883326210059195,0.008339731244223806
39.12,2.0,-0.00608731791684519,0.008335905379814419
39.13,2.0,-0.006086303132817002,0.008332081718498831
39.14,2.0,-0.006085288269309324,0.00832826025871187
39.15,2.0,-0.006084273326709609,0.008324440998889763
39.160000000000004,2.0,-0.006083258305404782,0.008320623937470144
39.17,2.0,-0.006082243205781254,0.008316809072892057
39.18,2.0,-0.006081228028224914,0.008312996403595943
39.19,2.0,-0.006080212773121138,0.00830918592802365
39.2,2.0,-0.006079197440854779,0.008305377644618417
39.21,2.0,-0.006078182031810177,0.008301571551824894
39.22,2.0,-0.006077166546371155,0.008297767648089118
39.230000000000004,2.0,-0.006076150984921018,0.00829396593185852
39.24,2.0,-0.006075135347842563,0.008290166401581932
39.25,2.0,-0.006074119635518066,0.008286369055709574
39.26,2.0,-0.0060731038483292955,0.008282573892693055
39.27,2.0,-0.0060720879866575,0.008278780910985366
39.28,2.0,-0.006071072050883425,0.008274990109040904
39.29,2.0,-0.006070056041387297,0.008271201485315429
39.300000000000004,2.0,-0.006069039958548837,0.008267415038266097
39.31,2.0,-0.0060680238027472555,0.008263630766351449
39.32,2.0,-0.006067007574361249,0.008259848668031393
39.33,2.0,-0.006065991273769011,0.008256068741767226
39.34,2.0,-0.006064974901348222,0.008252290986021616
39.35,2.0,-0.006063958457476061,0.008248515399258619
39.36,2.0,-0.006062941942529196,0.008244741979943649
39.37,2.0,-0.006061925356883788,0.008240970726543501
39.38,2.0,-0.006060908700915498,0.008237201637526339
39.39,2.0,-0.006059891974999476,0.008233434711361695
39.4,2.0,-0.006058875179510373,0.008229669946520473
39.410000000000004,2.0,-0.006057858314822333,0.008225907341474936
39.42,2.0,-0.006056841381309001,0.008222146894698721
39.43,2.0,-0.006055824379343515,0.008218388604666817
39.44,2.0,-0.006054807309298516,0.00821463246985558
39.45,2.0,-0.00605379017154614,0.008210878488742721
39.46,2.0,-0.006052772966458027,0.008207126659807319
39.47,2.0,-0.006051755694405316,0.008203376981529802
39.480000000000004,2.0,-0.006050738355758645,0.00819962945239195
39.49,2.0,-0.006049720950888156,0.008195884070876906
39.5,2.0,-0.006048703480163494,0.008192140835469158
39.51,2.0,-0.006047685943953804,0.008188399744654544
39.52,2.0,-0.006046668342627737,0.008184660796920248
39.53,2.0,-0.006045650676553448,0.008180923990754815
39.54,2.0,-0.006044632946098598,0.00817718932464812
39.550000000000004,2.0,-0.006043615151630352,0.008173456797091387
39.56,2.0,-0.006042597293515381,0.008169726406577186
39.57,2.0,-0.006041579372119863,0.008165998151599425
39.58,2.0,-0.006040561387809487,0.00816227203065335
39.59,2.0,-0.006039543340949442,0.008158548042235545
39.6,2.0,-0.006038525231904436,0.008154826184843934
39.61,2.0,-0.00603750706103868,0.008151106456977773
39.62,2.0,-0.006036488828715895,0.008147388857137651
39.63,2.0,-0.006035470535299315,0.008143673383825486
39.64,2.0,-0.006034452181151684,0.008139960035544534
39.65,2.0,-0.00603343376663526,0.008136248810799373
39.660000000000004,2.0,-0.006032415292111808,0.008132539708095906
39.67,2.0,-0.0060313967579426146,0.008128832725941369
39.68,2.0,-0.0060303781644884735,0.00812512786284432
39.69,2.0,-0.006029359512109694,0.008121425117314632
39.7,2.0,-0.006028340801166103,0.008117724487863505
39.71,2.0,-0.006027322032017041,0.008114025973003461
39.72,2.0,-0.006026303205021366,0.008110329571248338
39.730000000000004,2.0,-0.006025284320537451,0.008106635281113283
39.74,2.0,-0.006024265378923189,0.00810294310111477
39.75,2.0,-0.0060232463805359885,0.008099253029770579
39.76,2.0,-0.006022227325732779,0.0080955650655998
39.77,2.0,-0.006021208214870009,0.00809187920712284
39.78,2.0,-0.0060201890483036445,0.00808819545286141
39.79,2.0,-0.006019169826389178,0.00808451380133853
39.800000000000004,2.0,-0.006018150549481616,0.008080834251078523
39.81,2.0,-0.006017131217935493,0.008077156800607025
39.82,2.0,-0.006016111832104861,0.008073481448450963
39.83,2.0,-0.006015092392343298,0.008069808193138572
39.84,2.0,-0.006014072899003906,0.008066137033199387
39.85,2.0,-0.006013053352439311,0.008062467967164243
39.86,2.0,-0.006012033753001661,0.008058800993565264
39.87,2.0,-0.006011014101042633,0.00805513611093588
39.88,2.0,-0.006009994396913427,0.0080514733178108
39.89,2.0,-0.0060089746409647754,0.008047812612726047
39.9,2.0,-0.0060079548335469305,0.008044153994218916
39.910000000000004,2.0,-0.006006934975009679,0.008040497460827998
39.92,2.0,-0.006005915065702331,0.008036843011093177
39.93,2.0,-0.00600489510597373,0.008033190643555614
39.94,2.0,-0.006003875096172248,0.008029540356757766
39.95,2.0,-0.006002855036645783,0.008025892149243359
39.96,2.0,-0.006001834927741771,0.008022246019557417
39.97,2.0,-0.006000814769807173,0.008018601966246233
39.980000000000004,2.0,-0.00599979456318849,0.008014959987857386
39.99,2.0,-0.005998774308231747,0.008011320082939732
40.0,2.0,-0.005997754005282507,0.008007682250043401
0.0,5.0,0.2222222222222222,0.0
0.01,5.0,0.22221803025350284,0.0009876365679147396
0.02,5.0,0.22220545524939617,0.0019751666250315213
0.03,5.0,0.22218449991557163,0.002962483698743878
0.04,5.0,0.22215516875986147,0.003949481392799568
0.05,5.0,0.2221174680898374,0.00493605342540584
0.06,5.0,0.22207140600942124,0.005922093667248584
0.07,5.0,0.2220169924145328,0.006907496179396834
0.08,5.0,0.22195423898778016,0.007892155251064244
0.09,5.0,0.22188315919219606,0.00887596543719932
0.1,5.0,0.22180376826402898,0.009858821595876479
0.11,5.0,0.2217160832045933,0.0108406189254601
0.12,5.0,0.22162012277118948,0.011821253001514298
0.13,5.0,0.22151590746710126,0.012800619813431158
0.14,5.0,0.2214034595306804,0.013778615800750738
0.15,5.0,0.22128280292353047,0.014755137889146527
0.16,5.0,0.2211539633178003,0.015730083526050397
0.17,5.0,0.22101696808260007,0.016703350715891466
0.18,5.0,0.22087184626955392,0.017674838054924133
0.19,5.0,0.22071862859750202,0.018644444765620518
0.2,5.0,0.22055734743636818,0.01961207073060361
0.21,5.0,0.22038803679020819,0.02057761652609766
0.22,5.0,0.2202107322794553,0.0215409834548731
0.23,5.0,0.22002547112237988,0.022502073578663823
0.24,5.0,0.2198322921157817,0.023460789750035398
0.25,5.0,0.2196312356149324,0.024417035643683426
0.26,5.0,0.21942234351278772,0.025370715787141788
0.27,5.0,0.21920565921849,0.026321735590881693
0.28,5.0,0.21898122763517905,0.027270001377782443
0.29,5.0,0.2187490951371348,0.02821542041195645
0.3,5.0,0.21850930954627107,0.029157900926911
0.31,5.0,0.21826192010800355,0.030097352153030766
0.32,5.0,0.21800697746651315,0.031033684344365098
0.33,5.0,0.21774453363942833,0.031966808804705774
0.34,5.0,0.21747464199194905,0.03289663791294106
0.35000000000000003,5.0,0.2171973572104356,0.03382308514767301
0.36,5.0,0.21691273527548588,0.03474606511108571
0.37,5.0,0.21662083343452618,0.03566549355205342
0.38,5.0,0.21632171017393817,0.036581287388477525
0.39,5.0,0.21601542519074735,0.03749336472884294
0.4,5.0,0.21570203936389798,0.03840164489298522
0.41000000000000003,5.0,0.21538161472513834,0.03930604843206014
0.42,5.0,0.21505421442954212,0.040206497147708804
0.43,5.0,0.21471990272568997,0.041102914110411996
0.44,5.0,0.21437874492553738,0.0419952236770284
0.45,5.0,0.21403080737399297,0.042883351507512116
0.46,5.0,0.2136761574182326,0.043767224580805765
0.47000000000000003,5.0,0.21331486337677447,0.044646771209906386
0.48,5.0,0.2129469945083402,0.045521921056102144
0.49,5.0,0.21257262098052582,0.04639260514237838
0.5,5.0,0.2121918138383089,0.04725875586599307
0.51,5.0,0.21180464497241486,0.04812030701022167
0.52,5.0,0.2114111870875679,0.04897719375527281
0.53,5.0,0.2110115136706498,0.04982935268837676
0.54,5.0,0.21060569895879153,0.050676721813049386
0.55,5.0,0.21019381790742026,0.05151924055753521
0.56,5.0,0.20977594615828535,0.052356849782433434
0.5700000000000001,5.0,0.20935216000748738,0.05318949178751248
0.58,5.0,0.20892253637353095,0.05401711031771802
0.59,5.0,0.20848715276542573,0.05483965056838144
0.6,5.0,0.20804608725085563,0.055657059189635004
0.61,5.0,0.20759941842443957,0.05646928429004207
0.62,5.0,0.2071472253761033,0.05727627543945001
0.63,5.0,0.20668958765958423,0.05807798367107514
0.64,5.0,0.2062265852610883,0.05887436148282838
0.65,5.0,0.20575829856812017,0.059665362837892574
0.66,5.0,0.20528480833850432,0.060450943164561115
0.67,5.0,0.20480619566961683,0.061231059355349164
0.68,5.0,0.20432254196784622,0.062005669765389224
0.6900000000000001,5.0,0.2038339289183002,0.06277473421012264
0.7000000000000001,5.0,0.20334043845477645,0.06353821396229958
0.71,5.0,0.20284215273001366,0.06429607174830047
0.72,5.0,0.2023391540862383,0.06504827174379164
0.73,5.0,0.2018315250260244,0.06579477956872948
0.74,5.0,0.20131934818347916,0.06653556228172625
0.75,5.0,0.20080270629577027,0.06727058837379238
0.76,5.0,0.20028168217500833,0.06799982776146969
0.77,5.0,0.1997563586804971,0.06872325177937003
0.78,5.0,0.19922681869136505,0.06944083317213479
0.79,5.0,0.19869314507958982,0.0701525460858308
0.8,5.0,0.19815542068342668,0.0708583660587973
0.81,5.0,0.19761372828125262,0.07155827001196072
0.8200000000000001,5.0,0.19706815056583593,0.07225223623863226
0.8300000000000001,5.0,0.19651877011904081,0.07294024439380521
0.84,5.0,0.19596566938697632,0.07362227548296699
0.85,5.0,0.19540893065559847,0.07429831185044339
0.86,5.0,0.1948486360267726,0.07496833716729022
0.87,5.0,0.19428486739480452,0.07563233641874975
0.88,5.0,0.19371770642344596,0.07629029589128743
0.89,5.0,0.19314723452338156,0.0769422031592258
0.9,5.0,0.19257353283020276,0.07758804707099225
0.91,5.0,0.19199668218287375,0.0782278177349965
0.92,5.0,0.1914167631026935,0.07886150650515435
0.93,5.0,0.19083385577275916,0.0794891059660743
0.9400000000000001,5.0,0.19024804001793305,0.08011060991792295
0.9500000000000001,5.0,0.18965939528531725,0.08072601336098542
0.96,5.0,0.18906800062523768,0.08133531247993704
0.97,5.0,0.18847393467273996,0.081938504627842
0.98,5.0,0.1878772756295985,0.08253558830989466
0.99,5.0,0.18727810124683997,0.08312656316691978
1.0,5.0,0.18667648880778182,0.08371142995864655
1.01,5.0,0.18607251511158535,0.08429019054677174
1.02,5.0,0.18546625645732429,0.08486284787782784
1.03,5.0,0.1848577886285666,0.08542940596586998
1.04,5.0,0.18424718687846997,0.08598986987499765
1.05,5.0,0.18363452591538817,0.08654424570172473
1.06,5.0,0.18301987988898677,0.0870925405572123
1.07,5.0,0.18240332237686663,0.08763476254937912
1.08,5.0,0.18178492637169089,0.08817092076490213
1.09,5.0,0.1811647642688144,0.08870102525112217
1.1,5.0,0.1805429078544104,0.08922508699786659
1.11,5.0,0.1799194282940922,0.08974311791920327
1.12,5.0,0.17929439612202458,0.09025513083513756
1.1300000000000001,5.0,0.1786678812305222,0.09076113945326561
1.1400000000000001,5.0,0.17803995286012864,0.09126115835039562
1.1500000000000001,5.0,0.17741067959017262,0.09175520295414924
1.16,5.0,0.17678012932979562,0.09224328952455454
1.17,5.0,0.17614836930944563,0.09272543513564221
1.18,5.0,0.17551546607283147,0.09320165765705547
1.19,5.0,0.17488148546933213,0.09367197573568502
1.2,5.0,0.1742464926468545,0.09413640877733899
1.21,5.0,0.17361055204513384,0.09459497692845824
1.22,5.0,0.17297372738947023,0.09504770105788658
1.23,5.0,0.17233608168489478,0.09549460273870593
1.24,5.0,0.17169767721075815,0.09593570423014468
1.25,5.0,0.17105857551573558,0.09637102845956935
1.26,5.0,0.17041883741324032,0.09680059900456704
1.27,5.0,0.16977852297723903,0.09722444007512757
1.28,5.0,0.16913769153846134,0.097642576495933
1.29,5.0,0.16849640168099703,0.09805503368876246
1.3,5.0,0.16785471123927212,0.0984618376550193
1.31,5.0,0.1672126772953976,0.09886301495838784
1.32,5.0,0.16657035617688218,0.09925859270762662
1.33,5.0,0.16592780345470215,0.09964859853950421
1.34,5.0,0.16528507394172,0.10003306060188433
1.35,5.0,0.16464222169144435,0.10041200753696546
1.36,5.0,0.1639992999971231,0.1007854684646813
1.37,5.0,0.16335636139116258,0.1011534729662669
1.3800000000000001,5.0,0.16271345764486386,0.10151605106799555
1.3900000000000001,5.0,0.16207063976846922,0.10187323322509166
1.4000000000000001,5.0,0.16142795801151036,0.10222505030582348
1.41,5.0,0.16078546186345077,0.10257153357578033
1.42,5.0,0.1601432000546142,0.10291271468233845
1.43,5.0,0.15950122055739144,0.10324862563931848
1.44,5.0,0.1588595705877179,0.10357929881183929
1.45,5.0,0.15821829660681347,0.10390476690136984
1.46,5.0,0.15757744432317763,0.10422506293098356
1.47,5.0,0.15693705869483204,0.10454022023081713
1.48,5.0,0.1562971839318022,0.10485027242373612
1.49,5.0,0.1556578634988317,0.10515525341121057
1.5,5.0,0.15501914011832074,0.10545519735940186
1.51,5.0,0.1543810557734815,0.10575013868546292
1.52,5.0,0.15374365171170346,0.10604011204405372
1.53,5.0,0.1531069684481208,0.1063251523140734
1.54,5.0,0.15247104576937504,0.10660529458560988
1.55,5.0,0.15183592273756513,0.10688057414710868
1.56,5.0,0.151201637694379,0.10715102647276155
1.57,5.0,0.15056822826539837,0.10741668721011544
1.58,5.0,0.14993573136457075,0.1076775921679026
1.59,5.0,0.14930418319884145,0.10793377730409219
1.6,5.0,0.1486736192729391,0.10818527871416343
1.61,5.0,0.14804407439430795,0.10843213261960051
1.62,5.0,0.14741558267818042,0.10867437535660887
1.6300000000000001,5.0,0.14678817755278364,0.10891204336505314
1.6400000000000001,5.0,0.14616189176467365,0.1091451731776156
1.6500000000000001,5.0,0.145536757384191,0.10937380140917546
1.6600000000000001,5.0,0.1449128058110317,0.10959796474640739
1.67,5.0,0.14429006777992784,0.10981769993759952
1.68,5.0,0.14366857336643152,0.11003304378268897
1.69,5.0,0.1430483519927968,0.11024403312351468
1.7,5.0,0.14242943243395395,0.11045070483428597
1.71,5.0,0.1418118428235704,0.11065309581226591
1.72,5.0,0.14119561066019293,0.11085124296866754
1.73,5.0,0.14058076281346643,0.11104518321976244
1.74,5.0,0.13996732553042301,0.11123495347819909
1.75,5.0,0.13935532444183754,0.11142059064453029
1.76,5.0,0.13874478456864411,0.11160213159894738
1.77,5.0,0.13813573032840845,0.11177961319321941
1.78,5.0,0.13752818554185237,0.11195307224283613
1.79,5.0,0.13692217343942473,0.11212254551935172
1.8,5.0,0.1363177166679153,0.1122880697429286
1.81,5.0,0.13571483729710665,0.11244968157507791
1.82,5.0,0.13511355682646006,0.11260741761159568
1.83,5.0,0.13451389619183138,0.11276131437569178
1.84,5.0,0.13391587577221262,0.11291140831130961
1.85,5.0,0.13331951539649595,0.11305773577663472
1.86,5.0,0.13272483435025548,0.1132003330377893
1.87,5.0,0.1321318513825439,0.11333923626271047
1.8800000000000001,5.0,0.13154058471270025,0.11347448151521053
1.8900000000000001,5.0,0.13095105203716503,0.11360610474921574
1.9000000000000001,5.0,0.13036327053629995,0.11373414180318207
1.9100000000000001,5.0,0.1297772568812083,0.11385862839468483
1.92,5.0,0.1291930272405537,0.11397960011518003
1.93,5.0,0.12861059728737348,0.11409709242493495
1.94,5.0,0.1280299822058841,0.1142111406481248
1.95,5.0,0.12745119669827584,0.11432177996809398
1.96,5.0,0.12687425499149388,0.11442904542277817
1.97,5.0,0.1262991708440032,0.11453297190028564
1.98,5.0,0.12572595755253474,0.11463359413463431
1.99,5.0,0.12515462795881072,0.11473094670164305
2.0,5.0,0.12458519445624591,0.1148250640149732
2.0100000000000002,5.0,0.12401766899662389,0.11491598032231913
2.02,5.0,0.12345206309674484,0.11500372970174423
2.0300000000000002,5.0,0.12288838784504359,0.11508834605815998
2.04,5.0,0.12232665390817592,0.11516986311994587
2.05,5.0,0.12176687153757049,0.11524831443570695
2.06,5.0,0.12120905057594564,0.11532373337116697
2.07,5.0,0.12065320046378845,0.11539615310619408
2.08,5.0,0.12009933024579462,0.11546560663195679
2.09,5.0,0.11954744857726812,0.11553212674820769
2.1,5.0,0.1189975637304779,0.11559574606069184
2.11,5.0,0.11844968360097186,0.11565649697867825
2.12,5.0,0.11790381571384491,0.11571441171261085
2.13,5.0,0.11735996722996163,0.11576952227187727
2.14,5.0,0.11681814495213046,0.1158218604626925
2.15,5.0,0.11627835533123006,0.11587145788609515
2.16,5.0,0.11574060447228518,0.1159183459360538
2.17,5.0,0.11520489814049226,0.11596255579768097
2.18,5.0,0.11467124176719276,0.1160041184455525
2.19,5.0,0.11413964045579417,0.11604306464212959
2.2,5.0,0.11361009898763713,0.11607942493628168
2.21,5.0,0.11308262182780851,0.1161132296619072
2.22,5.0,0.11255721313089892,0.1161445089366504
2.23,5.0,0.11203387674670515,0.11617329266071179
2.24,5.0,0.11151261622587526,0.11619961051574983
2.25,5.0,0.11099343482549771,0.11622349196387194
2.2600000000000002,5.0,0.11047633551463178,0.116244966246712
2.27,5.0,0.1099613209797812,0.1162640623845932
2.2800000000000002,5.0,0.10944839363030813,0.11628080917577303
2.29,5.0,0.10893755560378925,0.1162952351957689
2.3000000000000003,5.0,0.1084288087713119,0.11630736879676215
2.31,5.0,0.10792215474271123,0.11631723810707849
2.32,5.0,0.10741759487174717,0.11632487103074257
2.33,5.0,0.10691513026122149,0.11633029524710499
2.34,5.0,0.10641476176803483,0.1163335382105396
2.35,5.0,0.1059164900081831,0.1163346271502093
2.36,5.0,0.10542031536169348,0.11633358906989807
2.37,5.0,0.10492623797749977,0.11633045074790796
2.38,5.0,0.10443425777825735,0.11632523873701858
2.39,5.0,0.10394437446509708,0.11631797936450759
2.4,5.0,0.10345658752231905,0.11630869873223053
2.41,5.0,0.10297089622202524,0.11629742271675772
2.42,5.0,0.10248729962869199,0.11628417696956715
2.43,5.0,0.10200579660368182,0.11626898691729114
2.44,5.0,0.10152638580969518,0.11625187776201554
2.45,5.0,0.10104906571516163,0.11623287448162915
2.46,5.0,0.10057383459857155,0.11621200183022291
2.47,5.0,0.10010069055274741,0.11618928433853583
2.48,5.0,0.0996296314890561,0.11616474631444741
2.49,5.0,0.09916065514156139,0.11613841184351437
2.5,5.0,0.09869375907111755,0.11611030478955006
2.5100000000000002,5.0,0.09822894066940416,0.11608044879524579
2.52,5.0,0.09776619716290219,0.11604886728283174
2.5300000000000002,5.0,0.09730552561681209,0.11601558345477701
2.54,5.0,0.09684692293891396,0.11598062029452659
2.5500000000000003,5.0,0.09639038588336996,0.11594400056727444
2.56,5.0,0.09593591105446991,0.11590574682077116
2.57,5.0,0.09548349491031971,0.11586588138616502
2.58,5.0,0.0950331337664736,0.11582442637887501
2.59,5.0,0.09458482379951033,0.11578140369949483
2.6,5.0,0.09413856105055371,0.11573683503472654
2.61,5.0,0.09369434142873798,0.11569074185834241
2.62,5.0,0.09325216071461839,0.11564314543217447
2.63,5.0,0.09281201456352771,0.11559406680713005
2.64,5.0,0.09237389850887845,0.11554352682423222
2.65,5.0,0.09193780796541233,0.11549154611568471
2.66,5.0,0.09150373823239615,0.11543814510595922
2.67,5.0,0.0910716844967658,0.11538334401290518
2.68,5.0,0.09064164183621796,0.11532716284888006
2.69,5.0,0.0902136052222507,0.11526962142189981
2.7,5.0,0.08978756952315257,0.11521073933680827
2.71,5.0,0.08936352950694199,0.11515053599646467
2.72,5.0,0.08894147984425597,0.11508903060294813
2.73,5.0,0.0885214151111901,0.11502624215877877
2.74,5.0,0.088103329792089,0.11496218946815383
2.75,5.0,0.08768721828228886,0.11489689113819862
2.7600000000000002,5.0,0.0872730748908119,0.11483036558023123
2.77,5.0,0.0868608938430136,0.11476263101103992
2.7800000000000002,5.0,0.08645066928318303,0.11469370545417308
2.79,5.0,0.08604239527709712,0.11462360674124032
2.8000000000000003,5.0,0.08563606581452894,0.11455235251322429
2.81,5.0,0.0852316748117111,0.11447996022180253
2.82,5.0,0.08482921611375413,0.11440644713067857
2.83,5.0,0.08442868349702114,0.11433183031692166
2.84,5.0,0.08403007067145868,0.11425612667231422
2.85,5.0,0.08363337128288446,0.11417935290470684
2.86,5.0,0.08323857891523304,0.11410152553937987
2.87,5.0,0.08284568709275887,0.11402266092041094
2.88,5.0,0.08245468928219861,0.11394277521204808
2.89,5.0,0.08206557889489202,0.11386188440008774
2.9,5.0,0.08167834928886289,0.11378000429325698
2.91,5.0,0.08129299377085991,0.11369715052459983
2.92,5.0,0.08090950559835841,0.11361333855286658
2.93,5.0,0.0805278779815232,0.11352858366390592
2.94,5.0,0.08014810408513337,0.11344290097205956
2.95,5.0,0.07977017703046924,0.11335630542155843
2.96,5.0,0.0793940898971622,0.11326881178792045
2.97,5.0,0.07901983572500801,0.11318043467934896
2.98,5.0,0.07864740751574367,0.11309118853813185
2.99,5.0,0.07827679823478902,0.1130010876420406
3.0,5.0,0.07790800081295304,0.11291014610572905
3.0100000000000002,5.0,0.07754100814810554,0.11281837788213141
3.02,5.0,0.07717581310681489,0.1127257967638591
3.0300000000000002,5.0,0.07681240852595198,0.11263241638459613
3.04,5.0,0.07645078721426143,0.11253825022049284
3.0500000000000003,5.0,0.07609094195389968,0.11244331159155697
3.06,5.0,0.07573286550194151,0.11234761366304286
3.0700000000000003,5.0,0.07537655059185466,0.11225116944683725
3.08,5.0,0.07502198993494336,0.11215399180284233
3.09,5.0,0.07466917622176115,0.11205609344035514
3.1,5.0,0.07431810212349375,0.1119574869194434
3.11,5.0,0.07396876029331202,0.11185818465231731
3.12,5.0,0.0736211433676957,0.111758198904697
3.13,5.0,0.07327524396772848,0.11165754179717563
3.14,5.0,0.07293105470036465,0.11155622530657765
3.15,5.0,0.072588568159668,0.11145426126731212
3.16,5.0,0.07224777692802305,0.11135166137272072
3.17,5.0,0.07190867357731974,0.11124843717642055
3.18,5.0,0.07157125067011119,0.11114460009364104
3.19,5.0,0.07123550076074554,0.11104016140255515
3.2,5.0,0.07090141639647213,0.11093513224560474
3.21,5.0,0.0705689901185224,0.11082952363081928
3.22,5.0,0.070238214463166,0.11072334643312867
3.23,5.0,0.06990908196274244,0.11061661139566915
3.24,5.0,0.06958158514666891,0.11050932913108283
3.25,5.0,0.06925571654242428,0.11040151012281002
3.2600000000000002,5.0,0.0689314686765101,0.1102931647263748
3.27,5.0,0.06860883407538874,0.11018430317066355
3.2800000000000002,5.0,0.06828780526639924,0.11007493555919583
3.29,5.0,0.06796837477865096,0.10996507187138824
3.3000000000000003,5.0,0.06765053514389574,0.10985472196381063
3.31,5.0,0.06733427889737889,0.1097438955714347
3.3200000000000003,5.0,0.06701959857866918,0.10963260230887492
3.33,5.0,0.06670648673246833,0.10952085167162152
3.34,5.0,0.0663949359094004,0.10940865303726566
3.35,5.0,0.06608493866678146,0.10929601566671665
3.36,5.0,0.06577648756936984,0.10918294870541101
3.37,5.0,0.06546957519009702,0.10906946118451333
3.38,5.0,0.06516419411078032,0.10895556202210895
3.39,5.0,0.06486033692281663,0.10884126002438839
3.4,5.0,0.06455799622785852,0.10872656388682332
3.41,5.0,0.06425716463847232,0.1086114821953342
3.42,5.0,0.06395783477877919,0.10849602342744943
3.43,5.0,0.06365999928507855,0.10838019595345588
3.44,5.0,0.06336365080645531,0.10826400803754098
3.45,5.0,0.06306878200537029,0.10814746783892616
3.46,5.0,0.06277538555823466,0.10803058341299171
3.47,5.0,0.062483454155968496,0.10791336271239275
3.48,5.0,0.06219298050454391,0.1077958135881669
3.49,5.0,0.06190395732551263,0.10767794379083268
3.5,5.0,0.06161637735651912,0.10755976097147976
3.5100000000000002,5.0,0.06133023335179849,0.10744127268284992
3.52,5.0,0.06104551808266052,0.10732248638040959
3.5300000000000002,5.0,0.06076222433795917,0.1072034094234134
3.54,5.0,0.06048034492454862,0.10708404907595906
3.5500000000000003,5.0,0.060199872667725356,0.10696441250803325
3.56,5.0,0.059920800411657406,0.10684450679654899
3.5700000000000003,5.0,0.0596431210198001,0.10672433892637387
3.58,5.0,0.05936682737529939,0.10660391579134974
3.59,5.0,0.05909191238138244,0.10648324419530346
3.6,5.0,0.05881836896173602,0.10636233085304887
3.61,5.0,0.058546190060872874,0.10624118239138007
3.62,5.0,0.058275368644486236,0.10611980535005583
3.63,5.0,0.05800589769979285,0.10599820618277522
3.64,5.0,0.057737770235864655,0.10587639125814471
3.65,5.0,0.05747097928394933,0.10575436686063625
3.66,5.0,0.057205517897780035,0.10563213919153687
3.67,5.0,0.05694137915387451,0.1055097143698896
3.68,5.0,0.056678556151823635,0.10538709843342552
3.69,5.0,0.05641704201456998,0.10526429733948763
3.7,5.0,0.056156829888676076,0.1051413169659455
3.71,5.0,0.055897912944583246,0.105018163112102
3.72,5.0,0.0556402843768605,0.10489484149959108
3.73,5.0,0.055383937404444285,0.10477135777326708
3.74,5.0,0.05512886527086888,0.10464771750208585
3.75,5.0,0.054875061244488,0.10452392617997715
3.7600000000000002,5.0,0.054622518618687284,0.10439998922670868
3.77,5.0,0.05437123071208854,0.10427591198874206
3.7800000000000002,5.0,0.05412119086874524,0.1041516997400801
3.79,5.0,0.053872392458329914,0.10402735768310598
3.8000000000000003,5.0,0.05362482887631346,0.10390289094941423
3.81,5.0,0.05337849354413655,0.10377830460063349
3.8200000000000003,5.0,0.05313337990937321,0.10365360362924109
3.83,5.0,0.05288948144588711,0.10352879295936959
3.84,5.0,0.052646791653980035,0.10340387744760508
3.85,5.0,0.05240530406053356,0.10327886188377783
3.86,5.0,0.0521650122191434,0.10315375099174466
3.87,5.0,0.051925909710246874,0.10302854943016342
3.88,5.0,0.05168799014124374,0.10290326179325988
3.89,5.0,0.05145124714661023,0.10277789261158647
3.9,5.0,0.0512156743880068,0.10265244635277343
3.91,5.0,0.05098126555437946,0.10252692742227222
3.92,5.0,0.05074801436205499,0.1024013401640913
3.93,5.0,0.05051591455483011,0.1022756888615242
3.94,5.0,0.05028495990405479,0.10214997773787017
3.95,5.0,0.05005514420870968,0.1020242109571471
3.96,5.0,0.04982646129547817,0.10189839262479734
3.97,5.0,0.04959890501881273,0.10177252678838575
3.98,5.0,0.04937246926099596,0.10164661743829062
3.99,5.0,0.04914714793219644,0.10152066850838727
4.0,5.0,0.0489229349705195,0.10139468387672436
4.01,5.0,0.04869982434205284,0.10126866736619301
4.0200000000000005,5.0,0.0484778100409075,0.101142622745189
4.03,5.0,0.04825688608925394,0.10101655372826747
4.04,5.0,0.04803704653735349,0.1008904639767911
4.05,5.0,0.047818285463585276,0.10076435709957093
4.0600000000000005,5.0,0.04760059697446881,0.10063823665350055
4.07,5.0,0.04738397520468223,0.10051210614418325
4.08,5.0,0.04716841431707622,0.10038596902655246
4.09,5.0,0.046953908502684064,0.10025982870548554
4.1,5.0,0.0467404519807275,0.10013368853641066
4.11,5.0,0.046528038998618786,0.1000075518259073
4.12,5.0,0.04631666383195905,0.09988142183230007
4.13,5.0,0.046106320784532605,0.09975530176624589
4.14,5.0,0.04589700418829817,0.09962919479131505
4.15,5.0,0.04568870840337608,0.09950310402456547
4.16,5.0,0.045481427818032494,0.099377032537111
4.17,5.0,0.04527515684865993,0.09925098335468306
4.18,5.0,0.04506988993975481,0.0991249594581864
4.19,5.0,0.044865621563891615,0.09899896378424834
4.2,5.0,0.04466234622169433,0.09887299922576227
4.21,5.0,0.04446005844180436,0.09874706863242468
4.22,5.0,0.044258752780846095,0.09862117481126653
4.23,5.0,0.04405842382338922,0.09849532052717841
4.24,5.0,0.04385906618190856,0.09836950850343003
4.25,5.0,0.04366067449674102,0.09824374142218363
4.26,5.0,0.04346324343604008,0.09811802192500176
4.2700000000000005,5.0,0.04326676769572766,0.09799235261334927
4.28,5.0,0.04307124199944367,0.0978667360490897
4.29,5.0,0.04287666109849293,0.09774117475497586
4.3,5.0,0.04268301977178996,0.097615671215135
4.3100000000000005,5.0,0.04249031282580151,0.09749022787554848
4.32,5.0,0.04229853509448684,0.09736484714452584
4.33,5.0,0.04210768143923579,0.0972395313931735
4.34,5.0,0.041917746748805,0.0971142829558582
4.3500000000000005,5.0,0.04172872593925198,0.09698910413066504
4.36,5.0,0.04154061395386731,0.09686399717985028
4.37,5.0,0.04135340576310486,0.09673896433028896
4.38,5.0,0.041167096364510325,0.09661400777391735
4.39,5.0,0.040981680782647904,0.0964891296681703
4.4,5.0,0.04079715406902527,0.09636433213641356
4.41,5.0,0.04061351130201699,0.09623961726837117
4.42,5.0,0.04043074758678619,0.09611498712054771
4.43,5.0,0.04024885805520476,0.09599044371664585
4.44,5.0,0.04006783786577204,0.09586598904797894
4.45,5.0,0.03988768220353213,0.09574162507387901
4.46,5.0,0.03970838627998964,0.0956173537220996
4.47,5.0,0.039529945333024195,0.09549317688921431
4.48,5.0,0.039352354626803726,0.09536909644101062
4.49,5.0,0.03917560945169628,0.09524511421287889
4.5,5.0,0.038999705124180765,0.095121232010197
4.51,5.0,0.03882463698675654,0.0949974516087105
4.5200000000000005,5.0,0.03865040040785175,0.0948737747549082
4.53,5.0,0.03847699078173076,0.09475020316639342
4.54,5.0,0.038304403528400345,0.09462673853225083
4.55,5.0,0.038132634093515014,0.09450338251340903
4.5600000000000005,5.0,0.037961677948281335,0.0943801367429988
4.57,5.0,0.037791530589361334,0.09425700282670724
4.58,5.0,0.037622187538774915,0.09413398234312742
4.59,5.0,0.03745364434380161,0.09401107684410442
4.6000000000000005,5.0,0.037285896576881354,0.09388828785507677
4.61,5.0,0.03711893983551453,0.09376561687541411
4.62,5.0,0.0369527697421613,0.09364306537875083
4.63,5.0,0.03678738194414015,0.09352063481331564
4.64,5.0,0.036622772113525846,0.09339832660225737
4.65,5.0,0.03645893594704661,0.09327614214396676
4.66,5.0,0.03629586916598089,0.09315408281239451
4.67,5.0,0.03613356751605326,0.09303214995736557
4.68,5.0,0.035972026767329995,0.09291034490488952
4.69,5.0,0.03581124271411399,0.09278866895746737
4.7,5.0,0.03565121117483929,0.0926671233943948
4.71,5.0,0.03549192799196502,0.09254570947206152
4.72,5.0,0.035333389031868896,0.09242442842424718
4.73,5.0,0.03517559018474045,0.09230328146241384
4.74,5.0,0.03501852736447371,0.09218226977599475
4.75,5.0,0.0348621965085595,0.0920613945326797
4.76,5.0,0.03470659357797755,0.0919406568786971
4.7700000000000005,5.0,0.03455171455708815,0.09182005793909247
4.78,5.0,0.0343975554535236,0.0916995988180037
4.79,5.0,0.03424411229807925,0.09157928059893296
4.8,5.0,0.03409138114460448,0.09145910434501536
4.8100000000000005,5.0,0.033939358069893254,0.09133907109928426
4.82,5.0,0.03378803917357469,0.09121918188493362
4.83,5.0,0.033637420578003174,0.0910994377055769
4.84,5.0,0.033487498428148556,0.09097983954550298
4.8500000000000005,5.0,0.03333826889148603,0.09086038836992906
4.86,5.0,0.033189728157886,0.09074108512525032
4.87,5.0,0.03304187243950374,0.09062193073928664
4.88,5.0,0.03289469797066901,0.09050292612152637
4.89,5.0,0.03274820100777569,0.09038407216336716
4.9,5.0,0.03260237782917109,0.09026536973835368
4.91,5.0,0.0324572247350456,0.09014681970241271
4.92,5.0,0.03231273804732197,0.09002842289408526
4.93,5.0,0.03216891410954481,0.08991018013475573
4.94,5.0,0.03202574928676993,0.08979209222887853
4.95,5.0,0.031883239965453954,0.08967415996420187
4.96,5.0,0.03174138255334363,0.08955638411198863
4.97,5.0,0.0316001734793655,0.08943876542723476
4.98,5.0,0.03145960919351548,0.089321304648885
4.99,5.0,0.03131968616674856,0.08920400250004586
5.0,5.0,0.031180400890868595,0.08908685968819599
5.01,5.0,0.0310417498784182,0.08896987690539417
5.0200000000000005,5.0,0.03090372966256878,0.08885305482848449
5.03,5.0,0.03076633679701071,0.08873639411929933
5.04,5.0,0.030629567855843573,0.08861989542485949
5.05,5.0,0.030493419433466687,0.0885035593775722
5.0600000000000005,5.0,0.030357888144469637,0.0883873865954265
5.07,5.0,0.0302229706235232,0.08827137768218635
5.08,5.0,0.03008866352527022,0.08815553322758124
5.09,5.0,0.029954963524216848,0.08803985380749456
5.1000000000000005,5.0,0.029821867314623947,0.0879243399841497
5.11,5.0,0.0296893716103987,0.08780899230629369
5.12,5.0,0.029557473144986444,0.08769381130937874
5.13,5.0,0.029426168671262774,0.0875787975157415
5.14,5.0,0.029295454961425854,0.08746395143478009
5.15,5.0,0.029165328806888994,0.08734927356312892
5.16,5.0,0.029035787018173578,0.0872347643848316
5.17,5.0,0.02890682642480205,0.08712042437151127
5.18,5.0,0.028778443875191413,0.08700625398253921
5.19,5.0,0.028650636236546876,0.08689225366520126
5.2,5.0,0.02852340039475585,0.08677842385486217
5.21,5.0,0.028396733254282217,0.08666476497512789
5.22,5.0,0.028270631738060922,0.08655127743800585
5.23,5.0,0.02814509278739285,0.08643796164406341
5.24,5.0,0.028020113361840127,0.08632481798258415
5.25,5.0,0.02789569043912158,0.08621184683172232
5.26,5.0,0.027771821015008673,0.08609904855865542
5.2700000000000005,5.0,0.027648502103221714,0.0859864235197348
5.28,5.0,0.027525730735326458,0.08587397206063446
5.29,5.0,0.027403503960630963,0.08576169451649795
5.3,5.0,0.02728181884608292,0.08564959121208356
5.3100000000000005,5.0,0.02716067247616724,0.08553766246190751
5.32,5.0,0.02704006195280413,0.08542590857038562
5.33,5.0,0.02691998439524738,0.08531432983197303
5.34,5.0,0.02680043693998313,0.08520292653130218
5.3500000000000005,5.0,0.026681416740628995,0.08509169894331921
5.36,5.0,0.026562920967833623,0.08498064733341862
5.37,5.0,0.02644494680917648,0.08486977195757611
5.38,5.0,0.026327491469068234,0.08475907306248001
5.39,5.0,0.026210552168651348,0.08464855088566085
5.4,5.0,0.026094126145701207,0.08453820565561948
5.41,5.0,0.0259782106545276,0.08442803759195351
5.42,5.0,0.025862802965876522,0.08431804690548216
5.43,5.0,0.02574790036683255,0.08420823379836966
5.44,5.0,0.02563350016072147,0.08409859846424692
5.45,5.0,0.025519599667013445,0.08398914108833194
5.46,5.0,0.025406196221226474,0.08387986184754849
5.47,5.0,0.025293287174830384,0.08377076091064338
5.48,5.0,0.02518086989515116,0.08366183843830234
5.49,5.0,0.025068941765275753,0.08355309458326436
5.5,5.0,0.024957500183957256,0.0834445294904346
5.51,5.0,0.024846542565520588,0.083336143296996
5.5200000000000005,5.0,0.02473606633976849,0.08322793613251929
5.53,5.0,0.02462606895188811,0.0831199081190719
5.54,5.0,0.02451654786235784,0.08301205937132522
5.55,5.0,0.024407500546854723,0.08290438999666067
5.5600000000000005,5.0,0.024298924496162236,0.08279690009527449
5.57,5.0,0.02419081721607855,0.08268958976028107
5.58,5.0,0.024083176227325146,0.08258245907781508
5.59,5.0,0.023975999065455965,0.08247550812713231
5.6000000000000005,5.0,0.023869283280766932,0.08236873698070918
5.61,5.0,0.023763026438206,0.08226214570434114
5.62,5.0,0.023657226117283485,0.08215573435723963
5.63,5.0,0.02355187991198302,0.08204950299212804
5.64,5.0,0.02344698543067287,0.0819434516553363
5.65,5.0,0.023342540296017608,0.0818375803868943
5.66,5.0,0.02323854214489046,0.0817318892206243
5.67,5.0,0.023134988628285835,0.0816263781842319
5.68,5.0,0.02303187741123248,0.0815210472993961
5.69,5.0,0.022929206172707002,0.08141589658185813
5.7,5.0,0.02282697260554789,0.08131092604150916
5.71,5.0,0.022725174416369898,0.0812061356824769
5.72,5.0,0.022623809325478972,0.08110152550321108
5.73,5.0,0.02252287506678754,0.08099709549656799
5.74,5.0,0.02242236938773035,0.0808928456498938
5.75,5.0,0.02232229004918061,0.08078877594510683
5.76,5.0,0.02222263482536669,0.08068488635877893
5.7700000000000005,5.0,0.022123401503789258,0.08058117686221565
5.78,5.0,0.022024587885138808,0.08047764742153549
5.79,5.0,0.021926191783213676,0.08037429799774817
5.8,5.0,0.021828211024838482,0.08027112854683185
5.8100000000000005,5.0,0.021730643449783024,0.0801681390198094
5.82,5.0,0.021633486910681628,0.08006532936282368
5.83,5.0,0.021536739272952913,0.0799626995172119
5.84,5.0,0.021440398414720015,0.07986024941957902
5.8500000000000005,5.0,0.021344462226731267,0.07975797900187022
5.86,5.0,0.0212489286122813,0.07965588819144248
5.87,5.0,0.021153795487132577,0.07955397691113514
5.88,5.0,0.021059060779437394,0.0794522450793397
5.89,5.0,0.02096472242966032,0.0793506926100687
5.9,5.0,0.020870778390501034,0.07924931941302364
5.91,5.0,0.020777226626817667,0.07914812539366214
5.92,5.0,0.020684065115550484,0.07904711045326418
5.93,5.0,0.02059129184564612,0.07894627448899755
5.94,5.0,0.02049890481798215,0.07884561739398237
5.95,5.0,0.020406902045292167,0.0787451390573549
5.96,5.0,0.020315281552091217,0.07864483936433055
5.97,5.0,0.020224041374601726,0.07854471819626582
5.98,5.0,0.02013317956067984,0.0784447754307199
5.99,5.0,0.020042694169742206,0.07834501094151508
6.0,5.0,0.01995258327269313,0.07824542459879659
6.01,5.0,0.019862844951852213,0.0781460162690916
6.0200000000000005,5.0,0.019773477300882393,0.07804678581536753
6.03,5.0,0.01968447842471846,0.07794773309708962
6.04,5.0,0.019595846439495856,0.07784885797027757
6.05,5.0,0.019507579472480073,0.0777501602875618
6.0600000000000005,5.0,0.01941967566199633,0.07765163989823862
6.07,5.0,0.01933213315735977,0.07755329664832497
6.08,5.0,0.019244950118805993,0.07745513038061236
6.09,5.0,0.01915812471742204,0.07735714093472
6.1000000000000005,5.0,0.019071655135077817,0.0772593281471475
6.11,5.0,0.0189855395643579,0.07716169185132668
6.12,5.0,0.01889977620849372,0.07706423187767275
6.13,5.0,0.01881436328129624,0.07696694805363496
6.140000000000001,5.0,0.01872929900708896,0.07686984020374639
6.15,5.0,0.0186445816206414,0.07677290814967334
6.16,5.0,0.0185602093671029,0.07667615171026383
6.17,5.0,0.018476180501936928,0.07657957070159574
6.18,5.0,0.01839249329085568,0.07648316493702399
6.19,5.0,0.018309146009755167,0.07638693422722753
6.2,5.0,0.018226136944650688,0.07629087838025539
6.21,5.0,0.018143464391612633,0.0761949972015722
6.22,5.0,0.018061126656702748,0.07609929049410329
6.23,5.0,0.017979122055910776,0.07600375805827896
6.24,5.0,0.017897448915091506,0.07590839969207844
6.25,5.0,0.017816105569902152,0.075813215191073
6.26,5.0,0.017735090365740187,0.07571820434846872
6.2700000000000005,5.0,0.017654401657681524,0.07562336695514862
6.28,5.0,0.017574037810419118,0.07552870279971427
6.29,5.0,0.017493997198201914,0.07543421166852676
6.3,5.0,0.017414278204774158,0.07533989334574728
6.3100000000000005,5.0,0.017334879223315183,0.07524574761337711
6.32,5.0,0.01725579865637947,0.07515177425129708
6.33,5.0,0.01717703491583713,0.0750579730373065
6.34,5.0,0.017098586422814744,0.07496434374716163
6.3500000000000005,5.0,0.017020451607636596,0.07487088615461357
6.36,5.0,0.016942628909766305,0.07477760003144583
6.37,5.0,0.01686511677774869,0.07468448514751115
6.38,5.0,0.016787913669152214,0.07459154127076807
6.390000000000001,5.0,0.016711018050511568,0.07449876816731686
6.4,5.0,0.01663442839727084,0.07440616560143513
6.41,5.0,0.016558143193726824,0.0743137333356128
6.42,5.0,0.01648216093297287,0.0742214711305867
6.43,5.0,0.016406480116843,0.07412937874537488
6.44,5.0,0.016331099255856397,0.07403745593731006
6.45,5.0,0.01625601686916225,0.07394570246207308
6.46,5.0,0.016181231484484967,0.07385411807372562
6.47,5.0,0.016106741638069688,0.0737627025247426
6.48,5.0,0.016032545874628233,0.07367145556604417
6.49,5.0,0.015958642747285305,0.07358037694702722
6.5,5.0,0.01588503081752509,0.0734894664155965
6.51,5.0,0.015811708655138198,0.07339872371819532
6.5200000000000005,5.0,0.015738674838168924,0.07330814859983585
6.53,5.0,0.015665927952862896,0.07321774080412911
6.54,5.0,0.015593466593614953,0.07312750007331431
6.55,5.0,0.015521289362917499,0.07303742614828809
6.5600000000000005,5.0,0.015449394871309087,0.0729475187686332
6.57,5.0,0.015377781737323409,0.07285777767264691
6.58,5.0,0.01530644858743852,0.07276820259736881
6.59,5.0,0.015235394056026488,0.07267879327860863
6.6000000000000005,5.0,0.015164616785303328,0.07258954945097329
6.61,5.0,0.015094115425279261,0.07250047084789388
6.62,5.0,0.015023888633709294,0.07241155720165207
6.63,5.0,0.014953935076044119,0.07232280824340634
6.640000000000001,5.0,0.014884253425381345,0.07223422370321775
6.65,5.0,0.014814842362417058,0.07214580331007539
6.66,5.0,0.014745700575397652,0.07205754679192154
6.67,5.0,0.014676826760072,0.07196945387567635
6.68,5.0,0.014608219619643968,0.07188152428726244
6.69,5.0,0.014539877864725164,0.07179375775162883
6.7,5.0,0.01447180021328809,0.0717061539927749
6.71,5.0,0.014403985390619505,0.07161871273377377
6.72,5.0,0.014336432129274167,0.07153143369679545
6.73,5.0,0.014269139169028828,0.07144431660312975
6.74,5.0,0.014202105256836578,0.07135736117320876
6.75,5.0,0.014135329146781435,0.07127056712662909
6.76,5.0,0.014068809600033273,0.07118393418217378
6.7700000000000005,5.0,0.014002545384803017,0.07109746205783396
6.78,5.0,0.01393653527629819,0.0710111504708302
6.79,5.0,0.013870778056678643,0.07092499913763349
6.8,5.0,0.013805272515012696,0.07083900777398607
6.8100000000000005,5.0,0.013740017447233478,0.07075317609492181
6.82,5.0,0.01367501165609563,0.07066750381478658
6.83,5.0,0.013610253951132209,0.07058199064725797
6.84,5.0,0.013545743148611936,0.07049663630536507
6.8500000000000005,5.0,0.013481478071496722,0.0704114405015078
6.86,5.0,0.013417457549399447,0.07032640294747604
6.87,5.0,0.013353680418542032,0.07024152335446844
6.88,5.0,0.013290145521713786,0.07015680143311107
6.890000000000001,5.0,0.013226851708230042,0.07007223689347572
6.9,5.0,0.01316379783389104,0.069987829445098
6.91,5.0,0.013100982760941097,0.06990357879699513
6.92,5.0,0.01303840535802805,0.06981948465768359
6.93,5.0,0.012976064500162945,0.06973554673519637
6.94,5.0,0.012913959068680037,0.0696517647371002
6.95,5.0,0.012852087951197015,0.0695681383705123
6.96,5.0,0.012790450041575497,0.06948466734211707
6.97,5.0,0.012729044239881778,0.06940135135818243
6.98,5.0,0.012667869452347878,0.06931819012457603
6.99,5.0,0.012606924591332823,0.06923518334678122
7.0,5.0,0.012546208575284167,0.06915233072991273
7.01,5.0,0.012485720328699774,0.06906963197873214
7.0200000000000005,5.0,0.012425458782089881,0.06898708679766322
7.03,5.0,0.012365422871939405,0.06890469489080696
7.04,5.0,0.01230561154067045,0.06882245596195644
7.05,5.0,0.012246023736605147,0.06874036971461146
7.0600000000000005,5.0,0.012186658413928646,0.06865843585199298
7.07,5.0,0.012127514532652471,0.06857665407705736
7.08,5.0,0.012068591058577983,0.06849502409251039
7.09,5.0,0.012009886963260196,0.06841354560082112
7.1000000000000005,5.0,0.011951401223971772,0.06833221830423547
7.11,5.0,0.01189313282366729,0.0682510419047897
7.12,5.0,0.011835080750947717,0.06817001610432366
7.13,5.0,0.011777244000025142,0.06808914060449382
7.140000000000001,5.0,0.011719621570687752,0.06800841510678617
7.15,5.0,0.011662212468265003,0.06792783931252884
7.16,5.0,0.011605015703593067,0.06784741292290475
7.17,5.0,0.011548030292980465,0.06776713563896374
7.18,5.0,0.011491255258173976,0.06768700716163487
7.19,5.0,0.011434689626324714,0.06760702719173828
7.2,5.0,0.011378332429954511,0.0675271954299971
7.21,5.0,0.011322182706922434,0.06744751157704897
7.22,5.0,0.01126623950039159,0.06736797533345751
7.23,5.0,0.011210501858796117,0.06728858639972365
7.24,5.0,0.011154968835808427,0.06720934447629674
7.25,5.0,0.011099639490306637,0.0671302492635855
7.26,5.0,0.01104451288634221,0.06705130046196879
7.2700000000000005,5.0,0.010989588093107856,0.06697249777180628
7.28,5.0,0.010934864184905612,0.06689384089344896
7.29,5.0,0.010880340241115118,0.06681532952724936
7.3,5.0,0.01082601534616217,0.06673696337357189
7.3100000000000005,5.0,0.010771888589487393,0.06665874213280266
7.32,5.0,0.010717959065515226,0.06658066550535957
7.33,5.0,0.010664225873622991,0.06650273319170182
7.34,5.0,0.01061068811811029,0.06642494489233966
7.3500000000000005,5.0,0.01055734490816852,0.06634730030784373
7.36,5.0,0.010504195357850634,0.06626979913885442
7.37,5.0,0.01045123858604108,0.06619244108609094
7.38,5.0,0.010398473716425952,0.0661152258503604
7.390000000000001,5.0,0.010345899877463345,0.06603815313256668
7.4,5.0,0.0102935162023539,0.06596122263371915
7.41,5.0,0.010241321829011532,0.0658844340549413
7.42,5.0,0.010189315900034383,0.06580778709747921
7.43,5.0,0.010137497562675936,0.0657312814627099
7.44,5.0,0.010085865968816339,0.06565491685214955
7.45,5.0,0.010034420274933942,0.06557869296746162
7.46,5.0,0.009983159642076956,0.06550260951046476
7.47,5.0,0.009932083235835375,0.06542666618314069
7.48,5.0,0.009881190226313038,0.06535086268764194
7.49,5.0,0.009830479788099908,0.06527519872629944
7.5,5.0,0.009779951100244497,0.06519967400162999
7.51,5.0,0.009729603346226513,0.06512428821634361
7.5200000000000005,5.0,0.009679435713929657,0.06504904107335086
7.53,5.0,0.009629447395614636,0.06497393227576988
7.54,5.0,0.009579637587892327,0.06489896152693352
7.55,5.0,0.009530005491697111,0.06482412853039614
7.5600000000000005,5.0,0.009480550312260428,0.0647494329899405
7.57,5.0,0.009431271259084474,0.06467487460958443
7.58,5.0,0.009382167545916057,0.06460045309358738
7.59,5.0,0.009333238390720682,0.06452616814645691
7.6000000000000005,5.0,0.009284483015656745,0.06445201947295513
7.61,5.0,0.009235900647049962,0.06437800677810486
7.62,5.0,0.009187490515367899,0.0643041297671959
7.63,5.0,0.009139251855194729,0.06423038814579103
7.640000000000001,5.0,0.009091183905206128,0.06415678161973201
7.65,5.0,0.00904328590814435,0.06408330989514546
7.66,5.0,0.008995557110793442,0.06400997267844859
7.67,5.0,0.008947996763954661,0.06393676967635492
7.68,5.0,0.008900604122422036,0.06386370059587987
7.69,5.0,0.008853378444958059,0.06379076514434617
7.7,5.0,0.008806318994269632,0.06371796302938938
7.71,5.0,0.008759425036984049,0.06364529395896311
7.72,5.0,0.008712695843625223,0.06357275764134424
7.73,5.0,0.008666130688590056,0.06350035378513809
7.74,5.0,0.008619728850124945,0.06342808209928343
7.75,5.0,0.008573489610302453,0.06335594229305745
7.76,5.0,0.008527412254998139,0.06328393407608063
7.7700000000000005,5.0,0.00848149607386754,0.0632120571583215
7.78,5.0,0.008435740360323307,0.06314031125010133
7.79,5.0,0.008390144411512476,0.06306869606209888
7.8,5.0,0.00834470752829391,0.06299721130535471
7.8100000000000005,5.0,0.008299429015215881,0.06292585669127586
7.82,5.0,0.008254308180493816,0.06285463193164009
7.83,5.0,0.008209344335988144,0.06278353673860025
7.84,5.0,0.00816453679718235,0.06271257082468847
7.8500000000000005,5.0,0.00811988488316112,0.0626417339028203
7.86,5.0,0.008075387916588685,0.06257102568629887
7.87,5.0,0.008031045223687245,0.06250044588881876
7.88,5.0,0.0079868561342156,0.062429994224470015
7.890000000000001,5.0,0.00794281998144785,0.062359670407741964
7.9,5.0,0.00789893610215233,0.062289474153527064
7.91,5.0,0.007855203836570575,0.0622194051771245
7.92,5.0,0.007811622528396516,0.06214946319424395
7.930000000000001,5.0,0.007768191524755752,0.062079647921009055
7.94,5.0,0.0077249101761849995,0.062009959073961014
7.95,5.0,0.007681777836611647,0.061940396370061976
7.96,5.0,0.007638793863333461,0.061870959526698424
7.97,5.0,0.007595957616998423,0.061801648261684494
7.98,5.0,0.007553268461584684,0.061732462293265206
7.99,5.0,0.0075107257643807,0.06166340134011968
8.0,5.0,0.007468328895965408,0.0615944651213642
8.01,5.0,0.007426077230188636,0.06152565335655532
8.02,5.0,0.007383970144151562,0.06145696576569286
8.03,5.0,0.007342007018187342,0.06138840206922282
8.040000000000001,5.0,0.007300187235841852,0.06131996198804026
8.05,5.0,0.007258510183854576,0.061251645243492164
8.06,5.0,0.007216975252139563,0.06118345155738013
8.07,5.0,0.007175581833766588,0.06111538065196314
8.08,5.0,0.007134329324942373,0.061047432249960155
8.09,5.0,0.007093217124991964,0.06097960607455276
8.1,5.0,0.0070522446363402175,0.06091190184938767
8.11,5.0,0.00701141126449342,0.06084431929857924
8.120000000000001,5.0,0.006970716418020992,0.06077685814671182
8.13,5.0,0.00693015950853739,0.06070951811884228
8.14,5.0,0.006889739950684019,0.06064229894050219
8.15,5.0,0.006849457162111358,0.060575200337700155
8.16,5.0,0.006809310563461142,0.060508222036924075
8.17,5.0,0.006769299578348703,0.06044136376514324
8.18,5.0,0.006729423633345386,0.06037462524981052
8.19,5.0,0.006689682157961117,0.06030800621886445
8.2,5.0,0.006650074584627058,0.06024150640073117
8.21,5.0,0.00661060034867838,0.06017512552432651
8.22,5.0,0.006571258888337177,0.060108863319057876
8.23,5.0,0.006532049644695436,0.060042719514826134
8.24,5.0,0.006492972061698169,0.059976693842027466
8.25,5.0,0.006454025586126622,0.05991078603155514
8.26,5.0,0.006415209667581628,0.059844995814801356
8.27,5.0,0.00637652375846702,0.05977932292365882
8.28,5.0,0.006337967313973199,0.059713767090522514
8.290000000000001,5.0,0.006299539792060775,0.05964832804829125
8.3,5.0,0.006261240653444356,0.059583005530369375
8.31,5.0,0.006223069361576364,0.059517799270668144
8.32,5.0,0.006185025382631047,0.05945270900360732
8.33,5.0,0.0061471081854885465,0.05938773446411665
8.34,5.0,0.00610931724171906,0.05932287538763722
8.35,5.0,0.0060716520255671425,0.05925813151012289
8.36,5.0,0.006034112013936076,0.059193502568041574
8.370000000000001,5.0,0.005996696686372349,0.05912898829837664
8.38,5.0,0.005959405525050277,0.05906458843862813
8.39,5.0,0.005922238014756631,0.05900030272681389
8.4,5.0,0.0058851936428754555,0.058936130901470964
8.41,5.0,0.005848271899372954,0.05887207270165656
8.42,5.0,0.005811472276782452,0.0588081278669493
8.43,5.0,0.005774794270189477,0.05874429613745023
8.44,5.0,0.005738237377216941,0.05868057725378392
8.45,5.0,0.005701801098010404,0.05861697095709946
8.46,5.0,0.005665484935223425,0.058553476989071394
8.47,5.0,0.005629288394003053,0.058490095091900805
8.48,5.0,0.0055932109819753426,0.058426825008316065
8.49,5.0,0.0055572522092310166,0.05836366648157385
8.5,5.0,0.005521411588311205,0.058300619255459936
8.51,5.0,0.00548568863419327,0.05823768307429001
8.52,5.0,0.005450082864276723,0.058174857682910475
8.53,5.0,0.005414593798369248,0.058112142826699235
8.540000000000001,5.0,0.005379220958672783,0.05804953825156639
8.55,5.0,0.005343963869769741,0.05798704370395495
8.56,5.0,0.005308822058609253,0.05792465893084151
8.57,5.0,0.005273795054493562,0.057862383679736874
8.58,5.0,0.005238882389064456,0.05780021769868665
8.59,5.0,0.005204083596289836,0.05773816073627191
8.6,5.0,0.005169398212450321,0.05767621254160969
8.61,5.0,0.005134825776125968,0.057614372864353496
8.620000000000001,5.0,0.00510036582818307,0.05755264145469384
8.63,5.0,0.005066017911761056,0.05749101806335878
8.64,5.0,0.0050317815722594325,0.05742950244161423
8.65,5.0,0.004997656357324837,0.05736809434126449
8.66,5.0,0.004963641816838192,0.0573067935146526
8.67,5.0,0.004929737502901893,0.05724559971466071
8.68,5.0,0.00489594296982713,0.05718451269471048
8.69,5.0,0.004862257774121252,0.05712353220876336
8.700000000000001,5.0,0.004828681474475216,0.057062658011320835
8.71,5.0,0.0047952136317511605,0.05700188985742485
8.72,5.0,0.00476185380896998,0.05694122750265793
8.73,5.0,0.004728601571299051,0.05688067070314344
8.74,5.0,0.004695456486039993,0.05682021921554583
8.75,5.0,0.004662418122616527,0.05675987279707078
8.76,5.0,0.004629486052562411,0.056699631205465395
8.77,5.0,0.004596659849509429,0.0566394941990183
8.78,5.0,0.004563939089175495,0.05657946153655981
8.790000000000001,5.0,0.00453132334935279,0.05651953297746197
8.8,5.0,0.004498812209896031,0.05645970828163873
8.81,5.0,0.004466405252710731,0.056399987209545886
8.82,5.0,0.004434102061741622,0.056340369522181175
8.83,5.0,0.0044019022229610846,0.05628085498108428
8.84,5.0,0.0043698053243577,0.05622144334833685
8.85,5.0,0.0043378109559248324,0.056162134386562444
8.86,5.0,0.004305918709649313,0.05610292785892651
8.870000000000001,5.0,0.004274128179500176,0.0560438235291363
8.88,5.0,0.004242438961417507,0.05598482116144084
8.89,5.0,0.004210850653301276,0.055925920520630765
8.9,5.0,0.0041793628550003455,0.05586712137203829
8.91,5.0,0.004147975168301467,0.05580842348153696
8.92,5.0,0.0041166871969183895,0.055749826615541634
8.93,5.0,0.004085498546481025,0.0556913305410082
8.94,5.0,0.0040544088245246775,0.055632935025433455
8.950000000000001,5.0,0.004023417640479342,0.0555746398368549
8.96,5.0,0.0039925246056590905,0.05551644474385052
8.97,5.0,0.00396172933325148,0.055458349515538505
8.98,5.0,0.003931031438307075,0.05540035392157709
8.99,5.0,0.003900430537729005,0.05534245773216418
9.0,5.0,0.0038699262502626024,0.05528466071803717
9.01,5.0,0.0038395181964850983,0.055226962650472604
9.02,5.0,0.0038092059987953884,0.05516936330128583
9.03,5.0,0.0037789892814038607,0.05511186244283077
9.040000000000001,5.0,0.0037488676703222685,0.055054459847999455
9.05,5.0,0.0037188407933537236,0.054997155290221776
9.06,5.0,0.003688908280082675,0.0549399485434651
9.07,5.0,0.0036590697618649995,0.05488283938223382
9.08,5.0,0.003629324871818154,0.054825827581569
9.09,5.0,0.0035996732448113685,0.05476891291704801
9.1,5.0,0.0035701145174559085,0.054712095164784036
9.11,5.0,0.0035406483280954106,0.05465537410142568
9.120000000000001,5.0,0.0035112743167962502,0.05459874950415649
9.13,5.0,0.0034819921253380188,0.05454222115069454
9.14,5.0,0.0034528013972039855,0.05448578881929193
9.15,5.0,0.0034237017775716936,0.05442945228873427
9.16,5.0,0.0033946929133035725,0.05437321133834024
9.17,5.0,0.0033657744529376147,0.05431706574796105
9.18,5.0,0.0033369460466781235,0.05426101529797993
9.19,5.0,0.003308207346386502,0.05420505976931158
9.200000000000001,5.0,0.0032795580055721054,0.05414919894340165
9.21,5.0,0.0032509976793831706,0.05409343260222618
9.22,5.0,0.003222526024597756,0.05403776052829104
9.23,5.0,0.0031941426996147707,0.053982182504631306
9.24,5.0,0.003165847364445071,0.05392669831481076
9.25,5.0,0.0031376396807025753,0.05387130774292124
9.26,5.0,0.003109519311595454,0.05381601057358201
9.27,5.0,0.003081485921917387,0.05376080659193922
9.28,5.0,0.0030535391780388424,0.053705695583665204
9.290000000000001,5.0,0.003025678747898432,0.05365067733495786
9.3,5.0,0.002997904300994336,0.05359575163254008
9.31,5.0,0.00297021550837573,0.053540918263658976
9.32,5.0,0.0029426120426343104,0.05348617701608532
9.33,5.0,0.0029150935778958537,0.05343152767811278
9.34,5.0,0.0028876597898118386,0.05337697003855734
9.35,5.0,0.002860310355551095,0.053322503886756516
9.36,5.0,0.0028330449537915386,0.053268129012568693
9.370000000000001,5.0,0.0028058632647119286,0.05321384520637245
9.38,5.0,0.002778764969983694,0.053159652259065805
9.39,5.0,0.002751749752762795,0.05310554996206551
9.4,5.0,0.0027248172976816463,0.053051538107306305
9.41,5.0,0.0026979672908410786,0.052997616487240176
9.42,5.0,0.002671199419802369,0.05294378489483563
9.43,5.0,0.002644513373579298,0.052890043123576945
9.44,5.0,0.0026179088426302663,0.05283639096746337
9.450000000000001,5.0,0.002591385518850456,0.05278282822100839
9.46,5.0,0.002564943095564059,0.05272935467923895
9.47,5.0,0.002538581267516509,0.052675970137694636
9.48,5.0,0.0025122997308668015,0.052622674392426946
9.49,5.0,0.002486098183179855,0.052569467239998446
9.5,5.0,0.002459976323418892,0.052516348477481954
9.51,5.0,0.002433933851937903,0.052463317902459804
9.52,5.0,0.002407970470474133,0.05241037531302294
9.53,5.0,0.00238208588214061,0.05235752050777017
9.540000000000001,5.0,0.002356279791418742,0.05230475328580728
9.55,5.0,0.002330551904150948,0.05225207344674627
9.56,5.0,0.002304901927533312,0.05219948079070441
9.57,5.0,0.0022793295701083157,0.05214697511830351
9.58,5.0,0.0022538345417576016,0.052094556230668956
9.59,5.0,0.0022284165536947714,0.05204222392942898
9.6,5.0,0.002203075318458242,0.051989978016713664
9.61,5.0,0.002177810549904138,0.051937818295154196
9.620000000000001,5.0,0.0021526219631992152,0.05188574456788187
9.63,5.0,0.002127509274813871,0.051833756638527365
9.64,5.0,0.0021024722025151303,0.0517818543112197
9.65,5.0,0.0020775104653597298,0.05173003739058547
9.66,5.0,0.0020526237836872127,0.051678305681747895
9.67,5.0,0.002027811879113088,0.051626658990325903
9.68,5.0,0.0020030744745220094,0.051575097122433314
9.69,5.0,0.001978411294061009,0.05152361988467785
9.700000000000001,5.0,0.0019538220631327603,0.05147222708416026
9.71,5.0,0.001929306508388914,0.0514209185284734
9.72,5.0,0.0019048643577234123,0.051369694025701344
9.73,5.0,0.0018804953402659082,0.05131855338441839
9.74,5.0,0.0018561991863751857,0.051267496413688204
9.75,5.0,0.0018319756276326336,0.051216522923062884
9.76,5.0,0.0018078243968357517,0.05116563272258197
9.77,5.0,0.001783745227991708,0.05111482562277156
9.78,5.0,0.0017597378563109127,0.05106410143464334
9.790000000000001,5.0,0.001735802018200653,0.05101345996969367
9.8,5.0,0.0017119374512587677,0.05096290103990261
9.81,5.0,0.0016881438942673245,0.050912424457732974
9.82,5.0,0.0016644210871863785,0.05086203003612937
9.83,5.0,0.0016407687711477452,0.05081171758851727
9.84,5.0,0.0016171866884488089,0.050761486928801995
9.85,5.0,0.001593674582546386,0.05071133787136779
9.86,5.0,0.001570232198050605,0.050661270231076895
9.870000000000001,5.0,0.001546859280718824,0.05061128382326847
9.88,5.0,0.001523555577449617,0.050561378463757724
9.89,5.0,0.0015003208362767426,0.05051155396883488
9.9,5.0,0.0014771548063631885,0.050461810155264235
9.91,5.0,0.0014540572379952415,0.05041214684028314
9.92,5.0,0.0014310278825765907,0.05036256384160105
9.93,5.0,0.0014080664926224577,0.05031306097739851
9.94,5.0,0.0013851728217537836,0.05026363806632623
9.950000000000001,5.0,0.0013623466246914238,0.05021429492750397
9.96,5.0,0.001339587657250407,0.05016503138051972
9.97,5.0,0.0013168956763341874,0.05011584724542855
9.98,5.0,0.0012942704399289773,0.050066742342751686
9.99,5.0,0.0012717117070980776,0.05001771649347553
10.0,5.0,0.001249219237976265,0.0499687695190506
10.01,5.0,0.0012267927937641963,0.04991990124139057
10.02,5.0,0.001204432136722854,0.04987111148287128
10.03,5.0,0.0011821370301680232,0.04982240006632967
10.040000000000001,5.0,0.0011599072384648004,0.049773766815062834
10.05,5.0,0.001137742527022144,0.049725211552826984
10.06,5.0,0.00111564266228743,0.049676734103836453
10.07,5.0,0.0010936074117410721,0.049628334292762644
10.08,5.0,0.0010716365438911582,0.04958001194473307
10.09,5.0,0.001049729828268113,0.04953176688533031
10.1,5.0,0.001027887035419407,0.04948359894059099
10.11,5.0,0.001006107936904278,0.0494355079370048
10.120000000000001,5.0,0.0009843923052885034,0.0493874937015134
10.13,5.0,0.0009627399141391965,0.04933955606150951
10.14,5.0,0.0009411505380196212,0.04929169484483581
10.15,5.0,0.0009196239524840415,0.0492439098797839
10.16,5.0,0.0008981599340726254,0.04919620099509338
10.17,5.0,0.0008767582603063417,0.04914856801995071
10.18,5.0,0.0008554187096819141,0.049101010783988264
10.19,5.0,0.0008341410616667934,0.04905352911728327
10.200000000000001,5.0,0.0008129250966941519,0.0490061228503568
10.21,5.0,0.0007917705961579388,0.048958791814172724
10.22,5.0,0.0007706773424079138,0.04891153584013673
10.23,5.0,0.0007496451187447563,0.0488643547600952
10.24,5.0,0.0007286737094151728,0.04881724840633431
10.25,5.0,0.0007077628996070579,0.04877021661157887
10.26,5.0,0.0006869124754446585,0.04872325920899141
10.27,5.0,0.0006661222239837764,0.04867637603217107
10.28,5.0,0.0006453919332070141,0.0486295669151526
10.290000000000001,5.0,0.0006247213920190158,0.04858283169240533
10.3,5.0,0.000604110390241773,0.048536170198832135
10.31,5.0,0.0005835587186099223,0.04848958226976841
10.32,5.0,0.0005630661687661007,0.048443067740981026
10.33,5.0,0.0005426325332562971,0.0483966264486673
10.34,5.0,0.0005222576055252666,0.04835025822945398
10.35,5.0,0.0005019411799119442,0.04830396292039618
10.36,5.0,0.00048168305164488905,0.048257740358976405
10.370000000000001,5.0,0.00046148301683776176,0.048211590383103436
10.38,5.0,0.00044134087248484194,0.04816551283111139
10.39,5.0,0.0004212564164565219,0.04811950754175861
10.4,5.0,0.00040122944749489077,0.04807357435422668
10.41,5.0,0.00038125976520929675,0.048027713108119374
10.42,5.0,0.0003613471700719506,0.04798192364346163
10.43,5.0,0.0003414914634135661,0.04793620580069851
10.44,5.0,0.0003216924474190098,0.047890559420694194
10.450000000000001,5.0,0.0003019499251229646,0.04784498434473092
10.46,5.0,0.000282263700405669,0.04779948041450796
10.47,5.0,0.0002626335779886132,0.04775404747214061
10.48,5.0,0.00024305936343030536,0.04770868536015913
10.49,5.0,0.00022354086312205144,0.04766339392150773
10.5,5.0,0.00020407788428375775,0.04761817299954355
10.51,5.0,0.00018467023495975088,0.0475730224380356
10.52,5.0,0.00016531772401463435,0.047527942081163774
10.53,5.0,0.00014602016112916046,0.04748293177351779
10.540000000000001,5.0,0.00012677735679612586,0.04743799136009618
10.55,5.0,0.00010758912231630296,0.04739312068630526
10.56,5.0,8.845526979436603e-05,0.04734831959795809
10.57,5.0,6.937561213487288e-05,0.04730358794127348
10.58,5.0,5.034996303825366e-05,0.04725892556287492
10.59,5.0,3.1378136996818116e-05,0.047214332309789594
10.6,5.0,1.2459949290798018e-05,0.047169808029447355
10.61,5.0,-6.404784015596178e-06,0.04712535256967969
10.620000000000001,5.0,-2.5216246078095963e-05,0.04708096577871867
10.63,5.0,-4.3974619276261425e-05,0.04703664750519601
10.64,5.0,-6.26800852173732e-05,0.04699239759814197
10.65,5.0,-8.133282474027099e-05,0.04694821590698437
10.66,5.0,-9.993301791918394e-05,0.04690410228154756
10.67,5.0,-0.00011848084406755494,0.046860056572051424
10.68,5.0,-0.00013697648174180224,0.04681607862911035
10.69,5.0,-0.00015542010874510453,0.0467721683037322
10.700000000000001,5.0,-0.00017381190213114505,0.0467283254473173
10.71,5.0,-0.00019215203820781548,0.04668454991165749
10.72,5.0,-0.0002104406925409428,0.046640841548935
10.73,5.0,-0.00022867803995795305,0.04659720021172152
10.74,5.0,-0.00024686425455154294,0.04655362575297716
10.75,5.0,-0.0002649995096833043,0.04651011802604948
10.76,5.0,-0.00028308397798736405,0.046466676884672396
10.77,5.0,-0.00030111783137396343,0.04642330218296526
10.78,5.0,-0.00031910124103304435,0.046379993775431824
10.790000000000001,5.0,-0.00033703437743781467,0.04633675151695921
10.8,5.0,-0.00035491741034826416,0.04629357526281695
10.81,5.0,-0.00037275050881471246,0.04625046486865597
10.82,5.0,-0.0003905338411812886,0.046207420190507546
10.83,5.0,-0.00040826757508940836,0.046164441084782376
10.84,5.0,-0.00042595187748124244,0.046121527408269525
10.85,5.0,-0.0004435869146031563,0.046078679018135456
10.86,5.0,-0.00046117285200911987,0.04603589577192305
10.870000000000001,5.0,-0.0004787098545641251,0.04599317752755053
10.88,5.0,-0.0004961980864475449,0.045950524143310606
10.89,5.0,-0.0005136377111565268,0.04590793547786935
10.9,5.0,-0.0005310288915093093,0.04586541139026527
10.91,5.0,-0.0005483717896485724,0.04582295173990833
10.92,5.0,-0.0005656665670447178,0.04578055638657892
10.93,5.0,-0.0005829133844991833,0.045738225190426904
10.94,5.0,-0.0006001124021477007,0.04569595801197063
10.950000000000001,5.0,-0.0006172637794635454,0.04565375471209593
10.96,5.0,-0.0006343676752607754,0.04561161515205517
10.97,5.0,-0.0006514242476974478,0.04556953919346623
10.98,5.0,-0.0006684336542788178,0.04552752669831156
10.99,5.0,-0.0006853960518605139,0.04548557752893719
11.0,5.0,-0.0007023115966517086,0.04544369154805175
11.01,5.0,-0.0007191804442182531,0.04540186861872547
11.02,5.0,-0.0007360027494858098,0.04536010860438929
11.03,5.0,-0.0007527786667429714,0.04531841136883379
11.040000000000001,5.0,-0.0007695083496443427,0.04527677677620829
11.05,5.0,-0.0007861919512136097,0.04523520469101986
11.06,5.0,-0.0008028296238466197,0.04519369497813233
11.07,5.0,-0.0008194215193144136,0.04515224750276538
11.08,5.0,-0.0008359677887662438,0.04511086213049352
11.09,5.0,-0.000852468582732588,0.045069538727245166
11.1,5.0,-0.0008689240511281453,0.04502827715930166
11.11,5.0,-0.0008853343432548042,0.04498707729329632
11.120000000000001,5.0,-0.0009016996078046117,0.04494593899621349
11.13,5.0,-0.0009180199928626991,0.044904862135387594
11.14,5.0,-0.0009342956459102236,0.044863846578502155
11.15,5.0,-0.000950526713827272,0.044822892193588836
11.16,5.0,-0.0009667133428957612,0.04478199884902655
11.17,5.0,-0.000982855678802304,0.04474116641354046
11.18,5.0,-0.0009989538666410839,0.04470039475620103
11.19,5.0,-0.0010150080509166944,0.04465968374642312
11.200000000000001,5.0,-0.001031018375546981,0.04461903325396504
11.21,5.0,-0.0010469849838658297,0.044578443148927546
11.22,5.0,-0.0010629080186260074,0.04453791330175299
11.23,5.0,-0.0010787876220019143,0.04449744358322431
11.24,5.0,-0.0010946239355923652,0.04445703386446414
11.25,5.0,-0.0011104171004233463,0.044416684016933855
11.26,5.0,-0.0011261672569507512,0.044376393912432664
11.27,5.0,-0.001141874545063103,0.04433616342309663
11.28,5.0,-0.001157539104084272,0.04429599242139781
11.290000000000001,5.0,-0.0011731610727761617,0.04425588078014326
11.3,5.0,-0.001188740589341386,0.04421582837247416
11.31,5.0,-0.0012042777914259546,0.04417583507186489
11.32,5.0,-0.001219772816121899,0.04413590075212207
11.33,5.0,-0.0012352257999699264,0.04409602528738368
11.34,5.0,-0.0012506368789620334,0.04405620855211813
11.35,5.0,-0.0012660061885441153,0.04401645042112333
11.36,5.0,-0.001281333863618563,0.043976750769525806
11.370000000000001,5.0,-0.0012966200385468429,0.043937109472779776
11.38,5.0,-0.0013118648471520504,0.043897526406666235
11.39,5.0,-0.0013270684227214783,0.043858001447292044
11.4,5.0,-0.0013422308980091497,0.043818534471089056
11.41,5.0,-0.0013573524052383362,0.04377912535481315
11.42,5.0,-0.0013724330761040729,0.04373977397554342
11.43,5.0,-0.0013874730417756578,0.04370048021068116
11.44,5.0,-0.0014024724328991279,0.0436612439379491
11.450000000000001,5.0,-0.0014174313795997397,0.04362206503539038
11.46,5.0,-0.0014323500114844078,0.04358294338136776
11.47,5.0,-0.0014472284576441752,0.043543878854562665
11.48,5.0,-0.0014620668466566184,0.043504871333974314
11.49,5.0,-0.0014768653065882769,0.043465920698918824
11.5,5.0,-0.0014916239649970613,0.04342702682902837
11.51,5.0,-0.0015063429489346291,0.043388189604250206
11.52,5.0,-0.0015210223849487787,0.043349408904845885
11.53,5.0,-0.0015356623990858077,0.043310684611390336
11.540000000000001,5.0,-0.0015502631168928672,0.043272016604770945
11.55,5.0,-0.0015648246634202938,0.04323340476618676
11.56,5.0,-0.001579347163223956,0.043194848977147565
11.57,5.0,-0.0015938307403675527,0.043156349119472984
11.58,5.0,-0.0016082755184249216,0.04311790507529169
11.59,5.0,-0.0016226816204823328,0.04307951672704047
11.6,5.0,-0.0016370491691407615,0.043041183957463376
11.61,5.0,-0.001651378286518157,0.04300290664961087
11.620000000000001,5.0,-0.0016656690942516974,0.04296468468683896
11.63,5.0,-0.001679921713500027,0.042926517952808343
11.64,5.0,-0.0016941362649454876,0.04288840633148352
11.65,5.0,-0.0017083128687963485,0.04285034970713198
11.66,5.0,-0.0017224516447889927,0.04281234796432331
11.67,5.0,-0.0017365527121901213,0.04277440098792836
11.68,5.0,-0.0017506161897989443,0.042736508663118414
11.69,5.0,-0.001764642195949336,0.04269867087536429
11.700000000000001,5.0,-0.0017786308485120065,0.04266088751043554
11.71,5.0,-0.0017925822648966376,0.04262315845439958
11.72,5.0,-0.0018064965620540373,0.04258548359362088
11.73,5.0,-0.0018203738564782483,0.042547862814760064
11.74,5.0,-0.0018342142642086747,0.04251029600477313
11.75,5.0,-0.0018480179008321742,0.0424727830509106
11.76,5.0,-0.0018617848814851568,0.04243532384071667
11.77,5.0,-0.0018755153208556644,0.04239791826202837
11.78,5.0,-0.0018892093331854378,0.04236056620297479
11.790000000000001,5.0,-0.0019028670322719797,0.04232326755197618
11.8,5.0,-0.0019164885314705978,0.042286022197743175
11.81,5.0,-0.001930073943696446,0.04224883002927595
11.82,5.0,-0.0019436233814265468,0.0422116909358634
11.83,5.0,-0.001957136956701812,0.042174604807082315
11.84,5.0,-0.001970614781129042,0.042137571532796576
11.85,5.0,-0.0019840569658829237,0.04210059100315634
11.86,5.0,-0.001997463621708017,0.04206366310859722
11.870000000000001,5.0,-0.0020108348589207214,0.04202678773983944
11.88,5.0,-0.00202417078741124,0.04198996478788712
11.89,5.0,-0.002037471516645539,0.04195319414402735
11.9,5.0,-0.002050737155667287,0.04191647569982945
11.91,5.0,-0.0020639678130997844,0.041879809347144185
11.92,5.0,-0.0020771635971478927,0.041843194978102925
11.93,5.0,-0.002090324615599935,0.04180663248511684
11.94,5.0,-0.002103450975829607,0.04177012176087613
11.950000000000001,5.0,-0.002116542784797872,0.04173366269834922
11.96,5.0,-0.0021296001490548303,0.04169725519078198
11.97,5.0,-0.0021426231747416037,0.0416608991316969
11.98,5.0,-0.0021556119675921978,0.04162459441489232
11.99,5.0,-0.0021685666329353467,0.041588340934441664
12.0,5.0,-0.0021814872756963618,0.04155213858469261
12.01,5.0,-0.002194374000398967,0.04151598726026634
12.02,5.0,-0.0022072269111671175,0.04147988685605676
12.030000000000001,5.0,-0.0022200461117268208,0.041443837267229694
12.040000000000001,5.0,-0.00223283170540793,0.041407838389222136
12.05,5.0,-0.00224558379514596,0.04137189011774148
12.06,5.0,-0.002258302483483856,0.04133599234876468
12.07,5.0,-0.0022709878725737727,0.041300144978537574
12.08,5.0,-0.0022836400641788545,0.041264347903574056
12.09,5.0,-0.0022962591596749804,0.04122860102065533
12.1,5.0,-0.002308845260052521,0.04119290422682912
12.11,5.0,-0.0023213984659180785,0.041157257419408955
12.120000000000001,5.0,-0.002333918877496215,0.041121660495973336
12.13,5.0,-0.002346406594631176,0.04108611335436507
12.14,5.0,-0.0023588617167886092,0.04105061589269044
12.15,5.0,-0.002371284343057265,0.04101516800931847
12.16,5.0,-0.002383674572150689,0.040979769602880176
12.17,5.0,-0.0023960325024089207,0.040944420572267826
12.18,5.0,-0.0024083582318001565,0.04090912081663417
12.19,5.0,-0.002420651857922432,0.04087387023539171
12.200000000000001,5.0,-0.0024329134780052826,0.040838668728211944
12.21,5.0,-0.0024451431889113873,0.04080351619502464
12.22,5.0,-0.0024573410871382186,0.04076841253601708
12.23,5.0,-0.0024695072688196845,0.04073335765163332
12.24,5.0,-0.0024816418297277446,0.04069835144257345
12.25,5.0,-0.0024937448652740325,0.04066339380979289
12.26,5.0,-0.002505816470511477,0.04062848465450161
12.27,5.0,-0.002517856740135886,0.04059362387816346
12.280000000000001,5.0,-0.00252986576848756,0.04055881138249536
12.290000000000001,5.0,-0.002541843649552857,0.04052404706946667
12.3,5.0,-0.002553790476965795,0.04048933084129837
12.31,5.0,-0.0025657063440096034,0.0404546626004624
12.32,5.0,-0.0025775913436182894,0.040420042249680925
12.33,5.0,-0.0025894455683781966,0.04038546969192561
12.34,5.0,-0.002601269110529546,0.04035094483041689
12.35,5.0,-0.002613062061967976,0.040316467568623296
12.36,5.0,-0.0026248245142460754,0.040282037810260705
12.370000000000001,5.0,-0.002636556558574898,0.04024765545929163
12.38,5.0,-0.0026482582858254806,0.04021332041992454
12.39,5.0,-0.0026599297865303605,0.04017903259661314
12.4,5.0,-0.0026715711508850577,0.04014479189405561
12.41,5.0,-0.0026831824687495753,0.04011059821719403
12.42,5.0,-0.0026947638296498893,0.04007645147121354
12.43,5.0,-0.002706315322779411,0.040042351561541734
12.44,5.0,-0.0027178370370004677,0.0400082983938479
12.450000000000001,5.0,-0.002729329060845764,0.03997429187404241
12.46,5.0,-0.0027407914825198234,0.03994033190827593
12.47,5.0,-0.0027522243899004498,0.03990641840293878
12.48,5.0,-0.0027636278705401632,0.03987255126466024
12.49,5.0,-0.0027750020116676264,0.03983873040030786
12.5,5.0,-0.0027863469001890738,0.039804955716986765
12.51,5.0,-0.002797662622689732,0.03977122712203899
12.52,5.0,-0.0028089492654352283,0.03973754452304279
12.530000000000001,5.0,-0.002820206914372989,0.039703907827811934
12.540000000000001,5.0,-0.0028314356551336394,0.03967031694439509
12.55,5.0,-0.0028426355730324007,0.039636771781075074
12.56,5.0,-0.0028538067530704627,0.03960327224636823
12.57,5.0,-0.0028649492799363574,0.039569818249023746
12.58,5.0,-0.0028760632380073403,0.03953640969802296
12.59,5.0,-0.002887148711350743,0.03950304650257872
12.6,5.0,-0.0028982057837253195,0.03946972857213471
12.61,5.0,-0.0029092345385826166,0.03943645581636478
12.620000000000001,5.0,-0.0029202350590682956,0.03940322814517227
12.63,5.0,-0.0029312074280234755,0.039370045468689406
12.64,5.0,-0.0029421517279860526,0.03933690769727657
12.65,5.0,-0.002953068041192037,0.03930381474152166
12.66,5.0,-0.0029639564495768534,0.039270766512239486
12.67,5.0,-0.0029748170347766584,0.039237762920471056
12.68,5.0,-0.002985649878129626,0.03920480387748296
12.69,5.0,-0.0029964550606772647,0.039171889294766685
12.700000000000001,5.0,-0.003007232663165694,0.039139019084038024
12.71,5.0,-0.0030179827660469197,0.039106193157236374
12.72,5.0,-0.003028705449480122,0.03907341142652413
12.73,5.0,-0.003039400793332922,0.03904067380428602
12.74,5.0,-0.0030500688771826407,0.03900798020312847
12.75,5.0,-0.0030607097803175562,0.03897533053587898
12.76,5.0,-0.003071323581738156,0.03894272471558548
12.77,5.0,-0.0030819103601583842,0.038910162655515654
12.780000000000001,5.0,-0.0030924701940068713,0.0388776442691564
12.790000000000001,5.0,-0.00310300316142817,0.03884516947021311
12.8,5.0,-0.003113509340283986,0.03881273817260909
12.81,5.0,-0.003123988808154395,0.03878035029048491
12.82,5.0,-0.0031344416423390443,0.03874800573819778
12.83,5.0,-0.0031448679198583804,0.038715704430320956
12.84,5.0,-0.0031552677174548423,0.038683446281643066
12.85,5.0,-0.0031656411115940446,0.03865123120716754
12.86,5.0,-0.003175988178465989,0.038619059122111964
12.870000000000001,5.0,-0.0031863089939862363,0.03858692994190746
12.88,5.0,-0.003196603633797078,0.03855484358219811
12.89,5.0,-0.0032068721732687296,0.038522799958840295
12.9,5.0,-0.0032171146875004685,0.03849079898790209
12.91,5.0,-0.003227331251321821,0.03845884058566271
12.92,5.0,-0.0032375219392937055,0.038426924668611806
12.93,5.0,-0.003247686825709576,0.03839505115344896
12.94,5.0,-0.0032578259845965785,0.03836321995708303
12.950000000000001,5.0,-0.003267939489716683,0.03833143099663153
12.96,5.0,-0.003278027414567811,0.038299684189420063
12.97,5.0,-0.0032880898323849675,0.03826797945298174
12.98,5.0,-0.003298126816141365,0.03823631670505652
12.99,5.0,-0.0033081384385495382,0.038204695863590654
13.0,5.0,-0.003318124772062446,0.03817311684673611
13.01,5.0,-0.003328085888874588,0.03814157957284994
13.02,5.0,-0.0033380218609230998,0.038110083960493736
13.030000000000001,5.0,-0.0033479327598888386,0.03807862992843297
13.040000000000001,5.0,-0.0033578186571974833,0.03804721739563651
13.05,5.0,-0.003367679624020617,0.03801584628127593
13.06,5.0,-0.0033775157312768015,0.03798451650472502
13.07,5.0,-0.0033873270496326507,0.03795322798555911
13.08,5.0,-0.0033971136495038936,0.03792198064355459
13.09,5.0,-0.0034068756010564496,0.037890774398688265
13.1,5.0,-0.003416612974207474,0.03785960917113679
13.11,5.0,-0.0034263258386264123,0.03782848488127611
13.120000000000001,5.0,-0.0034360142637360515,0.03779740144968088
13.13,5.0,-0.0034456783187135588,0.03776635879712391
13.14,5.0,-0.0034553180724915195,0.03773535684457555
13.15,5.0,-0.0034649335937589655,0.03770439551320319
13.16,5.0,-0.00347452495096241,0.03767347472437063
13.17,5.0,-0.003484092212306864,0.037642594399637554
13.18,5.0,-0.003493635445756845,0.037611754460758956
13.19,5.0,-0.003503154719037411,0.03758095482968459
13.200000000000001,5.0,-0.003512650099635143,0.03755019542855837
13.21,5.0,-0.0035221216547991637,0.03751947617971789
13.22,5.0,-0.003531569451542124,0.03748879700569379
13.23,5.0,-0.0035409935566412067,0.037458157829209235
13.24,5.0,-0.0035503940366391103,0.037427558573179386
13.25,5.0,-0.0035597709578450176,0.03739699916071079
13.26,5.0,-0.0035691243863356006,0.037366479515100894
13.27,5.0,-0.003578454387955971,0.03733599955983746
13.280000000000001,5.0,-0.003587761028320663,0.03730555921859802
13.290000000000001,5.0,-0.0035970443728145867,0.03727515841524936
13.3,5.0,-0.003606304486593991,0.03724479707384693
13.31,5.0,-0.00361554143458743,0.03721447511863436
13.32,5.0,-0.0036247552814967,0.03718419247404288
13.33,5.0,-0.0036339460917977806,0.03715394906469078
13.34,5.0,-0.0036431139297417934,0.03712374481538289
13.35,5.0,-0.0036522588593559287,0.037093579651110084
13.36,5.0,-0.0036613809444443718,0.03706345349704864
13.370000000000001,5.0,-0.003670480248589248,0.03703336627855983
13.38,5.0,-0.0036795568351515183,0.0370033179211893
13.39,5.0,-0.0036886107672719354,0.03697330835066661
13.4,5.0,-0.003697642107871918,0.03694333749290464
13.41,5.0,-0.003706650919654497,0.03691340527399912
13.42,5.0,-0.0037156372651051964,0.036883511620228085
13.43,5.0,-0.0037246012064929396,0.036853656458051345
13.44,5.0,-0.003733542805870958,0.03682383971410999
13.450000000000001,5.0,-0.003742462125077675,0.036794061315225834
13.46,5.0,-0.003751359225737587,0.03676432118840094
13.47,5.0,-0.0037602341692621623,0.03673461926081709
13.48,5.0,-0.003769087016850714,0.036704955459835244
13.49,5.0,-0.0037779178294912786,0.03667532971299505
13.5,5.0,-0.0037867266679614845,0.03664574194801435
13.51,5.0,-0.003795513592829414,0.03661619209278864
13.52,5.0,-0.003804278664454487,0.03658668007539058
13.530000000000001,5.0,-0.003813021942988298,0.03655720582406947
13.540000000000001,5.0,-0.0038217434883754827,0.036527769267250786
13.55,5.0,-0.0038304433603545645,0.036498370333535625
13.56,5.0,-0.0038391216184588102,0.03646900895170025
13.57,5.0,-0.0038477783220170632,0.03643968505069553
13.58,5.0,-0.003856413530154586,0.03641039855964653
13.59,5.0,-0.003865027301793899,0.03638114940785191
13.6,5.0,-0.00387361969565561,0.03635193752478352
13.61,5.0,-0.003882190770259234,0.036322762840085863
13.620000000000001,5.0,-0.003890740583924033,0.03629362528357558
13.63,5.0,-0.003899269194769817,0.036264524785241045
13.64,5.0,-0.003907776660717773,0.03623546127524174
13.65,5.0,-0.003916263039491272,0.03620643468390792
13.66,5.0,-0.003924728388616676,0.036177444941739995
13.67,5.0,-0.003933172765424148,0.036148491979408115
13.68,5.0,-0.00394159622704844,0.03611957572775169
13.69,5.0,-0.0039499988304297065,0.03609069611777888
13.700000000000001,5.0,-0.003958380632314285,0.03606185308066611
13.71,5.0,-0.003966741689255488,0.03603304654775763
13.72,5.0,-0.00397508205761439,0.03600427645056498
13.73,5.0,-0.003983401793560609,0.03597554272076658
13.74,5.0,-0.003991700953073085,0.03594684529020719
13.75,5.0,-0.003999979591940859,0.0359181840908975
13.76,5.0,-0.004008237765763825,0.035889559055013585
13.77,5.0,-0.004016475529953526,0.035860970114896515
13.780000000000001,5.0,-0.0040246929397338965,0.0358324172030518
13.790000000000001,5.0,-0.004032890050142029,0.03580390025214904
13.8,5.0,-0.00404106691602893,0.03577541919502131
13.81,5.0,-0.004049223592060275,0.035746973964664815
13.82,5.0,-0.004057360132717158,0.03571856449423837
13.83,5.0,-0.004065476592296833,0.03569019071706295
13.84,5.0,-0.004073573024913462,0.035661852566621244
13.85,5.0,-0.004081649484498854,0.03563354997655717
13.86,5.0,-0.004089706024803193,0.03560528288067544
13.870000000000001,5.0,-0.00409774269939578,0.035577051212941066
13.88,5.0,-0.004105759561665755,0.035548854907478986
13.89,5.0,-0.004113756664822829,0.03552069389857351
13.9,5.0,-0.004121734061897998,0.03549256812066793
13.91,5.0,-0.0041296918057442695,0.03546447750836405
13.92,5.0,-0.00413762994903737,0.03543642199642177
13.93,5.0,-0.004145548544276467,0.03540840151975855
13.94,5.0,-0.004153447643784867,0.03538041601344908
13.950000000000001,5.0,-0.004161327299710729,0.03535246541272473
13.96,5.0,-0.00416918756402776,0.03532454965297319
13.97,5.0,-0.004177028488535927,0.03529666866973798
13.98,5.0,-0.004184850124862134,0.035268822398718
13.99,5.0,-0.004192652524460927,0.035241010775767134
14.0,5.0,-0.004200435738615185,0.03521323373689376
14.01,5.0,-0.004208199818436795,0.03518549121826036
14.02,5.0,-0.004215944814867347,0.035157783156183064
14.030000000000001,5.0,-0.004223670778678808,0.03513010948713119
14.040000000000001,5.0,-0.004231377760474195,0.035102470147726855
14.05,5.0,-0.0042390658106882554,0.03507486507474454
14.06,5.0,-0.004246734979588136,0.0350472942051106
14.07,5.0,-0.004254385317274053,0.03501975747590292
14.08,5.0,-0.004262016873679945,0.034992254824350415
14.09,5.0,-0.0042696296985741435,0.034964786187832636
14.1,5.0,-0.004277223841560039,0.03493735150387937
14.11,5.0,-0.004284799352076718,0.03490995071017015
14.120000000000001,5.0,-0.004292356279399626,0.03488258374453389
14.13,5.0,-0.004299894672641214,0.034855250544948445
14.14,5.0,-0.004307414580751589,0.03482795104954019
14.15,5.0,-0.004314916052519158,0.03480068519658359
14.16,5.0,-0.0043223991365712545,0.0347734529245008
14.17,5.0,-0.0043298638813747915,0.03474625417186124
14.18,5.0,-0.004337310335236895,0.03471908887738119
14.19,5.0,-0.0043447385463055216,0.03469195697992336
14.200000000000001,5.0,-0.004352148562570109,0.03466485841849648
14.21,5.0,-0.0043595404318621765,0.03463779313225491
14.22,5.0,-0.004366914201855975,0.0346107610604982
14.23,5.0,-0.004374269920069083,0.03458376214267071
14.24,5.0,-0.004381607633863038,0.034556796318361185
14.25,5.0,-0.004388927390443956,0.03452986352730234
14.26,5.0,-0.004396229236863121,0.034502963709370484
14.27,5.0,-0.004403513220017619,0.034476096804585084
14.280000000000001,5.0,-0.00441077938665093,0.03444926275310839
14.290000000000001,5.0,-0.004418027783353534,0.03442246149524502
14.3,5.0,-0.00442525845656351,0.034395692971441565
14.31,5.0,-0.004432471452567145,0.03436895712228619
14.32,5.0,-0.004439666817499515,0.034342253888508215
14.33,5.0,-0.004446844597345086,0.03431558321097776
14.34,5.0,-0.004454004837938297,0.03428894503070532
14.35,5.0,-0.004461147584964157,0.03426233928884138
14.36,5.0,-0.004468272883958827,0.03423576592667601
14.370000000000001,5.0,-0.004475380780310194,0.034209224885638496
14.38,5.0,-0.0044824713192584565,0.03418271610729695
14.39,5.0,-0.004489544545896702,0.03415623953335789
14.4,5.0,-0.00449660050517148,0.034129795105665876
14.41,5.0,-0.004503639241883376,0.03410338276620313
14.42,5.0,-0.004510660800687574,0.034077002457089126
14.43,5.0,-0.0045176652260944285,0.034050654120580226
14.44,5.0,-0.004524652562470026,0.03402433769906929
14.450000000000001,5.0,-0.004531622854036751,0.03399805313508529
14.46,5.0,-0.004538576144873831,0.03397180037129295
14.47,5.0,-0.004545512478917916,0.033945579350492326
14.48,5.0,-0.004552431899963611,0.03391939001561847
14.49,5.0,-0.0045593344516640325,0.033893232309741034
14.5,5.0,-0.004566220177531371,0.03386710617606387
14.51,5.0,-0.004573089120937416,0.03384101155792472
14.52,5.0,-0.004579941325114117,0.033814948398794765
14.530000000000001,5.0,-0.004586776833154117,0.0337889166422783
14.540000000000001,5.0,-0.004593595688011289,0.03376291623211238
14.55,5.0,-0.004600397932501287,0.03373694711216638
14.56,5.0,-0.004607183609302058,0.033711009226441685
14.57,5.0,-0.004613952760954396,0.033685102519071294
14.58,5.0,-0.004620705429862459,0.0336592269343195
14.59,5.0,-0.004627441658294291,0.033633382416581425
14.6,5.0,-0.00463416148838237,0.03360756891038278
14.61,5.0,-0.004640864962124102,0.0335817863603794
14.620000000000001,5.0,-0.004647552121382362,0.03355603471135693
14.63,5.0,-0.0046542230078859955,0.033530313908230455
14.64,5.0,-0.004660877663230353,0.03350462389604415
14.65,5.0,-0.004667516128877786,0.033478964619970894
14.66,5.0,-0.004674138446158166,0.033453336025311926
14.67,5.0,-0.004680744656269399,0.03342773805749651
14.68,5.0,-0.004687334800277913,0.033402170662081544
14.69,5.0,-0.004693908919119184,0.033376633784751225
14.700000000000001,5.0,-0.0047004670535982255,0.03335112737131668
14.71,5.0,-0.004707009244390086,0.03332565136771564
14.72,5.0,-0.004713535532040362,0.03330020572001207
14.73,5.0,-0.004720045956965672,0.03327479037439582
14.74,5.0,-0.004726540559454167,0.033249405277182266
14.75,5.0,-0.004733019379666011,0.033224050374811985
14.76,5.0,-0.004739482457633882,0.03319872561385039
14.77,5.0,-0.004745929833263438,0.03317343094098741
14.780000000000001,5.0,-0.004752361546333822,0.03314816630303708
14.790000000000001,5.0,-0.004758777636498135,0.03312293164693729
14.8,5.0,-0.004765178143283917,0.03309772691974937
14.81,5.0,-0.004771563106093624,0.03307255206865776
14.82,5.0,-0.004777932564205106,0.03304740704096971
14.83,5.0,-0.004784286556772085,0.033022291784114886
14.84,5.0,-0.004790625122824614,0.032997206245645075
14.85,5.0,-0.004796948301269563,0.03297215037323382
14.86,5.0,-0.0048032561308910746,0.03294712411467609
14.870000000000001,5.0,-0.004809548650351035,0.03292212741788794
14.88,5.0,-0.004815825898189533,0.03289716023090621
14.89,5.0,-0.004822087912825331,0.03287222250188815
14.9,5.0,-0.004828334732556314,0.03284731417911108
14.91,5.0,-0.0048345663955599565,0.03282243521097212
14.92,5.0,-0.0048407829398937645,0.03279758554598777
14.93,5.0,-0.004846984403495746,0.032772765132793695
14.94,5.0,-0.004853170824184851,0.03274797392014427
14.950000000000001,5.0,-0.004859342239661425,0.03272321185691235
14.96,5.0,-0.004865498687507652,0.0326984788920889
14.97,5.0,-0.004871640205188007,0.032673774974782674
14.98,5.0,-0.004877766830049706,0.0326491000542199
14.99,5.0,-0.00488387859932312,0.032624454079743945
15.0,5.0,-0.0048899755501222485,0.032599837000814993
15.01,5.0,-0.004896057719445139,0.03257524876700975
15.02,5.0,-0.004902125144174321,0.032550689328021076
15.030000000000001,5.0,-0.004908177861077251,0.0325261586336577
15.040000000000001,5.0,-0.004914215906806738,0.03250165663384391
15.05,5.0,-0.004920239317901378,0.0324771832786192
15.06,5.0,-0.004926248130785972,0.03245273851813797
15.07,5.0,-0.004932242381771966,0.032428322302669225
15.08,5.0,-0.004938222107057873,0.03240393458259624
15.09,5.0,-0.00494418734272969,0.03237957530841626
15.1,5.0,-0.004950138124761319,0.03235524443074016
15.11,5.0,-0.004956074489014992,0.03233094190029218
15.120000000000001,5.0,-0.004961996471241696,0.03230666766790959
15.13,5.0,-0.00496790410708156,0.03228242168454236
15.14,5.0,-0.0049737974320643,0.03225820390125288
15.15,5.0,-0.004979676481609617,0.03223401426921563
15.16,5.0,-0.004985541291027613,0.0322098527397169
15.17,5.0,-0.004991391895519182,0.032185719264154464
15.18,5.0,-0.0049972283301764455,0.032161613794037286
15.19,5.0,-0.005003050629983139,0.03213753628098519
15.200000000000001,5.0,-0.005008858829815011,0.032113486676728586
15.21,5.0,-0.005014652964440239,0.03208946493310817
15.22,5.0,-0.005020433068519824,0.0320654710020746
15.23,5.0,-0.005026199176607984,0.0320415048356882
15.24,5.0,-0.005031951323152553,0.03201756638611867
15.25,5.0,-0.00503768954249538,0.03199365560564479
15.26,5.0,-0.005043413868872716,0.031969772446654096
15.27,5.0,-0.0050491243364156075,0.03194591686164264
15.280000000000001,5.0,-0.005054820979150287,0.03192208880321461
15.290000000000001,5.0,-0.00506050383099856,0.031898288224082125
15.3,5.0,-0.0050661729257781936,0.031874515077064874
15.31,5.0,-0.005071828297203296,0.031850769315089844
15.32,5.0,-0.005077469978884705,0.03182705089119104
15.33,5.0,-0.005083098004330368,0.03180335975850919
15.34,5.0,-0.005088712406945715,0.03177969587029142
15.35,5.0,-0.005094313220034048,0.03175605917989102
15.36,5.0,-0.005099900476796912,0.03173244964076712
15.370000000000001,5.0,-0.00510547421033447,0.0317088672064844
15.38,5.0,-0.005111034453645873,0.03168531183071283
15.39,5.0,-0.005116581239629634,0.03166178346722735
15.4,5.0,-0.005122114601084004,0.03163828206990762
15.41,5.0,-0.005127634570707337,0.03161480759273769
15.42,5.0,-0.005133141181098446,0.03159135998980576
15.43,5.0,-0.005138634464756988,0.031567939215303875
15.44,5.0,-0.005144114454083812,0.03154454522352766
15.450000000000001,5.0,-0.005149581181381329,0.03152117796887602
15.46,5.0,-0.00515503467885387,0.031497837405850854
15.47,5.0,-0.005160474978608048,0.03147452348905681
15.48,5.0,-0.005165902112653116,0.03145123617320099
15.49,5.0,-0.005171316112901313,0.03142797541309263
15.5,5.0,-0.005176717011168235,0.03140474116364291
15.51,5.0,-0.005182104839173177,0.0313815333798646
15.52,5.0,-0.005187479628539489,0.03135835201687182
15.530000000000001,5.0,-0.005192841410794921,0.03133519702987977
15.540000000000001,5.0,-0.005198190217371981,0.03131206837420443
15.55,5.0,-0.005203526079608271,0.03128896600526232
15.56,5.0,-0.005208849028746847,0.0312658898785702
15.57,5.0,-0.005214159095936548,0.031242839949744833
15.58,5.0,-0.0052194563122323475,0.03121981617450267
15.59,5.0,-0.0052247407085957015,0.031196818508659626
15.6,5.0,-0.0052300123158948615,0.03117384690813077
15.610000000000001,5.0,-0.005235271164905253,0.03115090132893008
15.620000000000001,5.0,-0.005240517286309781,0.0311279817271702
15.63,5.0,-0.005245750710699176,0.031105088059062123
15.64,5.0,-0.005250971468572331,0.03108222028091496
15.65,5.0,-0.005256179590336634,0.03105937834913565
15.66,5.0,-0.005261375106308295,0.03103656222022874
15.67,5.0,-0.005266558046712678,0.031013771850796082
15.68,5.0,-0.005271728441684634,0.030991007197536582
15.69,5.0,-0.005276886321268821,0.030968268217245937
15.700000000000001,5.0,-0.005282031715420036,0.030945554866816393
15.71,5.0,-0.005287164654003541,0.030922867103236464
15.72,5.0,-0.0052922851667953725,0.030900204883590677
15.73,5.0,-0.005297393283482686,0.030877568165059325
15.74,5.0,-0.005302489033664059,0.030854956904918192
15.75,5.0,-0.00530757244684981,0.030832371060538318
15.76,5.0,-0.00531264355246233,0.030809810589385714
15.77,5.0,-0.00531770237983639,0.03078727544902116
15.780000000000001,5.0,-0.005322748958219454,0.03076476559709987
15.790000000000001,5.0,-0.005327783316771993,0.030742280991371315
15.8,5.0,-0.005332805484567811,0.030719821589678946
15.81,5.0,-0.00533781549059434,0.030697387349959915
15.82,5.0,-0.005342813363752954,0.030674978230244856
15.83,5.0,-0.005347799132859283,0.03065259418865762
15.84,5.0,-0.0053527728266435206,0.030630235183415035
15.85,5.0,-0.005357734473750718,0.030607901172826642
15.860000000000001,5.0,-0.005362684102741108,0.030585592115294474
15.870000000000001,5.0,-0.005367621742090389,0.03056330796931277
15.88,5.0,-0.005372547420190045,0.030541048693467767
15.89,5.0,-0.005377461165347633,0.03051881424643743
15.9,5.0,-0.0053823630057870915,0.030496604586991213
15.91,5.0,-0.005387252969649034,0.030474419673989814
15.92,5.0,-0.005392131084991055,0.030452259466384943
15.93,5.0,-0.005396997379788009,0.030430123923219064
15.94,5.0,-0.005401851881932323,0.030408013003625153
15.950000000000001,5.0,-0.005406694619234286,0.030385926666826463
15.96,5.0,-0.005411525619422332,0.030363864872136298
15.97,5.0,-0.005416344910143339,0.030341827578957734
15.98,5.0,-0.005421152518962925,0.030319814746783413
15.99,5.0,-0.005425948473365725,0.030297826335195302
16.0,5.0,-0.005430732800755686,0.03027586230386445
16.01,5.0,-0.00543550552845635,0.030253922612550724
16.02,5.0,-0.005440266683711137,0.030232007221102628
16.03,5.0,-0.0054450162936836456,0.03021011608945701
16.04,5.0,-0.005449754385457907,0.03018824917763889
16.05,5.0,-0.0054544809860387,0.030166406445761147
16.06,5.0,-0.005459196122351802,0.03014458785402436
16.07,5.0,-0.005463899821244287,0.030122793362716536
16.080000000000002,5.0,-0.005468592109484801,0.030101022932212868
16.09,5.0,-0.005473273013763828,0.03007927652297556
16.1,5.0,-0.005477942560693985,0.030057554095553524
16.11,5.0,-0.005482600776810281,0.030035855610582193
16.12,5.0,-0.005487247688570401,0.030014181028783275
16.13,5.0,-0.005491883322354969,0.02999253031096456
16.14,5.0,-0.005496507704467831,0.029970903418019633
16.15,5.0,-0.005501120861136312,0.029949300310927695
16.16,5.0,-0.005505722818511503,0.029927720950753297
16.17,5.0,-0.0055103136026685125,0.029906165298646176
16.18,5.0,-0.005514893239606742,0.02988463331584096
16.19,5.0,-0.005519461755250151,0.029863124963656965
16.2,5.0,-0.0055240191754475235,0.029841640203498027
16.21,5.0,-0.005528565525972726,0.029820178996852163
16.22,5.0,-0.005533100832524976,0.029798741305291487
16.23,5.0,-0.005537625120729109,0.029777327090471865
16.240000000000002,5.0,-0.005542138416135822,0.029755936314132772
16.25,5.0,-0.005546640744221952,0.029734568938097058
16.26,5.0,-0.005551132130390722,0.02971322492427068
16.27,5.0,-0.005555612599972003,0.02969190423464256
16.28,5.0,-0.0055600821782225765,0.02967060683128429
16.29,5.0,-0.005564540890326372,0.029649332676349983
16.3,5.0,-0.0055689887613947515,0.029628081732075994
16.31,5.0,-0.005573425816466726,0.029606853960780763
16.32,5.0,-0.005577852080509242,0.02958564932486454
16.330000000000002,5.0,-0.005582267578417407,0.029564467786809216
16.34,5.0,-0.005586672335014754,0.029543309309178086
16.35,5.0,-0.0055910663750534904,0.029522173854615627
16.36,5.0,-0.005595449723214743,0.02950106138584734
16.37,5.0,-0.005599822404108803,0.02947997186567943
16.38,5.0,-0.005604184442275374,0.02945890525699872
16.39,5.0,-0.005608535862183823,0.02943786152277233
16.4,5.0,-0.005612876688233416,0.029416840626047564
16.41,5.0,-0.005617206944753568,0.029395842529951595
16.42,5.0,-0.005621526656004085,0.02937486719769135
16.43,5.0,-0.005625835846175396,0.029353914592553255
16.44,5.0,-0.00563013453938881,0.02933298467790302
16.45,5.0,-0.005634422759696735,0.029312077417185466
16.46,5.0,-0.005638700531082943,0.029291192773924273
16.47,5.0,-0.005642967877462776,0.02927033071172182
16.48,5.0,-0.005647224822683413,0.029249491194258938
16.490000000000002,5.0,-0.005651471390524082,0.029228674185294734
16.5,5.0,-0.005655707604696309,0.02920787964866638
16.51,5.0,-0.0056599334888441455,0.02918710754828889
16.52,5.0,-0.005664149066544398,0.029166357848154946
16.53,5.0,-0.00566835436130688,0.029145630512334673
16.54,5.0,-0.005672549396574609,0.029124925504975446
16.55,5.0,-0.005676734195724071,0.029104242790301688
16.56,5.0,-0.00568090878206542,0.02908358233261467
16.57,5.0,-0.005685073178842731,0.0290629440962923
16.580000000000002,5.0,-0.005689227409234212,0.029042328045788945
16.59,5.0,-0.005693371496352432,0.02902173414563522
16.6,5.0,-0.005697505463244556,0.029001162360437756
16.61,5.0,-0.00570162933289256,0.028980612654879095
16.62,5.0,-0.005705743128213452,0.02896008499371736
16.63,5.0,-0.005709846872059511,0.028939579341786197
16.64,5.0,-0.00571394058721849,0.028919095663994455
16.65,5.0,-0.005718024296413845,0.028898633925326097
16.66,5.0,-0.0057220980223049635,0.028878194090839904
16.67,5.0,-0.005726161787487367,0.028857776125669376
16.68,5.0,-0.005730215614492943,0.028837379995022488
16.69,5.0,-0.0057342595257901564,0.02881700566418147
16.7,5.0,-0.005738293543784264,0.028796653098502677
16.71,5.0,-0.0057423176908175414,0.028776322263416358
16.72,5.0,-0.00574633198916948,0.02875601312442647
16.73,5.0,-0.005750336461057026,0.02873572564711049
16.740000000000002,5.0,-0.005754331128634764,0.02871545979711923
16.75,5.0,-0.005758316013995149,0.028695215540176646
16.76,5.0,-0.005762291139168721,0.028674992842079618
16.77,5.0,-0.005766256526124294,0.028654791668697818
16.78,5.0,-0.005770212196769199,0.028634611985973477
16.79,5.0,-0.0057741581729494566,0.02861445375992121
16.8,5.0,-0.005778094476450011,0.028594316956627827
16.81,5.0,-0.005782021128994926,0.02857420154225217
16.82,5.0,-0.0057859381522475965,0.028554107483024876
16.830000000000002,5.0,-0.005789845567810956,0.028534034745248245
16.84,5.0,-0.0057937433972276705,0.028513983295296037
16.85,5.0,-0.005797631661980361,0.028493953099613258
16.86,5.0,-0.005801510383491784,0.02847394412471602
16.87,5.0,-0.005805379583125055,0.028453956337191326
16.88,5.0,-0.005809239282183835,0.028433989703696923
16.89,5.0,-0.005813089501912545,0.028414044190961062
16.9,5.0,-0.005816930263496554,0.028394119765782384
16.91,5.0,-0.005820761588062387,0.02837421639502968
16.92,5.0,-0.005824583496677918,0.028354334045641763
16.93,5.0,-0.00582839601035257,0.02833447268462724
16.94,5.0,-0.005832199150037515,0.02831463227906436
16.95,5.0,-0.00583599293662586,0.028294812796100837
16.96,5.0,-0.005839777390952861,0.028275014202953645
16.97,5.0,-0.005843552533796099,0.028255236466908876
16.98,5.0,-0.005847318385875683,0.028235479555321536
16.990000000000002,5.0,-0.005851074967854443,0.028215743435615375
17.0,5.0,-0.005854822300338121,0.02819602807528273
17.01,5.0,-0.005858560403875564,0.028176333441884308
17.02,5.0,-0.0058622892989589085,0.028156659503049047
17.03,5.0,-0.005866009006023788,0.02813700622647393
17.04,5.0,-0.005869719545449502,0.028117373579923804
17.05,5.0,-0.005873420937559214,0.028097761531231207
17.06,5.0,-0.00587711320262014,0.028078170048296214
17.07,5.0,-0.00588079636084374,0.028058599099086236
17.080000000000002,5.0,-0.005884470432385893,0.02803904865163587
17.09,5.0,-0.005888135437347089,0.028019518674046714
17.1,5.0,-0.005891791395772621,0.028000009134487185
17.11,5.0,-0.005895438327652758,0.027980520001192406
17.12,5.0,-0.005899076252922934,0.027961051242463942
17.13,5.0,-0.0059027051914639275,0.027941602826669715
17.14,5.0,-0.005906325163102059,0.027922174722243787
17.150000000000002,5.0,-0.005909936187609345,0.027902766897686202
17.16,5.0,-0.005913538284703701,0.027883379321562842
17.17,5.0,-0.005917131474049116,0.02786401196250521
17.18,5.0,-0.005920715775255831,0.027844664789210317
17.19,5.0,-0.005924291207880513,0.027825337770440457
17.2,5.0,-0.005927857791426437,0.027806030875023112
17.21,5.0,-0.005931415545343676,0.02778674407185071
17.22,5.0,-0.00593496448902925,0.027767477329880524
17.23,5.0,-0.005938504641827327,0.027748230618134456
17.240000000000002,5.0,-0.005942036023029387,0.027729003905698917
17.25,5.0,-0.005945558651874396,0.02770979716172463
17.26,5.0,-0.005949072547548983,0.02769061035542648
17.27,5.0,-0.005952577729187618,0.027671443456083366
17.28,5.0,-0.005956074215872774,0.027652296433037987
17.29,5.0,-0.005959562026635108,0.027633169255696755
17.3,5.0,-0.0059630411804536265,0.027614061893529555
17.31,5.0,-0.0059665116962558575,0.027594974316069668
17.32,5.0,-0.0059699735929180245,0.02757590649291352
17.330000000000002,5.0,-0.005973426889265211,0.027556858393720587
17.34,5.0,-0.005976871604071532,0.027537829988213237
17.35,5.0,-0.005980307756060302,0.027518821246176505
17.36,5.0,-0.005983735363904195,0.027499832137458022
17.37,5.0,-0.005987154446225426,0.027480862631967768
17.38,5.0,-0.005990565021595904,0.027461912699678005
17.39,5.0,-0.005993967108537405,0.02744298231062304
17.400000000000002,5.0,-0.005997360725521732,0.027424071434899118
17.41,5.0,-0.006000745890970881,0.027405180042664255
17.42,5.0,-0.006004122623257209,0.027386308104138054
17.43,5.0,-0.006007490940703587,0.027367455589601603
17.44,5.0,-0.006010850861583572,0.02734862246939725
17.45,5.0,-0.006014202404121564,0.027329808713928542
17.46,5.0,-0.006017545586492969,0.02731101429365995
17.47,5.0,-0.006020880426824357,0.027292239179116846
17.48,5.0,-0.006024206943193629,0.02727348334088523
17.490000000000002,5.0,-0.0060275251536301595,0.027254746749611675
17.5,5.0,-0.0060308350761149754,0.02723602937600311
17.51,5.0,-0.006034136728580905,0.0272173311908267
17.52,5.0,-0.0060374301289127285,0.027198652164909666
17.53,5.0,-0.0060407152949473525,0.027179992269139176
17.54,5.0,-0.006043992244473946,0.027161351474462168
17.55,5.0,-0.006047260995234111,0.027142729751885173
17.56,5.0,-0.006050521564922029,0.027124127072474247
17.57,5.0,-0.006053773971184623,0.02710554340735472
17.580000000000002,5.0,-0.0060570182316217035,0.02708697872771111
17.59,5.0,-0.006060254363786128,0.027068433004787
17.6,5.0,-0.006063482385183947,0.027049906209884785
17.61,5.0,-0.006066702313274567,0.02703139831436565
17.62,5.0,-0.0060699141654708905,0.02701290928964932
17.63,5.0,-0.006073117959139474,0.026994439107213993
17.64,5.0,-0.006076313711600676,0.026975987738596118
17.650000000000002,5.0,-0.006079501440128806,0.026957555155390323
17.66,5.0,-0.006082681161952279,0.026939141329249225
17.67,5.0,-0.006085852894253757,0.026920746231883282
17.68,5.0,-0.0060890166541703,0.026902369835060676
17.69,5.0,-0.006092172458793516,0.02688401211060714
17.7,5.0,-0.006095320325169706,0.026865673030405848
17.71,5.0,-0.006098460270300013,0.02684735256639723
17.72,5.0,-0.00610159231114056,0.02682905069057887
17.73,5.0,-0.006104716464602608,0.026810767375005318
17.740000000000002,5.0,-0.006107832747552689,0.026792502591788007
17.75,5.0,-0.006110941176812753,0.02677425631309506
17.76,5.0,-0.006114041769160324,0.02675602851115116
17.77,5.0,-0.006117134541328624,0.026737819158237437
17.78,5.0,-0.00612021951000673,0.026719628226691276
17.79,5.0,-0.006123296691839707,0.02670145568890624
17.8,5.0,-0.00612636610342876,0.02668330151733187
17.81,5.0,-0.00612942776133136,0.0266651656844736
17.82,5.0,-0.006132481682061403,0.02664704816289256
17.830000000000002,5.0,-0.0061355278820893365,0.02662894892520549
17.84,5.0,-0.006138566377842301,0.026610867944084588
17.85,5.0,-0.006141597185704273,0.026592805192257332
17.86,5.0,-0.006144620322016199,0.02657476064250641
17.87,5.0,-0.006147635803076144,0.02655673426766952
17.88,5.0,-0.006150643645139412,0.026538726040639296
17.89,5.0,-0.006153643864418693,0.026520735934363087
17.900000000000002,5.0,-0.0061566364770842055,0.026502763921842924
17.91,5.0,-0.006159621499263817,0.026484809976135316
17.92,5.0,-0.0061625989470431896,0.026466874070351098
17.93,5.0,-0.0061655688364659145,0.02644895617765539
17.94,5.0,-0.006168531183533647,0.026431056271267336
17.95,5.0,-0.006171486004206233,0.026413174324460102
17.96,5.0,-0.006174433314401853,0.026395310310560628
17.97,5.0,-0.00617737312999714,0.026377464202949567
17.98,5.0,-0.006180305466827334,0.02635963597506112
17.990000000000002,5.0,-0.006183230340686394,0.02634182560038292
18.0,5.0,-0.006186147767327135,0.026324033052455897
18.01,5.0,-0.006189057762461371,0.026306258304874132
18.02,5.0,-0.006191960341760023,0.02628850133128474
18.03,5.0,-0.006194855520853267,0.026270762105387736
18.04,5.0,-0.006197743315330658,0.026253040600935904
18.05,5.0,-0.006200623740741258,0.02623533679173467
18.06,5.0,-0.0062034968125937616,0.026217650651641965
18.07,5.0,-0.006206362546356636,0.026199982154568095
18.080000000000002,5.0,-0.006209220957458235,0.026182331274475633
18.09,5.0,-0.006212072061286927,0.02616469798537927
18.1,5.0,-0.006214915873191235,0.02614708226134567
18.11,5.0,-0.006217752408479947,0.026129484076493393
18.12,5.0,-0.006220581682422252,0.026111903404992715
18.13,5.0,-0.006223403710247859,0.026094340221065545
18.14,5.0,-0.0062262185071471285,0.026076794498985246
18.150000000000002,5.0,-0.006229026088271189,0.02605926621307657
18.16,5.0,-0.006231826468732065,0.026041755337715494
18.17,5.0,-0.006234619663602803,0.02602426184732909
18.18,5.0,-0.0062374056879175846,0.02600678571639542
18.19,5.0,-0.006240184556671868,0.025989326919443393
18.2,5.0,-0.006242956284822485,0.025971885431052673
18.21,5.0,-0.006245720887287785,0.025954461225853497
18.22,5.0,-0.006248478378947739,0.025937054278526616
18.23,5.0,-0.0062512287746440765,0.025919664563803124
18.240000000000002,5.0,-0.006253972089180391,0.02590229205646435
18.25,5.0,-0.0062567083373222645,0.02588493673134176
18.26,5.0,-0.006259437533797397,0.025867598563316777
18.27,5.0,-0.0062621596932957106,0.025850277527320723
18.28,5.0,-0.006264874830469475,0.02583297359833464
18.29,5.0,-0.006267582959933425,0.025815686751389226
18.3,5.0,-0.006270284096264877,0.025798416961564645
18.31,5.0,-0.006272978254003851,0.02578116420399049
18.32,5.0,-0.006275665447653182,0.025763928453845578
18.330000000000002,5.0,-0.006278345691678636,0.025746709686357883
18.34,5.0,-0.006281019000509028,0.025729507876804416
18.35,5.0,-0.006283685388536344,0.025712323000511073
18.36,5.0,-0.006286344870115837,0.02569515503285254
18.37,5.0,-0.006288997459566167,0.025678003949252168
18.38,5.0,-0.006291643171169498,0.02566086972518187
18.39,5.0,-0.006294282019171612,0.025643752336161955
18.400000000000002,5.0,-0.0062969140177820335,0.025626651757761076
18.41,5.0,-0.0062995391811741285,0.02560956796559607
18.42,5.0,-0.006302157523485231,0.025592500935331847
18.43,5.0,-0.006304769058816743,0.025575450642681283
18.44,5.0,-0.006307373801234258,0.02555841706340508
18.45,5.0,-0.0063099717647676625,0.025541400173311697
18.46,5.0,-0.00631256296341125,0.025524399948257174
18.47,5.0,-0.006315147411123831,0.025507416364145077
18.48,5.0,-0.0063177251218288506,0.025490449396926327
18.490000000000002,5.0,-0.006320296109414485,0.025473499022599124
18.5,5.0,-0.00632286038773376,0.025456565217208828
18.51,5.0,-0.006325417970604664,0.025439647956847816
18.52,5.0,-0.006327968871810241,0.02542274721765541
18.53,5.0,-0.006330513105098713,0.025405862975817716
18.54,5.0,-0.006333050684183582,0.025388995207567572
18.55,5.0,-0.006335581622743742,0.025372143889184358
18.56,5.0,-0.006338105934423577,0.02535530899699397
18.57,5.0,-0.006340623632833075,0.025338490507368618
18.580000000000002,5.0,-0.006343134731547937,0.0253216883967268
18.59,5.0,-0.00634563924410967,0.025304902641533126
18.6,5.0,-0.006348137184025707,0.02528813321829823
18.61,5.0,-0.0063506285647695,0.02527138010357868
18.62,5.0,-0.0063531133997806405,0.025254643273976814
18.63,5.0,-0.006355591702464943,0.02523792270614069
18.64,5.0,-0.0063580634861945635,0.025221218376763926
18.650000000000002,5.0,-0.006360528764308107,0.025204530262585633
18.66,5.0,-0.0063629875501107075,0.025187858340390272
18.67,5.0,-0.006365439856874162,0.025171202587007557
18.68,5.0,-0.006367885697837006,0.02515456297931236
18.69,5.0,-0.006370325086204637,0.02513793949422456
18.7,5.0,-0.006372758035149397,0.025121332108709
18.71,5.0,-0.0063751845578106925,0.025104740799775312
18.72,5.0,-0.006377604667295076,0.02508816554447786
18.73,5.0,-0.006380018376676365,0.025071606319915604
18.740000000000002,5.0,-0.006382425698995731,0.025055063103232002
18.75,5.0,-0.006384826647261802,0.02503853587161491
18.76,5.0,-0.006387221234450765,0.02502202460229645
18.77,5.0,-0.006389609473506461,0.02500552927255295
18.78,5.0,-0.006391991377340487,0.024989049859704782
18.79,5.0,-0.006394366958832291,0.02497258634111631
18.8,5.0,-0.0063967362308292785,0.02495613869419574
18.81,5.0,-0.006399099206146896,0.024939706896395044
18.82,5.0,-0.006401455897568742,0.024923290925209837
18.830000000000002,5.0,-0.006403806317846658,0.02490689075817929
18.84,5.0,-0.006406150479700826,0.024890506372886034
18.85,5.0,-0.006408488395819868,0.024874137746956
18.86,5.0,-0.0064108200788609284,0.024857784858058386
18.87,5.0,-0.006413145541449795,0.024841447683905497
18.88,5.0,-0.00641546479618097,0.0248251262022527
18.89,5.0,-0.006417777855617781,0.02480882039089826
18.900000000000002,5.0,-0.006420084732292466,0.02479253022768329
18.91,5.0,-0.0064223854387062684,0.024776255690491605
18.92,5.0,-0.006424679987329544,0.02475999675724965
18.93,5.0,-0.006426968390601831,0.024743753405926393
18.94,5.0,-0.006429250660931973,0.024727525614533206
18.95,5.0,-0.006431526810698187,0.024711313361123803
18.96,5.0,-0.006433796852248165,0.024695116623794075
18.97,5.0,-0.0064360607978991655,0.024678935380682072
18.98,5.0,-0.006438318659938117,0.024662769609967827
18.990000000000002,5.0,-0.006440570450621688,0.0246466192898733
19.0,5.0,-0.006442816182176396,0.02463048439866228
19.01,5.0,-0.006445055866798692,0.024614364914640245
19.02,5.0,-0.00644728951665505,0.024598260816154318
19.03,5.0,-0.00644951714388206,0.024582172081593114
19.04,5.0,-0.0064517387605865185,0.024566098689386705
19.05,5.0,-0.0064539543788455205,0.02455004061800644
19.06,5.0,-0.0064561640107065376,0.02453399784596493
19.07,5.0,-0.006458367668187522,0.024517970351815885
19.080000000000002,5.0,-0.006460565363276988,0.02450195811415407
19.09,5.0,-0.006462757107934097,0.02448596111161516
19.1,5.0,-0.0064649429140887565,0.02446997932287567
19.11,5.0,-0.0064671227936416945,0.024454012726652867
19.12,5.0,-0.006469296758464561,0.02443806130170464
19.13,5.0,-0.006471464820400006,0.02442212502682944
19.14,5.0,-0.0064736269912617685,0.024406203880866152
19.150000000000002,5.0,-0.006475783282834764,0.024390297842694034
19.16,5.0,-0.006477933706875167,0.024374406891232592
19.17,5.0,-0.0064800782751105075,0.024358531005441497
19.18,5.0,-0.006482216999239746,0.024342670164320488
19.19,5.0,-0.006484349890933367,0.024326824346909283
19.2,5.0,-0.006486476961833454,0.02431099353228748
19.21,5.0,-0.006488598223553785,0.02429517769957446
19.22,5.0,-0.0064907136876799065,0.0242793768279293
19.23,5.0,-0.006492823365769239,0.024263590896550672
19.240000000000002,5.0,-0.006494927269351128,0.024247819884676763
19.25,5.0,-0.006497025409926958,0.02423206377158517
19.26,5.0,-0.00649911779897022,0.024216322536592796
19.27,5.0,-0.006501204447926594,0.024200596159055798
19.28,5.0,-0.006503285368214045,0.024184884618369443
19.29,5.0,-0.006505360571222887,0.024169187893968064
19.3,5.0,-0.006507430068315885,0.024153505965324926
19.31,5.0,-0.006509493870828316,0.02413783881195217
19.32,5.0,-0.0065115519900680735,0.024122186413400696
19.330000000000002,5.0,-0.006513604437315727,0.02410654874926009
19.34,5.0,-0.0065156512238246185,0.024090925799158527
19.35,5.0,-0.006517692360820935,0.024075317542762664
19.36,5.0,-0.006519727859503797,0.02405972395977759
19.37,5.0,-0.006521757731045328,0.02404414502994668
19.38,5.0,-0.006523781986590745,0.024028580733051568
19.39,5.0,-0.00652580063725843,0.024013031048912
19.400000000000002,5.0,-0.006527813694140016,0.023997495957385786
19.41,5.0,-0.00652982116830046,0.0239819754383687
19.42,5.0,-0.006531823070778129,0.023966469471794365
19.43,5.0,-0.006533819412584871,0.02395097803763421
19.44,5.0,-0.006535810204706103,0.02393550111589734
19.45,5.0,-0.006537795458100871,0.02392003868663048
19.46,5.0,-0.006539775183701959,0.023904590729917866
19.47,5.0,-0.006541749392415925,0.023889157225881162
19.48,5.0,-0.00654371809512322,0.02387373815467938
19.490000000000002,5.0,-0.006545681302678235,0.02385833349650879
19.5,5.0,-0.0065476390259093945,0.023842943231602833
19.51,5.0,-0.006549591275619219,0.023827567340232017
19.52,5.0,-0.00655153806258442,0.023812205802703875
19.53,5.0,-0.006553479397555954,0.023796858599362817
19.54,5.0,-0.0065554152912591195,0.023781525710590112
19.55,5.0,-0.006557345754393618,0.02376620711680374
19.56,5.0,-0.006559270797633629,0.02375090279845835
19.57,5.0,-0.006561190431627897,0.02373561273604514
19.580000000000002,5.0,-0.006563104666999793,0.023720336910091823
19.59,5.0,-0.006565013514347399,0.02370507530116249
19.6,5.0,-0.006566916984243571,0.02368982788985754
19.61,5.0,-0.006568815087236028,0.023674594656813625
19.62,5.0,-0.006570707833847409,0.023659375582703507
19.63,5.0,-0.006572595234575359,0.023644170648236054
19.64,5.0,-0.006574477299892598,0.023628979834156075
19.650000000000002,5.0,-0.006576354040246989,0.02361380312124429
19.66,5.0,-0.00657822546606162,0.02359864049031724
19.67,5.0,-0.006580091587734869,0.023583491922227168
19.68,5.0,-0.006581952415640478,0.02356835739786199
19.69,5.0,-0.006583807960127627,0.02355323689814517
19.7,5.0,-0.006585658231521004,0.023538130404035663
19.71,5.0,-0.006587503240120875,0.02352303789652781
19.72,5.0,-0.006589342996203155,0.023507959356651287
19.73,5.0,-0.006591177510019488,0.023492894765470985
19.740000000000002,5.0,-0.0065930067917973015,0.02347784410408697
19.75,5.0,-0.006594830851739891,0.023462807353634377
19.76,5.0,-0.006596649700026482,0.023447784495283317
19.77,5.0,-0.006598463346812301,0.023432775510238837
19.78,5.0,-0.006600271802228655,0.023417780379740794
19.79,5.0,-0.006602075076382982,0.023402799085063812
19.8,5.0,-0.006603873179358941,0.023387831607517173
19.81,5.0,-0.006605666121216463,0.023372877928444766
19.82,5.0,-0.006607453911991832,0.023357938029224964
19.830000000000002,5.0,-0.00660923656169775,0.02334301189127061
19.84,5.0,-0.006611014080323399,0.023328099496028865
19.85,5.0,-0.006612786477834525,0.023313200824981187
19.86,5.0,-0.006614553764173486,0.023298315859643218
19.87,5.0,-0.0066163159492593345,0.023283444581564717
19.88,5.0,-0.006618073042987875,0.023268586972329485
19.89,5.0,-0.0066198250552317395,0.02325374301355528
19.900000000000002,5.0,-0.006621571995840449,0.02323891268689374
19.91,5.0,-0.006623313874640479,0.02322409597403032
19.92,5.0,-0.006625050701435336,0.023209292856684178
19.93,5.0,-0.00662678248600561,0.023194503316608148
19.94,5.0,-0.006628509238109051,0.023179727335588617
19.95,5.0,-0.006630230967480625,0.023164964895445478
19.96,5.0,-0.006631947683832587,0.023150215978032032
19.97,5.0,-0.006633659396854553,0.02313548056523494
19.98,5.0,-0.006635366116213544,0.0231207586389741
19.990000000000002,5.0,-0.006637067851554075,0.02310605018120264
20.0,5.0,-0.0066387646124981955,0.02309135517390677
20.01,5.0,-0.006640456408645581,0.02307667359910574
20.02,5.0,-0.0066421432495735715,0.023062005438851788
20.03,5.0,-0.006643825144837255,0.02304735067523001
20.04,5.0,-0.006645502103969519,0.023032709290358333
20.05,5.0,-0.006647174136481117,0.023018081266387404
20.06,5.0,-0.006648841251860739,0.023003466585500565
20.07,5.0,-0.006650503459575064,0.022988865229913707
20.080000000000002,5.0,-0.00665216076906883,0.022974277181875266
20.09,5.0,-0.006653813189764894,0.022959702423666104
20.1,5.0,-0.006655460731064294,0.02294514093759945
20.11,5.0,-0.006657103402346317,0.022930592706020828
20.12,5.0,-0.006658741212968553,0.022916057711307974
20.13,5.0,-0.006660374172266962,0.022901535935870788
20.14,5.0,-0.0066620022895559315,0.02288702736215122
20.150000000000002,5.0,-0.006663625574128343,0.022872531972623237
20.16,5.0,-0.0066652440352556325,0.022858049749792726
20.17,5.0,-0.006666857682187847,0.02284358067619742
20.18,5.0,-0.006668466524153712,0.022829124734406857
20.19,5.0,-0.006670070570360686,0.02281468190702226
20.2,5.0,-0.006671669829995023,0.022800252176676507
20.21,5.0,-0.006673264312221838,0.02278583552603403
20.22,5.0,-0.006674854026185158,0.022771431937790774
20.23,5.0,-0.0066764389810079865,0.022757041394674084
20.240000000000002,5.0,-0.006678019185792365,0.02274266387944267
20.25,5.0,-0.006679594649619432,0.022728299374886535
20.26,5.0,-0.006681165381549478,0.02271394786382687
20.27,5.0,-0.006682731390622001,0.022699609329116015
20.28,5.0,-0.006684292685855789,0.02268528375363738
20.29,5.0,-0.006685849276248947,0.02267097112030538
20.3,5.0,-0.0066874011707789725,0.022656671412065343
20.31,5.0,-0.006688948378402815,0.022642384611893482
20.32,5.0,-0.006690490908056927,0.022628110702796772
20.330000000000002,5.0,-0.006692028768657326,0.02261384966781292
20.34,5.0,-0.00669356196909965,0.022599601490010293
20.35,5.0,-0.00669509051825922,0.022585366152487817
20.36,5.0,-0.0066966144249910944,0.02257114363837496
20.37,5.0,-0.00669813369813012,0.022556933930831604
20.38,5.0,-0.006699648346490994,0.02254273701304803
20.39,5.0,-0.006701158378868329,0.02252855286824481
20.400000000000002,5.0,-0.006702663804036697,0.02251438147967276
20.41,5.0,-0.006704164630750689,0.022500222830612874
20.42,5.0,-0.006705660867744976,0.02248607690437623
20.43,5.0,-0.006707152523734358,0.02247194368430397
20.44,5.0,-0.006708639607413828,0.022457823153767164
20.45,5.0,-0.006710122127458621,0.02244371529616683
20.46,5.0,-0.00671160009252427,0.02242962009493377
20.47,5.0,-0.0067130735112466665,0.022415537533528592
20.48,5.0,-0.0067145423922421125,0.022401467595441576
20.490000000000002,5.0,-0.006716006744107366,0.022387410264192643
20.5,5.0,-0.006717466575419716,0.0223733655233313
20.51,5.0,-0.006718921894737021,0.022359333356436518
20.52,5.0,-0.006720372710597766,0.02234531374711673
20.53,5.0,-0.006721819031521124,0.022331306679009715
20.54,5.0,-0.006723260866007001,0.022317312135782582
20.55,5.0,-0.006724698222536093,0.022303330101131637
20.56,5.0,-0.006726131109569944,0.022289360558782407
20.57,5.0,-0.006727559535550991,0.022275403492489475
20.580000000000002,5.0,-0.0067289835089026275,0.0222614588860365
20.59,5.0,-0.006730403038029245,0.0222475267232361
20.6,5.0,-0.006731818131316299,0.0222336069879298
20.61,5.0,-0.006733228797130352,0.022219699663988
20.62,5.0,-0.006734635043819125,0.022205804735309836
20.63,5.0,-0.006736036879711556,0.02219192218582321
20.64,5.0,-0.006737434313117857,0.022178051999484638
20.650000000000002,5.0,-0.006738827352329553,0.02216419416027925
20.66,5.0,-0.006740216005619538,0.022150348652220694
20.67,5.0,-0.0067416002812421385,0.022136515459351084
20.68,5.0,-0.006742980187433142,0.022122694565740928
20.69,5.0,-0.006744355732409875,0.02210888595548907
20.7,5.0,-0.006745726924371233,0.022095089612722642
20.71,5.0,-0.006747093771497747,0.02208130552159696
20.72,5.0,-0.0067484562819516165,0.022067533666295505
20.73,5.0,-0.006749814463876783,0.022053774031029837
20.740000000000002,5.0,-0.006751168325398959,0.022040026600039536
20.75,5.0,-0.0067525178746256935,0.02202629135759216
20.76,5.0,-0.006753863119646414,0.022012568287983134
20.77,5.0,-0.006755204068532484,0.021998857375535752
20.78,5.0,-0.006756540729337243,0.02198515860460105
20.79,5.0,-0.006757873110096061,0.021971471959557804
20.8,5.0,-0.006759201218826394,0.021957797424812422
20.81,5.0,-0.006760525063527822,0.021944134984798917
20.82,5.0,-0.006761844652182109,0.021930484623978813
20.830000000000002,5.0,-0.006763159992753248,0.021916846326841117
20.84,5.0,-0.006764471093187504,0.021903220077902245
20.85,5.0,-0.006765777961413471,0.021889605861705942
20.86,5.0,-0.006767080605342121,0.02187600366282326
20.87,5.0,-0.006768379032866844,0.021862413465852455
20.88,5.0,-0.0067696732518635035,0.02184883525541897
20.89,5.0,-0.006770963270190488,0.021835269016175336
20.900000000000002,5.0,-0.0067722490956887435,0.02182171473280113
20.91,5.0,-0.006773530736181839,0.021808172390002937
20.92,5.0,-0.006774808199476009,0.021794641972514236
20.93,5.0,-0.006776081493360191,0.021781123465095406
20.94,5.0,-0.006777350625606085,0.021767616852533592
20.95,5.0,-0.006778615603968198,0.02175412211964274
20.96,5.0,-0.006779876436183893,0.021740639251263436
20.97,5.0,-0.00678113312997342,0.021727168232262933
20.98,5.0,-0.0067823856930399875,0.021713709047535026
20.990000000000002,5.0,-0.00678363413306979,0.021700261682000045
21.0,5.0,-0.006784878457732066,0.021686826120604775
21.01,5.0,-0.006786118674679139,0.02167340234832239
21.02,5.0,-0.006787354791546463,0.0216599903501524
21.03,5.0,-0.0067885868159526675,0.0216465901111206
21.04,5.0,-0.006789814755499613,0.021633201616279022
21.05,5.0,-0.006791038617772425,0.021619824850705835
21.06,5.0,-0.0067922584103395425,0.021606459799505345
21.07,5.0,-0.006793474140752768,0.021593106447807892
21.080000000000002,5.0,-0.006794685816547313,0.02157976478076981
21.09,5.0,-0.006795893445241832,0.02156643478357339
21.1,5.0,-0.006797097034338485,0.02155311644142677
21.11,5.0,-0.006798296591322964,0.02153980973956394
21.12,5.0,-0.006799492123664554,0.021526514663244643
21.13,5.0,-0.006800683638816167,0.021513231197754338
21.14,5.0,-0.00680187114421439,0.02149995932840413
21.150000000000002,5.0,-0.006803054647279529,0.02148669904053073
21.16,5.0,-0.006804234155415654,0.021473450319496396
21.17,5.0,-0.006805409676010642,0.021460213150688853
21.18,5.0,-0.006806581216436216,0.021446987519521277
21.19,5.0,-0.006807748784048006,0.021433773411432207
21.2,5.0,-0.006808912386185568,0.021420570811885507
21.21,5.0,-0.0068100720301724465,0.021407379706370296
21.22,5.0,-0.0068112277233162094,0.02139420008040092
21.23,5.0,-0.006812379472908493,0.02138103191951686
21.240000000000002,5.0,-0.006813527286225043,0.021367875209282707
21.25,5.0,-0.0068146711705257615,0.021354729935288103
21.26,5.0,-0.006815811133054751,0.021341596083147656
21.27,5.0,-0.006816947181040346,0.021328473638500944
21.28,5.0,-0.006818079321695167,0.021315362587012388
21.29,5.0,-0.0068192075622161615,0.021302262914371272
21.3,5.0,-0.006820331909784639,0.021289174606291622
21.31,5.0,-0.00682145237156632,0.021276097648512217
21.32,5.0,-0.006822568954711374,0.021263032026796462
21.330000000000002,5.0,-0.0068236816663544714,0.02124997772693241
21.34,5.0,-0.006824790513614803,0.021236934734732656
21.35,5.0,-0.006825895503596147,0.021223903036034296
21.36,5.0,-0.006826996643386889,0.02121088261669889
21.37,5.0,-0.0068280939400600805,0.021197873462612385
21.38,5.0,-0.006829187400673475,0.02118487555968509
21.39,5.0,-0.006830277032269556,0.021171888893851583
21.400000000000002,5.0,-0.006831362841875595,0.021158913451070703
21.41,5.0,-0.006832444836503687,0.02114594921732548
21.42,5.0,-0.0068335230231507905,0.021132996178623062
21.43,5.0,-0.00683459740879876,0.021120054320994695
21.44,5.0,-0.006835668000414406,0.021107123630495644
21.45,5.0,-0.006836734804949509,0.021094204093205164
21.46,5.0,-0.006837797829340884,0.021081295695226435
21.47,5.0,-0.006838857080510408,0.021068398422686513
21.48,5.0,-0.0068399125653650595,0.021055512261736273
21.490000000000002,5.0,-0.006840964290796963,0.02104263719855037
21.5,5.0,-0.006842012263683425,0.021029773219327183
21.51,5.0,-0.006843056490886979,0.021016920310288748
21.52,5.0,-0.006844096979255412,0.021004078457680733
21.53,5.0,-0.006845133735621825,0.020991247647772365
21.54,5.0,-0.0068461667668046474,0.0209784278668564
21.55,5.0,-0.006847196079607699,0.02096561910124905
21.56,5.0,-0.0068482216808202065,0.020952821337289953
21.57,5.0,-0.006849243577216864,0.020940034561342094
21.580000000000002,5.0,-0.00685026177555786,0.0209272587597918
21.59,5.0,-0.00685127628258891,0.020914493919048652
21.6,5.0,-0.006852287105041313,0.020901740025545436
21.61,5.0,-0.00685329424963197,0.02088899706573812
21.62,5.0,-0.006854297723063437,0.020876265026105775
21.63,5.0,-0.006855297532023956,0.020863543893150545
21.64,5.0,-0.006856293683187494,0.020850833653397592
21.650000000000002,5.0,-0.006857286183213776,0.020838134293395035
21.66,5.0,-0.006858275038748339,0.02082544579971393
21.67,5.0,-0.006859260256422549,0.020812768158948176
21.68,5.0,-0.0068602418428536475,0.020800101357714523
21.69,5.0,-0.006861219804644796,0.020787445382652453
21.7,5.0,-0.006862194148385098,0.020774800220424206
21.71,5.0,-0.006863164880649652,0.020762165857714673
21.72,5.0,-0.006864132007999574,0.020749542281231388
21.73,5.0,-0.006865095536982047,0.020736929477704436
21.740000000000002,5.0,-0.006866055474130348,0.020724327433886452
21.75,5.0,-0.0068670118259638886,0.02071173613655255
21.76,5.0,-0.006867964598988252,0.020699155572500252
21.77,5.0,-0.006868913799695231,0.020686585728549502
21.78,5.0,-0.006869859434562861,0.020674026591542546
21.79,5.0,-0.006870801510055453,0.020661478148343935
21.8,5.0,-0.00687174003262364,0.02064894038584046
21.81,5.0,-0.006872675008704404,0.0206364132909411
21.82,5.0,-0.006873606444721118,0.020623896850576983
21.830000000000002,5.0,-0.006874534347083568,0.020611391051701334
21.84,5.0,-0.006875458722188013,0.02059889588128944
21.85,5.0,-0.0068763795764172,0.020586411326338573
21.86,5.0,-0.006877296916140399,0.020573937373867986
21.87,5.0,-0.006878210747713463,0.02056147401091882
21.88,5.0,-0.0068791210774788265,0.0205490212245541
21.89,5.0,-0.006880027911765573,0.02053657900185866
21.900000000000002,5.0,-0.006880931256889446,0.0205241473299391
21.91,5.0,-0.0068818311191529025,0.020511726195923757
21.92,5.0,-0.006882727504845137,0.02049931558696264
21.93,5.0,-0.006883620420242115,0.020486915490227398
21.94,5.0,-0.006884509871606618,0.020474525892911252
21.95,5.0,-0.006885395865188265,0.020462146782228987
21.96,5.0,-0.006886278407223554,0.020449778145416857
21.97,5.0,-0.006887157503935899,0.020437419969732595
21.98,5.0,-0.0068880331615356555,0.020425072242455315
21.990000000000002,5.0,-0.0068889053862201625,0.0204127349508855
22.0,5.0,-0.006889774184173771,0.02040040808234495
22.01,5.0,-0.006890639561567882,0.020388091624176725
22.02,5.0,-0.006891501524560975,0.020375785563745117
22.03,5.0,-0.006892360079298645,0.02036348988843559
22.04,5.0,-0.006893215231913641,0.020351204585654762
22.05,5.0,-0.006894066988525886,0.020338929642830298
22.06,5.0,-0.006894915355242524,0.020326665047410954
22.07,5.0,-0.006895760338157948,0.02031441078686646
22.080000000000002,5.0,-0.006896601943353826,0.02030216684868751
22.09,5.0,-0.006897440176899144,0.02028993322038571
22.1,5.0,-0.006898275044850238,0.020277709889493525
22.11,5.0,-0.0068991065532508205,0.020265496843564264
22.12,5.0,-0.006899934708132018,0.02025329407017199
22.13,5.0,-0.006900759515512404,0.02024110155691152
22.14,5.0,-0.006901580981398027,0.020228919291398362
22.150000000000002,5.0,-0.006902399111782447,0.02021674726126866
22.16,5.0,-0.006903213912646765,0.02020458545417918
22.17,5.0,-0.006904025389959653,0.02019243385780723
22.18,5.0,-0.006904833549677402,0.020180292459850667
22.19,5.0,-0.006905638397743929,0.020168161248027786
22.2,5.0,-0.0069064399400908276,0.020156040210077348
22.21,5.0,-0.006907238182637389,0.020143929333758474
22.22,5.0,-0.006908033131290643,0.020131828606850657
22.23,5.0,-0.0069088247919453834,0.020119738017153676
22.240000000000002,5.0,-0.006909613170484197,0.020107657552487578
22.25,5.0,-0.006910398272777506,0.02009558720069263
22.26,5.0,-0.0069111801046835885,0.020083526949629282
22.27,5.0,-0.006911958672048607,0.0200714767871781
22.28,5.0,-0.00691273398070666,0.02005943670123975
22.29,5.0,-0.006913506036479785,0.02004740667973496
22.3,5.0,-0.0069142748451780115,0.020035386710604442
22.31,5.0,-0.006915040412599382,0.020023376781808898
22.32,5.0,-0.006915802744529981,0.02001137688132893
22.330000000000002,5.0,-0.006916561846743973,0.01999938699716505
22.34,5.0,-0.006917317725003626,0.01998740711733759
22.35,5.0,-0.006918070385059347,0.01997543722988668
22.36,5.0,-0.006918819832649708,0.01996347732287223
22.37,5.0,-0.00691956607350148,0.019951527384373835
22.38,5.0,-0.006920309113329664,0.01993958740249079
22.39,5.0,-0.006921048957837513,0.01992765736534201
22.400000000000002,5.0,-0.006921785612716573,0.019915737261066022
22.41,5.0,-0.006922519083646702,0.019903827077820884
22.42,5.0,-0.006923249376296111,0.019891926803784175
22.43,5.0,-0.006923976496321389,0.019880036427152952
22.44,5.0,-0.0069247004493675195,0.019868155936143682
22.45,5.0,-0.00692542124106794,0.019856285318992247
22.46,5.0,-0.00692613887704454,0.019844424563953862
22.47,5.0,-0.006926853362907711,0.019832573659303063
22.48,5.0,-0.0069275647042563665,0.019820732593333633
22.490000000000002,5.0,-0.0069282729066779715,0.019808901354358612
22.5,5.0,-0.006928977975748576,0.01979707993071022
22.51,5.0,-0.006929679917032845,0.019785268310739814
22.52,5.0,-0.006930378736084074,0.019773466482817872
22.53,5.0,-0.006931074438444238,0.019761674435333942
22.54,5.0,-0.006931767029644002,0.0197498921566966
22.55,5.0,-0.006932456515202764,0.019738119635333406
22.56,5.0,-0.006933142900628677,0.01972635685969089
22.57,5.0,-0.006933826191418669,0.019714603818234464
22.580000000000002,5.0,-0.006934506393058493,0.019702860499448444
22.59,5.0,-0.006935183511022727,0.019691126891835966
22.6,5.0,-0.006935857550774833,0.01967940298391895
22.61,5.0,-0.006936528517767162,0.019667688764238096
22.62,5.0,-0.0069371964174409885,0.0196559842213528
22.63,5.0,-0.006937861255226543,0.01964428934384115
22.64,5.0,-0.006938523036543036,0.01963260412029986
22.650000000000002,5.0,-0.006939181766798685,0.019620928539344256
22.66,5.0,-0.006939837451390746,0.019609262589608233
22.67,5.0,-0.006940490095705534,0.019597606259744185
22.68,5.0,-0.006941139705118462,0.019585959538423018
22.69,5.0,-0.006941786284994054,0.01957432241433407
22.7,5.0,-0.0069424298406859895,0.019562694876185102
22.71,5.0,-0.006943070377537113,0.019551076912702234
22.72,5.0,-0.006943707900879473,0.01953946851262993
22.73,5.0,-0.006944342416034348,0.01952786966473094
22.740000000000002,5.0,-0.006944973928312269,0.01951628035778628
22.75,5.0,-0.006945602443013046,0.01950470058059519
22.76,5.0,-0.006946227965425802,0.01949313032197508
22.77,5.0,-0.006946850500828996,0.01948156957076153
22.78,5.0,-0.006947470054490448,0.019470018315808194
22.79,5.0,-0.006948086631667363,0.01945847654598683
22.8,5.0,-0.006948700237606368,0.019446944250187212
22.81,5.0,-0.006949310877543528,0.01943542141731712
22.82,5.0,-0.006949918556704376,0.01942390803630228
22.830000000000002,5.0,-0.006950523280303945,0.019412404096086362
22.84,5.0,-0.006951125053546779,0.01940090958563091
22.85,5.0,-0.006951723881626982,0.019389424493915317
22.86,5.0,-0.006952319769728222,0.019377948809936797
22.87,5.0,-0.006952912723023767,0.019366482522710327
22.88,5.0,-0.006953502746676516,0.01935502562126865
22.89,5.0,-0.006954089845839014,0.019343578094662174
22.900000000000002,5.0,-0.006954674025653483,0.01933213993195901
22.91,5.0,-0.006955255291251852,0.019320711122244896
22.92,5.0,-0.006955833647755771,0.019309291654623136
22.93,5.0,-0.006956409100276653,0.01929788151821463
22.94,5.0,-0.006956981653915683,0.019286480702157778
22.95,5.0,-0.006957551313763854,0.01927508919560848
22.96,5.0,-0.006958118084901986,0.019263706987740072
22.97,5.0,-0.006958681972400761,0.019252334067743335
22.98,5.0,-0.006959242981320736,0.019240970424826403
22.990000000000002,5.0,-0.006959801116712375,0.01922961604821476
23.0,5.0,-0.006960356383616074,0.019218270927151223
23.01,5.0,-0.006960908787062181,0.019206935050895848
23.02,5.0,-0.006961458332071027,0.01919560840872596
23.03,5.0,-0.006962005023652952,0.019184290989936067
23.04,5.0,-0.00696254886680832,0.019172982783837864
23.05,5.0,-0.006963089866527555,0.019161683779760165
23.06,5.0,-0.006963628027791156,0.0191503939670489
23.07,5.0,-0.006964163355569727,0.01913911333506704
23.080000000000002,5.0,-0.006964695854824004,0.019127841873194606
23.09,5.0,-0.00696522553050487,0.019116579570828615
23.1,5.0,-0.006965752387553389,0.01910532641738302
23.11,5.0,-0.0069662764309008285,0.019094082402288735
23.12,5.0,-0.006966797665468675,0.019082847514993534
23.13,5.0,-0.006967316096168669,0.01907162174496207
23.14,5.0,-0.006967831727902826,0.01906040508167581
23.150000000000002,5.0,-0.0069683445655634516,0.019049197514633007
23.16,5.0,-0.006968854614033183,0.01903799903334868
23.17,5.0,-0.006969361878184998,0.019026809627354563
23.18,5.0,-0.006969866362882239,0.019015629286199074
23.19,5.0,-0.006970368072978648,0.01900445799944728
23.2,5.0,-0.006970867013318381,0.018993295756680892
23.21,5.0,-0.006971363188736032,0.018982142547498172
23.22,5.0,-0.006971856604056662,0.018970998361513964
23.23,5.0,-0.006972347264095814,0.01895986318835961
23.240000000000002,5.0,-0.006972835173659544,0.018948737017682956
23.25,5.0,-0.006973320337544442,0.018937619839148285
23.26,5.0,-0.006973802760537653,0.018926511642436306
23.27,5.0,-0.0069742824474169005,0.018915412417244117
23.28,5.0,-0.006974759402950513,0.018904322153285153
23.29,5.0,-0.006975233631897443,0.01889324084028919
23.3,5.0,-0.006975705139007295,0.018882168468002274
23.31,5.0,-0.006976173929020341,0.01887110502618672
23.32,5.0,-0.0069766400066675486,0.018860050504621046
23.330000000000002,5.0,-0.006977103376670599,0.018849004893099968
23.34,5.0,-0.00697756404374192,0.018837968181434368
23.35,5.0,-0.006978022012584699,0.018826940359451233
23.36,5.0,-0.006978477287892905,0.018815921416993654
23.37,5.0,-0.006978929874351317,0.018804911343920767
23.38,5.0,-0.006979379776635542,0.01879391013010775
23.39,5.0,-0.006979826999412041,0.018782917765445765
23.400000000000002,5.0,-0.006980271547338148,0.018771934239841935
23.41,5.0,-0.006980713425062092,0.01876095954321932
23.42,5.0,-0.0069811526372230235,0.01874999366551687
23.43,5.0,-0.00698158918845103,0.018739036596689407
23.44,5.0,-0.006982023083367166,0.018728088326707578
23.45,5.0,-0.006982454326583468,0.018717148845557845
23.46,5.0,-0.006982882922702977,0.018706218143242432
23.47,5.0,-0.0069833088763197665,0.018695296209779298
23.48,5.0,-0.0069837321920189575,0.018684383035202118
23.490000000000002,5.0,-0.006984152874376741,0.018673478609560232
23.5,5.0,-0.0069845709279604045,0.018662582922918648
23.51,5.0,-0.0069849863573283495,0.018651695965357953
23.52,5.0,-0.006985399167030116,0.01864081772697435
23.53,5.0,-0.006985809361606395,0.018629948197879557
23.54,5.0,-0.006986216945589063,0.01861908736820084
23.55,5.0,-0.006986621923501195,0.018608235228080947
23.56,5.0,-0.006987024299857087,0.018597391767678075
23.57,5.0,-0.006987424079162279,0.01858655697716585
23.580000000000002,5.0,-0.006987821265913576,0.018575730846733304
23.59,5.0,-0.0069882158645990676,0.018564913366584827
23.6,5.0,-0.006988607879698147,0.018554104526940136
23.61,5.0,-0.006988997315681538,0.018543304318034266
23.62,5.0,-0.006989384177011307,0.018532512730117513
23.63,5.0,-0.006989768468140898,0.01852172975345543
23.64,5.0,-0.006990150193515136,0.01851095537832876
23.650000000000002,5.0,-0.006990529357570264,0.018500189595033453
23.66,5.0,-0.006990905964733946,0.0184894323938806
23.67,5.0,-0.00699128001942531,0.01847868376519641
23.68,5.0,-0.006991651526054945,0.018467943699322184
23.69,5.0,-0.006992020489024938,0.018457212186614294
23.7,5.0,-0.0069923869127288905,0.018446489217444146
23.71,5.0,-0.006992750801551931,0.01843577478219812
23.72,5.0,-0.006993112159870748,0.018425068871277605
23.73,5.0,-0.006993470992053599,0.018414371475098903
23.740000000000002,5.0,-0.006993827302460341,0.01840368258409325
23.75,5.0,-0.006994181095442438,0.018393002188706757
23.76,5.0,-0.006994532375342996,0.01838233027940038
23.77,5.0,-0.0069948811464967675,0.018371666846649915
23.78,5.0,-0.006995227413230185,0.018361011880945934
23.79,5.0,-0.006995571179861374,0.0183503653727938
23.8,5.0,-0.006995912450700172,0.01833972731271358
23.81,5.0,-0.006996251230048149,0.018329097691240085
23.82,5.0,-0.006996587522198633,0.01831847649892276
23.830000000000002,5.0,-0.0069969213314367215,0.018307863726325743
23.84,5.0,-0.006997252662039306,0.018297259364027763
23.85,5.0,-0.006997581518275091,0.01828666340262215
23.86,5.0,-0.00699790790440461,0.018276075832716798
23.87,5.0,-0.006998231824680247,0.01826549664493412
23.88,5.0,-0.006998553283346263,0.018254925829911058
23.89,5.0,-0.006998872284638802,0.018244363378299006
23.900000000000002,5.0,-0.00699918883278592,0.018233809280763822
23.91,5.0,-0.006999502932007601,0.01822326352798578
23.92,5.0,-0.006999814586515778,0.018212726110659532
23.93,5.0,-0.007000123800514348,0.01820219701949411
23.94,5.0,-0.007000430578199195,0.01819167624521287
23.95,5.0,-0.007000734923758207,0.018181163778553472
23.96,5.0,-0.007001036841371298,0.018170659610267856
23.97,5.0,-0.00700133633521042,0.01816016373112221
23.98,5.0,-0.007001633409439591,0.01814967613189695
23.990000000000002,5.0,-0.007001928068214909,0.01813919680338668
24.0,5.0,-0.007002220315684566,0.018128725736400172
24.01,5.0,-0.007002510155988876,0.01811826292176032
24.02,5.0,-0.00700279759326029,0.018107808350304153
24.03,5.0,-0.007003082631623407,0.018097362012882763
24.04,5.0,-0.007003365275195012,0.018086923900361315
24.05,5.0,-0.007003645528084065,0.01807649400361897
24.060000000000002,5.0,-0.007003923394391752,0.018066072313548922
24.07,5.0,-0.007004198878211475,0.018055658821058317
24.080000000000002,5.0,-0.007004471983628893,0.01804525351706825
24.09,5.0,-0.007004742714721924,0.01803485639251374
24.1,5.0,-0.007005011075560771,0.01802446743834368
24.11,5.0,-0.007005277070207939,0.01801408664552084
24.12,5.0,-0.007005540702718252,0.018003714005021817
24.13,5.0,-0.007005801977138871,0.017993349507837028
24.14,5.0,-0.007006060897509314,0.017982993144970653
24.150000000000002,5.0,-0.007006317467861473,0.017972644907440643
24.16,5.0,-0.00700657169221963,0.01796230478627867
24.17,5.0,-0.007006823574600476,0.017951972772530102
24.18,5.0,-0.007007073119013133,0.017941648857253998
24.19,5.0,-0.007007320329459163,0.01793133303152304
24.2,5.0,-0.007007565209932593,0.017921025286423548
24.21,5.0,-0.0070078077644199314,0.017910725613055428
24.22,5.0,-0.007008047996900181,0.017900434002532162
24.23,5.0,-0.007008285911344866,0.017890150445980767
24.240000000000002,5.0,-0.007008521511718035,0.017879874934541764
24.25,5.0,-0.007008754801976299,0.01786960745936919
24.26,5.0,-0.007008985786068822,0.01785934801163052
24.27,5.0,-0.0070092144679373665,0.017849096582506677
24.28,5.0,-0.007009440851516289,0.017838853163191976
24.29,5.0,-0.007009664940732573,0.017828617744894148
24.3,5.0,-0.007009886739505829,0.017818390318834247
24.310000000000002,5.0,-0.007010106251748331,0.01780817087624668
24.32,5.0,-0.007010323481365016,0.017797959408379155
24.330000000000002,5.0,-0.007010538432253522,0.01778775590649266
24.34,5.0,-0.00701075110830418,0.017777560361861438
24.35,5.0,-0.007010961513400045,0.01776737276577295
24.36,5.0,-0.007011169651416919,0.017757193109527874
24.37,5.0,-0.00701137552622335,0.017747021384440054
24.38,5.0,-0.007011579141680668,0.017736857581836504
24.39,5.0,-0.007011780501642986,0.017726701693057335
24.400000000000002,5.0,-0.007011979609957228,0.01771655370945578
24.41,5.0,-0.007012176470463138,0.017706413622398144
24.42,5.0,-0.007012371086993304,0.017696281423263776
24.43,5.0,-0.007012563463373161,0.01768615710344506
24.44,5.0,-0.007012753603421031,0.01767604065434736
24.45,5.0,-0.007012941510948114,0.01766593206738904
24.46,5.0,-0.0070131271897585215,0.017655831334001393
24.47,5.0,-0.007013310643649284,0.017645738445628646
24.48,5.0,-0.007013491876410372,0.017635653393727916
24.490000000000002,5.0,-0.007013670891824715,0.01762557616976921
24.5,5.0,-0.007013847693668206,0.017615506765235375
24.51,5.0,-0.007014022285709734,0.01760544517162207
24.52,5.0,-0.007014194671711185,0.017595391380437787
24.53,5.0,-0.007014364855427465,0.017585345383203752
24.54,5.0,-0.007014532840606522,0.01757530717145398
24.55,5.0,-0.007014698630989353,0.017565276736735184
24.560000000000002,5.0,-0.0070148622303100195,0.017555254070606794
24.57,5.0,-0.007015023642295671,0.017545239164640916
24.580000000000002,5.0,-0.007015182870666556,0.017535232010422296
24.59,5.0,-0.007015339919136039,0.017525232599548322
24.6,5.0,-0.007015494791410613,0.01751524092362898
24.61,5.0,-0.007015647491189925,0.017505256974286842
24.62,5.0,-0.007015798022166777,0.01749528074315702
24.63,5.0,-0.007015946388027157,0.01748531222188718
24.64,5.0,-0.007016092592450243,0.017475351402137476
24.650000000000002,5.0,-0.007016236639108426,0.01746539827558056
24.66,5.0,-0.00701637853166732,0.017455452833901527
24.67,5.0,-0.007016518273785782,0.01744551506879792
24.68,5.0,-0.007016655869115925,0.0174355849719797
24.69,5.0,-0.007016791321303133,0.017425662535169188
24.7,5.0,-0.00701692463398608,0.017415747750101105
24.71,5.0,-0.0070170558107967435,0.017405840608522488
24.72,5.0,-0.007017184855360414,0.017395941102192697
24.73,5.0,-0.007017311771295722,0.017386049222883386
24.740000000000002,5.0,-0.007017436562214639,0.01737616496237848
24.75,5.0,-0.00701755923172251,0.01736628831247415
24.76,5.0,-0.00701767978341805,0.017356419264978787
24.77,5.0,-0.007017798220893376,0.017346557811712987
24.78,5.0,-0.007017914547734007,0.01733670394450951
24.79,5.0,-0.007018028767518891,0.017326857655213287
24.8,5.0,-0.007018140883820414,0.017317018935681362
24.810000000000002,5.0,-0.007018250900204414,0.017307187777782895
24.82,5.0,-0.0070183588202302,0.017297364173399127
24.830000000000002,5.0,-0.007018464647450568,0.017287548114423356
24.84,5.0,-0.007018568385411807,0.01727773959276093
24.85,5.0,-0.007018670037653723,0.017267938600329193
24.86,5.0,-0.007018769607709648,0.017258145129057493
24.87,5.0,-0.007018867099106458,0.01724835917088714
24.88,5.0,-0.007018962515364589,0.017238580717771398
24.89,5.0,-0.007019055859998045,0.017228809761675443
24.900000000000002,5.0,-0.007019147136514416,0.017219046294576358
24.91,5.0,-0.007019236348414904,0.017209290308463115
24.92,5.0,-0.007019323499194308,0.017199541795336514
24.93,5.0,-0.007019408592341077,0.017189800747209216
24.94,5.0,-0.0070194916313372924,0.017180067156105674
24.95,5.0,-0.007019572619658696,0.017170341014062136
24.96,5.0,-0.00701965156077471,0.017160622313126612
24.97,5.0,-0.007019728458148434,0.017150911045358864
24.98,5.0,-0.007019803315236677,0.017141207202830355
24.990000000000002,5.0,-0.00701987613548996,0.01713151077762427
25.0,5.0,-0.007019946922352537,0.017121821761835458
25.01,5.0,-0.00702001567926241,0.017112140147570423
25.02,5.0,-0.007020082409651327,0.017102465926947304
25.03,5.0,-0.007020147116944825,0.017092799092095847
25.04,5.0,-0.007020209804562216,0.01708313963515739
25.05,5.0,-0.007020270475916615,0.017073487548284833
25.060000000000002,5.0,-0.0070203291344149545,0.01706384282364262
25.07,5.0,-0.007020385783457995,0.01705420545340673
25.080000000000002,5.0,-0.007020440426440335,0.017044575429764623
25.09,5.0,-0.007020493066750434,0.01703495274491525
25.1,5.0,-0.007020543707770621,0.017025337391069022
25.11,5.0,-0.0070205923528771095,0.01701572936044778
25.12,5.0,-0.007020639005440008,0.017006128645284776
25.13,5.0,-0.007020683668823333,0.016996535237824663
25.14,5.0,-0.007020726346385035,0.016986949130323455
25.150000000000002,5.0,-0.007020767041476998,0.01697737031504853
25.16,5.0,-0.007020805757445055,0.016967798784278586
25.17,5.0,-0.007020842497629012,0.016958234530303616
25.18,5.0,-0.007020877265362647,0.016948677545424926
25.19,5.0,-0.007020910063973732,0.01693912782195506
25.2,5.0,-0.0070209408967840505,0.01692958535221783
25.21,5.0,-0.007020969767109398,0.016920050128548237
25.22,5.0,-0.0070209966782596115,0.01691052214329252
25.23,5.0,-0.0070210216335385624,0.016901001388808068
25.240000000000002,5.0,-0.007021044636244191,0.016891487857463448
25.25,5.0,-0.007021065689668509,0.01688198154163836
25.26,5.0,-0.007021084797097609,0.01687248243372361
25.27,5.0,-0.007021101961811684,0.01686299052612112
25.28,5.0,-0.007021117187085049,0.016853505811243872
25.29,5.0,-0.0070211304761861265,0.016844028281515905
25.3,5.0,-0.007021141832377494,0.016834557929372298
25.310000000000002,5.0,-0.007021151258915873,0.016825094747259135
25.32,5.0,-0.0070211587590521445,0.016815638727633503
25.330000000000002,5.0,-0.007021164336031379,0.016806189862963446
25.34,5.0,-0.007021167993092826,0.016796748145727975
25.35,5.0,-0.007021169733469945,0.016787313568417027
25.36,5.0,-0.0070211695603904075,0.016777886123531437
25.37,5.0,-0.007021167477076119,0.016768465803582946
25.38,5.0,-0.007021163486743219,0.016759052601094164
25.39,5.0,-0.00702115759260211,0.016749646508598535
25.400000000000002,5.0,-0.007021149797857456,0.01674024751864035
25.41,5.0,-0.007021140105708203,0.0167308556237747
25.42,5.0,-0.007021128519347589,0.01672147081656746
25.43,5.0,-0.007021115041963157,0.016712093089595294
25.44,5.0,-0.007021099676736766,0.016702722435445582
25.45,5.0,-0.007021082426844611,0.016693358846716463
25.46,5.0,-0.007021063295457224,0.01668400231601676
25.47,5.0,-0.007021042285739494,0.01667465283596601
25.48,5.0,-0.007021019400850681,0.016665310399194392
25.490000000000002,5.0,-0.007020994643944417,0.01665597499834275
25.5,5.0,-0.007020968018168738,0.016646646626062557
25.51,5.0,-0.007020939526666075,0.016637325275015886
25.52,5.0,-0.007020909172573282,0.016628010937875408
25.53,5.0,-0.007020876959021644,0.01661870360732436
25.54,5.0,-0.007020842889136879,0.016609403276056527
25.55,5.0,-0.007020806966039166,0.01660010993677622
25.560000000000002,5.0,-0.007020769192843152,0.016590823582198277
25.57,5.0,-0.007020729572657956,0.016581544205048017
25.580000000000002,5.0,-0.007020688108587195,0.016572271798061224
25.59,5.0,-0.00702064480372898,0.016563006353984146
25.6,5.0,-0.007020599661175943,0.016553747865573457
25.61,5.0,-0.007020552684015243,0.016544496325596254
25.62,5.0,-0.007020503875328576,0.01653525172683001
25.63,5.0,-0.007020453238192183,0.016526014062062593
25.64,5.0,-0.00702040077567688,0.016516783324092215
25.650000000000002,5.0,-0.0070203464908480465,0.01650755950572743
25.66,5.0,-0.0070202903867656544,0.016498342599787108
25.67,5.0,-0.007020232466484271,0.016489132599100412
25.68,5.0,-0.007020172733053077,0.0164799294965068
25.69,5.0,-0.00702011118951587,0.016470733284855966
25.7,5.0,-0.0070200478389110844,0.01646154395700787
25.71,5.0,-0.0070199826842718,0.01645236150583268
25.72,5.0,-0.007019915728625753,0.016443185924210773
25.73,5.0,-0.0070198469749953515,0.016434017205032708
25.740000000000002,5.0,-0.007019776426397673,0.016424855341199206
25.75,5.0,-0.0070197040858445015,0.016415700325621153
25.76,5.0,-0.0070196299563423156,0.016406552151219545
25.77,5.0,-0.007019554040892312,0.01639741081092549
25.78,5.0,-0.007019476342490409,0.016388276297680193
25.79,5.0,-0.007019396864127269,0.016379148604434936
25.8,5.0,-0.0070193156087883,0.01637002772415104
25.810000000000002,5.0,-0.007019232579453673,0.01636091364979987
25.82,5.0,-0.007019147779098332,0.01635180637436283
25.830000000000002,5.0,-0.0070190612106919995,0.01634270589083127
25.84,5.0,-0.007018972877199199,0.01633361219220657
25.85,5.0,-0.007018882781579257,0.016324525271500055
25.86,5.0,-0.0070187909267863165,0.016315445121732986
25.87,5.0,-0.007018697315769352,0.016306371735936555
25.88,5.0,-0.007018601951472173,0.01629730510715187
25.89,5.0,-0.007018504836833446,0.016288245228429903
25.900000000000002,5.0,-0.0070184059747866985,0.016279192092831535
25.91,5.0,-0.007018305368260327,0.016270145693427465
25.92,5.0,-0.007018203020177616,0.016261106023298243
25.93,5.0,-0.007018098933456741,0.016252073075534234
25.94,5.0,-0.007017993111010795,0.016243046843235596
25.95,5.0,-0.007017885555747774,0.01623402731951228
25.96,5.0,-0.007017776270570613,0.016225014497483987
25.97,5.0,-0.00701766525837718,0.016216008370280165
25.98,5.0,-0.0070175525220603,0.016207008931039997
25.990000000000002,5.0,-0.007017438064507751,0.016198016172912364
26.0,5.0,-0.007017321888602288,0.016189030089055857
26.01,5.0,-0.007017203997221648,0.01618005067263871
26.02,5.0,-0.007017084393238563,0.01617107791683885
26.03,5.0,-0.007016963079520768,0.01616211181484381
26.04,5.0,-0.007016840058931011,0.01615315235985077
26.05,5.0,-0.007016715334327068,0.016144199545066497
26.060000000000002,5.0,-0.007016588908561754,0.01613525336370734
26.07,5.0,-0.007016460784482925,0.01612631380899924
26.080000000000002,5.0,-0.007016330964933503,0.01611738087417766
26.09,5.0,-0.007016199452751471,0.016108454552487623
26.1,5.0,-0.007016066250769892,0.01609953483718364
26.11,5.0,-0.007015931361816925,0.016090621721529752
26.12,5.0,-0.007015794788715822,0.016081715198799456
26.13,5.0,-0.00701565653428495,0.016072815262275726
26.14,5.0,-0.007015516601337793,0.016063921905250977
26.150000000000002,5.0,-0.00701537499268297,0.016055035121027062
26.16,5.0,-0.0070152317111242405,0.01604615490291524
26.17,5.0,-0.0070150867594605155,0.01603728124423616
26.18,5.0,-0.00701494014048587,0.016028414138319874
26.19,5.0,-0.007014791856989552,0.01601955357850576
26.2,5.0,-0.00701464191175599,0.01601069955814257
26.21,5.0,-0.00701449030756481,0.01600185207058837
26.22,5.0,-0.0070143370471908405,0.015993011109210538
26.23,5.0,-0.007014182133404124,0.015984176667385747
26.240000000000002,5.0,-0.007014025568969922,0.015975348738499946
26.25,5.0,-0.00701386735664874,0.015966527315948352
26.26,5.0,-0.007013707499196321,0.01595771239313541
26.27,5.0,-0.007013545999363667,0.015948903963474807
26.28,5.0,-0.007013382859897039,0.015940102020389424
26.29,5.0,-0.007013218083537978,0.01593130655731135
26.3,5.0,-0.007013051673023307,0.015922517567681847
26.310000000000002,5.0,-0.007012883631085148,0.015913735044951333
26.32,5.0,-0.007012713960450921,0.015904958982579372
26.330000000000002,5.0,-0.0070125426638433675,0.01589618937403465
26.34,5.0,-0.00701236974398055,0.015887426212794976
26.35,5.0,-0.0070121952035758625,0.015878669492347234
26.36,5.0,-0.007012019045338053,0.015869919206187407
26.37,5.0,-0.007011841271971216,0.015861175347820524
26.38,5.0,-0.007011661886174813,0.015852437910760665
26.39,5.0,-0.007011480890643679,0.015843706888530932
26.400000000000002,5.0,-0.007011298288068031,0.015834982274663453
26.41,5.0,-0.007011114081133485,0.01582626406269934
26.42,5.0,-0.007010928272521056,0.015817552246188683
26.43,5.0,-0.007010740864907166,0.01580884681869055
26.44,5.0,-0.007010551860963679,0.015800147773772946
26.45,5.0,-0.00701036126335787,0.015791455105012807
26.46,5.0,-0.007010169074752464,0.015782768805995984
26.47,5.0,-0.007009975297805645,0.01577408887031724
26.48,5.0,-0.007009779935171047,0.0157654152915802
26.490000000000002,5.0,-0.007009582989497777,0.01575674806339737
26.5,5.0,-0.00700938446343043,0.015748087179390115
26.51,5.0,-0.007009184359609083,0.015739432633188617
26.52,5.0,-0.007008982680669317,0.015730784418431894
26.53,5.0,-0.007008779429242215,0.01572214252876775
26.54,5.0,-0.007008574607954384,0.0157135069578528
26.55,5.0,-0.007008368219427961,0.015704877699352412
26.560000000000002,5.0,-0.0070081602662806115,0.01569625474694072
26.57,5.0,-0.007007950751125554,0.015687638094300602
26.580000000000002,5.0,-0.00700773967657156,0.015679027735123648
26.59,5.0,-0.0070075270452229655,0.015670423663110174
26.6,5.0,-0.007007312859679684,0.015661825871969178
26.61,5.0,-0.00700709712253721,0.015653234355418343
26.62,5.0,-0.0070068798363866315,0.015644649107184015
26.63,5.0,-0.007006661003814636,0.01563607012100118
26.64,5.0,-0.007006440627403529,0.015627497390613466
26.650000000000002,5.0,-0.007006218709731227,0.015618930909773112
26.66,5.0,-0.007005995253371286,0.015610370672240968
26.67,5.0,-0.007005770260892893,0.01560181667178645
26.68,5.0,-0.0070055437348608834,0.015593268902187568
26.69,5.0,-0.0070053156778357535,0.01558472735723086
26.7,5.0,-0.007005086092373664,0.015576192030711441
26.71,5.0,-0.007004854981026452,0.015567662916432919
26.72,5.0,-0.007004622346341633,0.015559140008207422
26.73,5.0,-0.007004388190862423,0.015550623299855576
26.740000000000002,5.0,-0.007004152517127733,0.015542112785206482
26.75,5.0,-0.007003915327672188,0.015533608458097712
26.76,5.0,-0.007003676625026135,0.015525110312375278
26.77,5.0,-0.007003436411715647,0.015516618341893636
26.78,5.0,-0.007003194690262535,0.015508132540515649
26.79,5.0,-0.007002951463184355,0.0154996529021126
26.8,5.0,-0.007002706732994424,0.015491179420564148
26.810000000000002,5.0,-0.007002460502201813,0.01548271208975833
26.82,5.0,-0.007002212773311376,0.015474250903591547
26.830000000000002,5.0,-0.007001963548823744,0.015465795855968542
26.84,5.0,-0.00700171283123534,0.01545734694080239
26.85,5.0,-0.007001460623038381,0.015448904152014472
26.86,5.0,-0.007001206926720898,0.015440467483534483
26.87,5.0,-0.007000951744766736,0.015432036929300397
26.88,5.0,-0.007000695079655567,0.015423612483258457
26.89,5.0,-0.007000436933862893,0.015415194139363162
26.900000000000002,5.0,-0.00700017730986006,0.015406781891577261
26.91,5.0,-0.006999916210114268,0.015398375733871726
26.92,5.0,-0.006999653637088573,0.015389975660225735
26.93,5.0,-0.006999389593241896,0.015381581664626677
26.94,5.0,-0.006999124081029045,0.015373193741070107
26.95,5.0,-0.0069988571029007025,0.015364811883559771
26.96,5.0,-0.00699858866130345,0.015356436086107551
26.97,5.0,-0.006998318758679771,0.015348066342733481
26.98,5.0,-0.006998047397468057,0.015339702647465715
26.990000000000002,5.0,-0.0069977745801026205,0.015331344994340518
27.0,5.0,-0.006997500309013699,0.01532299337740226
27.01,5.0,-0.0069972245866274695,0.015314647790703387
27.02,5.0,-0.00699694741536605,0.015306308228304416
27.03,5.0,-0.006996668797647511,0.015297974684273916
27.04,5.0,-0.0069963887358858836,0.015289647152688506
27.05,5.0,-0.006996107232491172,0.015281325627632816
27.060000000000002,5.0,-0.006995824289869349,0.0152730101031995
27.07,5.0,-0.006995539910422384,0.01526470057348921
27.080000000000002,5.0,-0.00699525409654823,0.015256397032610567
27.09,5.0,-0.006994966850640847,0.015248099474680187
27.1,5.0,-0.006994678175090204,0.01523980789382262
27.11,5.0,-0.00699438807228229,0.01523152228417037
27.12,5.0,-0.006994096544599118,0.015223242639863865
27.13,5.0,-0.006993803594418737,0.015214968955051445
27.14,5.0,-0.006993509224115239,0.015206701223889351
27.150000000000002,5.0,-0.006993213436058764,0.01519843944054172
27.16,5.0,-0.006992916232615513,0.015190183599180547
27.17,5.0,-0.006992617616147756,0.015181933693985693
27.18,5.0,-0.006992317589013833,0.015173689719144868
27.19,5.0,-0.0069920161535681705,0.015165451668853597
27.2,5.0,-0.006991713312161287,0.015157219537315251
27.21,5.0,-0.006991409067139793,0.01514899331874097
27.22,5.0,-0.0069911034208464135,0.015140773007349714
27.23,5.0,-0.006990796375619985,0.015132558597368203
27.240000000000002,5.0,-0.006990487933795469,0.015124350083030922
27.25,5.0,-0.006990178097703951,0.015116147458580113
27.26,5.0,-0.006989866869672661,0.015107950718265744
27.27,5.0,-0.006989554252024975,0.015099759856345513
27.28,5.0,-0.006989240247080421,0.015091574867084819
27.29,5.0,-0.006988924857154687,0.015083395744756766
27.3,5.0,-0.0069886080845596365,0.01507522248364213
27.310000000000002,5.0,-0.006988289931603305,0.015067055078029362
27.32,5.0,-0.006987970400589915,0.01505889352221457
27.330000000000002,5.0,-0.006987649493819885,0.015050737810501494
27.34,5.0,-0.006987327213589829,0.015042587937201516
27.35,5.0,-0.00698700356219257,0.015034443896633618
27.36,5.0,-0.0069866785419171505,0.015026305683124396
27.37,5.0,-0.006986352155048834,0.01501817329100803
27.38,5.0,-0.006986024403869118,0.015010046714626277
27.39,5.0,-0.0069856952906557366,0.015001925948328455
27.400000000000002,5.0,-0.006985364817682668,0.014993810986471429
27.41,5.0,-0.00698503298722015,0.014985701823419606
27.42,5.0,-0.006984699801534677,0.014977598453544912
27.43,5.0,-0.006984365262889016,0.014969500871226782
27.44,5.0,-0.006984029373542211,0.014961409070852145
27.45,5.0,-0.006983692135749587,0.01495332304681543
27.46,5.0,-0.006983353551762762,0.014945242793518512
27.47,5.0,-0.006983013623829654,0.014937168305370745
27.48,5.0,-0.006982672354194488,0.014929099576788915
27.490000000000002,5.0,-0.006982329745097803,0.014921036602197246
27.5,5.0,-0.006981985798776459,0.014912979376027384
27.51,5.0,-0.00698164051746364,0.014904927892718373
27.52,5.0,-0.006981293903388878,0.014896882146716658
27.53,5.0,-0.0069809459587780376,0.014888842132476056
27.54,5.0,-0.006980596685853335,0.014880807844457765
27.55,5.0,-0.0069802460868333555,0.014872779277130321
27.560000000000002,5.0,-0.006979894163933035,0.014864756424969618
27.57,5.0,-0.006979540919363695,0.014856739282458878
27.580000000000002,5.0,-0.00697918635533303,0.01484872784408863
27.59,5.0,-0.006978830474045121,0.014840722104356715
27.6,5.0,-0.006978473277700453,0.014832722057768264
27.61,5.0,-0.006978114768495898,0.014824727698835688
27.62,5.0,-0.006977754948624748,0.014816739022078664
27.63,5.0,-0.006977393820276709,0.014808756022024123
27.64,5.0,-0.00697703138563791,0.01480077869320624
27.650000000000002,5.0,-0.006976667646890909,0.014792807030166414
27.66,5.0,-0.006976302606214704,0.01478484102745327
27.67,5.0,-0.006975936265784734,0.01477688067962263
27.68,5.0,-0.006975568627772895,0.014768925981237505
27.69,5.0,-0.006975199694347538,0.014760976926868091
27.7,5.0,-0.006974829467673482,0.014753033511091756
27.71,5.0,-0.006974457949912014,0.01474509572849301
27.72,5.0,-0.006974085143220911,0.014737163573663517
27.73,5.0,-0.006973711049754428,0.014729237041202062
27.740000000000002,5.0,-0.006973335671663318,0.014721316125714558
27.75,5.0,-0.006972959011094834,0.01471340082181402
27.76,5.0,-0.0069725810701927364,0.014705491124120548
27.77,5.0,-0.006972201851097304,0.01469758702726134
27.78,5.0,-0.00697182135594533,0.014689688525870645
27.79,5.0,-0.006971439586870146,0.014681795614589786
27.8,5.0,-0.0069710565460016135,0.01467390828806712
27.810000000000002,5.0,-0.006970672235466132,0.014666026540958036
27.82,5.0,-0.006970286657386662,0.014658150367924958
27.830000000000002,5.0,-0.006969899813882709,0.014650279763637298
27.84,5.0,-0.006969511707070347,0.014642414722771486
27.85,5.0,-0.006969122339062222,0.014634555240010921
27.86,5.0,-0.00696873171196755,0.014626701310045986
27.87,5.0,-0.0069683398278921355,0.01461885292757402
27.88,5.0,-0.006967946688938371,0.014611010087299304
27.89,5.0,-0.006967552297205245,0.014603172783933067
27.900000000000002,5.0,-0.006967156654788354,0.014595341012193468
27.91,5.0,-0.006966759763779899,0.014587514766805565
27.92,5.0,-0.006966361626268698,0.01457969404250132
27.93,5.0,-0.006965962244340202,0.014571878834019602
27.94,5.0,-0.00696556162007648,0.014564069136106132
27.95,5.0,-0.006965159755556246,0.014556264943513525
27.96,5.0,-0.0069647566528548525,0.014548466251001226
27.97,5.0,-0.006964352314044306,0.014540673053335545
27.98,5.0,-0.006963946741193269,0.014532885345289605
27.990000000000002,5.0,-0.006963539936367067,0.014525103121643361
28.0,5.0,-0.0069631319016276935,0.014517326377183573
28.01,5.0,-0.00696272263903382,0.014509555106703795
28.02,5.0,-0.0069623121506408,0.01450178930500437
28.03,5.0,-0.00696190043850068,0.014494028966892412
28.04,5.0,-0.006961487504662201,0.0144862740871818
28.05,5.0,-0.006961073351170801,0.014478524660693156
28.060000000000002,5.0,-0.0069606579800686325,0.014470780682253851
28.07,5.0,-0.006960241393394563,0.01446304214669798
28.080000000000002,5.0,-0.006959823593184183,0.014455309048866353
28.09,5.0,-0.006959404581469803,0.014447581383606486
28.1,5.0,-0.006958984360280481,0.014439859145772584
28.11,5.0,-0.006958562931642007,0.014432142330225547
28.12,5.0,-0.006958140297576918,0.014424430931832929
28.13,5.0,-0.006957716460104511,0.014416724945468955
28.14,5.0,-0.00695729142124084,0.014409024366014494
28.150000000000002,5.0,-0.00695686518299872,0.01440132918835705
28.16,5.0,-0.006956437747387748,0.014393639407390765
28.17,5.0,-0.006956009116414296,0.014385955018016379
28.18,5.0,-0.0069555792920815195,0.014378276015141246
28.19,5.0,-0.0069551482763893675,0.014370602393679304
28.2,5.0,-0.0069547160713345855,0.014362934148551082
28.21,5.0,-0.006954282678910725,0.01435527127468367
28.22,5.0,-0.006953848101108148,0.014347613767010724
28.23,5.0,-0.006953412339914031,0.014339961620472444
28.240000000000002,5.0,-0.006952975397312373,0.014332314830015564
28.25,5.0,-0.006952537275284003,0.01432467339059335
28.26,5.0,-0.0069520979758065865,0.01431703729716558
28.27,5.0,-0.006951657500854629,0.014309406544698536
28.28,5.0,-0.006951215852399481,0.01430178112816499
28.29,5.0,-0.00695077303240935,0.0142941610425442
28.3,5.0,-0.006950329042849299,0.014286546282821885
28.310000000000002,5.0,-0.006949883885681262,0.014278936843990243
28.32,5.0,-0.006949437562864043,0.014271332721047907
28.330000000000002,5.0,-0.006948990076353316,0.014263733908999944
28.34,5.0,-0.006948541428101653,0.014256140402857867
28.35,5.0,-0.006948091620058503,0.014248552197639583
28.36,5.0,-0.006947640654170219,0.014240969288369425
28.37,5.0,-0.006947188532380051,0.014233391670078109
28.38,5.0,-0.006946735256628161,0.014225819337802741
28.39,5.0,-0.006946280828851619,0.014218252286586791
28.400000000000002,5.0,-0.006945825250984424,0.014210690511480105
28.41,5.0,-0.006945368524957491,0.014203134007538877
28.42,5.0,-0.0069449106526986715,0.014195582769825639
28.43,5.0,-0.006944451636132754,0.014188036793409254
28.44,5.0,-0.006943991477181473,0.014180496073364912
28.45,5.0,-0.006943530177763507,0.014172960604774111
28.46,5.0,-0.006943067739794492,0.014165430382724631
28.47,5.0,-0.006942604165187026,0.01415790540231057
28.48,5.0,-0.006942139455850677,0.014150385658632286
28.490000000000002,5.0,-0.0069416736136919815,0.014142871146796404
28.5,5.0,-0.006941206640614452,0.014135361861915817
28.51,5.0,-0.00694073853851859,0.014127857799109649
28.52,5.0,-0.0069402693093018894,0.01412035895350328
28.53,5.0,-0.006939798954858835,0.014112865320228296
28.54,5.0,-0.006939327477080915,0.014105376894422511
28.55,5.0,-0.006938854877856627,0.01409789367122994
28.560000000000002,5.0,-0.006938381159071477,0.014090415645800793
28.57,5.0,-0.006937906322607998,0.01408294281329147
28.580000000000002,5.0,-0.00693743037034574,0.014075475168864536
28.59,5.0,-0.006936953304161286,0.014068012707688721
28.6,5.0,-0.0069364751259282575,0.014060555424938916
28.61,5.0,-0.006935995837517315,0.01405310331579615
28.62,5.0,-0.006935515440796165,0.014045656375447581
28.63,5.0,-0.006935033937629573,0.0140382145990865
28.64,5.0,-0.006934551329879357,0.014030777981912303
28.650000000000002,5.0,-0.006934067619404403,0.014023346519130488
28.66,5.0,-0.006933582808060662,0.01401592020595265
28.67,5.0,-0.006933096897701168,0.014008499037596468
28.68,5.0,-0.006932609890176033,0.014001083009285686
28.69,5.0,-0.006932121787332451,0.013993672116250109
28.7,5.0,-0.006931632591014714,0.013986266353725609
28.71,5.0,-0.006931142303064209,0.013978865716954074
28.72,5.0,-0.006930650925319428,0.013971470201183453
28.73,5.0,-0.006930158459615972,0.013964079801667697
28.740000000000002,5.0,-0.006929664907786551,0.013956694513666771
28.75,5.0,-0.006929170271661002,0.013949314332446653
28.76,5.0,-0.006928674553066283,0.013941939253279302
28.77,5.0,-0.0069281777538264845,0.013934569271442666
28.78,5.0,-0.00692767987576283,0.013927204382220655
28.79,5.0,-0.00692718092069369,0.013919844580903156
28.8,5.0,-0.006926680890434578,0.013912489862785994
28.810000000000002,5.0,-0.006926179786798159,0.013905140223170947
28.82,5.0,-0.006925677611594262,0.013897795657365724
28.830000000000002,5.0,-0.00692517436662987,0.013890456160683948
28.84,5.0,-0.006924670053709143,0.01388312172844517
28.85,5.0,-0.006924164674633409,0.01387579235597483
28.86,5.0,-0.006923658231201179,0.013868468038604271
28.87,5.0,-0.006923150725208147,0.013861148771670714
28.88,5.0,-0.006922642158447199,0.013853834550517264
28.89,5.0,-0.00692213253270841,0.013846525370492876
28.900000000000002,5.0,-0.006921621849779064,0.013839221226952367
28.91,5.0,-0.006921110111443645,0.013831922115256407
28.92,5.0,-0.00692059731948385,0.01382462803077149
28.93,5.0,-0.006920083475678594,0.013817338968869941
28.94,5.0,-0.006919568581804012,0.013810054924929897
28.95,5.0,-0.006919052639633462,0.013802775894335309
28.96,5.0,-0.006918535650937542,0.01379550187247592
28.97,5.0,-0.006918017617484082,0.013788232854747265
28.98,5.0,-0.006917498541038153,0.013780968836550651
28.990000000000002,5.0,-0.006916978423362081,0.013773709813293155
29.0,5.0,-0.006916457266215437,0.013766455780387625
29.01,5.0,-0.006915935071355053,0.013759206733252633
29.02,5.0,-0.0069154118405350285,0.013751962667312528
29.03,5.0,-0.006914887575506721,0.013744723577997348
29.04,5.0,-0.0069143622780187715,0.01373748946074289
29.05,5.0,-0.006913835949817095,0.013730260310990637
29.060000000000002,5.0,-0.006913308592644891,0.013723036124187788
29.07,5.0,-0.0069127802082426465,0.013715816895787235
29.080000000000002,5.0,-0.006912250798348144,0.013708602621247547
29.09,5.0,-0.0069117203646964645,0.01370139329603297
29.1,5.0,-0.006911188909019994,0.013694188915613418
29.11,5.0,-0.006910656433048425,0.013686989475464467
29.12,5.0,-0.006910122938508763,0.013679794971067328
29.13,5.0,-0.006909588427125341,0.013672605397908854
29.14,5.0,-0.006909052900619802,0.013665420751481529
29.150000000000002,5.0,-0.006908516360711132,0.013658241027283451
29.16,5.0,-0.0069079788091156455,0.013651066220818343
29.17,5.0,-0.006907440247546992,0.013643896327595507
29.18,5.0,-0.006906900677716169,0.013636731343129855
29.19,5.0,-0.006906360101331525,0.013629571262941865
29.2,5.0,-0.006905818520098758,0.013622416082557607
29.21,5.0,-0.006905275935720927,0.0136152657975087
29.22,5.0,-0.006904732349898456,0.01360812040333233
29.23,5.0,-0.006904187764329135,0.013600979895571222
29.240000000000002,5.0,-0.00690364218070813,0.01359384426977364
29.25,5.0,-0.00690309560072798,0.013586713521493378
29.26,5.0,-0.006902548026078618,0.013579587646289745
29.27,5.0,-0.006901999458447355,0.013572466639727568
29.28,5.0,-0.006901449899518899,0.013565350497377168
29.29,5.0,-0.006900899350975354,0.01355823921481436
29.3,5.0,-0.00690034781449623,0.013551132787620447
29.310000000000002,5.0,-0.006899795291758444,0.0135440312113822
29.32,5.0,-0.006899241784436323,0.013536934481691864
29.330000000000002,5.0,-0.006898687294201611,0.013529842594147131
29.34,5.0,-0.006898131822723478,0.013522755544351147
29.35,5.0,-0.006897575371668515,0.013515673327912495
29.36,5.0,-0.006897017942700748,0.013508595940445189
29.37,5.0,-0.00689645953748164,0.013501523377568665
29.38,5.0,-0.00689590015767009,0.013494455634907776
29.39,5.0,-0.006895339804922449,0.013487392708092766
29.400000000000002,5.0,-0.006894778480892517,0.013480334592759288
29.41,5.0,-0.006894216187231543,0.013473281284548371
29.42,5.0,-0.006893652925588242,0.013466232779106432
29.43,5.0,-0.006893088697608792,0.013459189072085249
29.44,5.0,-0.0068925235049368426,0.013452150159141961
29.45,5.0,-0.00689195734921351,0.013445116035939064
29.46,5.0,-0.006891390232077397,0.013438086698144388
29.47,5.0,-0.006890822155164586,0.013431062141431109
29.48,5.0,-0.006890253120108643,0.013424042361477716
29.490000000000002,5.0,-0.006889683128540638,0.013417027353968027
29.5,5.0,-0.006889112182089121,0.013410017114591164
29.51,5.0,-0.006888540282380162,0.013403011639041541
29.52,5.0,-0.006887967431037325,0.013396010923018883
29.53,5.0,-0.006887393629681686,0.013389014962228173
29.54,5.0,-0.006886818879931841,0.01338202375237969
29.55,5.0,-0.0068862431834039025,0.01337503728918896
29.560000000000002,5.0,-0.006885666541711509,0.013368055568376787
29.57,5.0,-0.006885088956465829,0.01336107858566921
29.580000000000002,5.0,-0.006884510429275559,0.01335410633679751
29.59,5.0,-0.006883930961746941,0.013347138817498203
29.6,5.0,-0.006883350555483755,0.013340176023513024
29.61,5.0,-0.006882769212087326,0.013333217950588932
29.62,5.0,-0.00688218693315654,0.013326264594478086
29.63,5.0,-0.006881603720287828,0.013319315950937846
29.64,5.0,-0.0068810195750751875,0.013312372015730758
29.650000000000002,5.0,-0.006880434499110179,0.013305432784624555
29.66,5.0,-0.006879848493981934,0.013298498253392145
29.67,5.0,-0.006879261561277159,0.013291568417811596
29.68,5.0,-0.00687867370258013,0.013284643273666132
29.69,5.0,-0.00687808491947272,0.013277722816744131
29.7,5.0,-0.006877495213534378,0.01327080704283911
29.71,5.0,-0.006876904586342149,0.013263895947749713
29.72,5.0,-0.006876313039470671,0.013256989527279717
29.73,5.0,-0.0068757205744921866,0.013250087777238006
29.740000000000002,5.0,-0.006875127192976539,0.013243190693438574
29.75,5.0,-0.006874532896491183,0.013236298271700525
29.76,5.0,-0.0068739376866011875,0.013229410507848031
29.77,5.0,-0.006873341564869235,0.013222527397710375
29.78,5.0,-0.006872744532855632,0.01321564893712189
29.79,5.0,-0.0068721465921183136,0.013208775121921992
29.8,5.0,-0.006871547744212842,0.013201905947955148
29.810000000000002,5.0,-0.006870947990692419,0.013195041411070882
29.82,5.0,-0.006870347333107881,0.013188181507123753
29.830000000000002,5.0,-0.006869745773007708,0.013181326231973359
29.84,5.0,-0.006869143311938033,0.013174475581484327
29.85,5.0,-0.006868539951442636,0.013167629551526299
29.86,5.0,-0.006867935693062954,0.013160788137973925
29.87,5.0,-0.006867330538338085,0.01315395133670686
29.88,5.0,-0.006866724488804795,0.01314711914360976
29.89,5.0,-0.0068661175459975125,0.013140291554572255
29.900000000000002,5.0,-0.006865509711448348,0.01313346856548896
29.91,5.0,-0.006864900986687081,0.013126650172259472
29.92,5.0,-0.0068642913732411765,0.01311983637078833
29.93,5.0,-0.006863680872635785,0.01311302715698504
29.94,5.0,-0.006863069486393747,0.013106222526764055
29.95,5.0,-0.006862457216035597,0.013099422476044764
29.96,5.0,-0.006861844063079569,0.013092627000751486
29.97,5.0,-0.0068612300290415975,0.013085836096813476
29.98,5.0,-0.006860615115435324,0.013079049760164881
29.990000000000002,5.0,-0.0068599993237721014,0.01307226798674478
30.0,5.0,-0.006859382655561,0.013065490772497143
30.01,5.0,-0.006858765112308802,0.013058718113370822
30.02,5.0,-0.006858146695520022,0.013051950005319576
30.03,5.0,-0.00685752740669689,0.013045186444302016
30.04,5.0,-0.006856907247339382,0.013038427426281642
30.05,5.0,-0.006856286218945196,0.013031672947226803
30.060000000000002,5.0,-0.006855664323009777,0.013024923003110712
30.07,5.0,-0.006855041561026313,0.013018177589911419
30.080000000000002,5.0,-0.006854417934485733,0.013011436703611814
30.09,5.0,-0.00685379344487673,0.013004700340199626
30.1,5.0,-0.006853168093685739,0.012997968495667395
30.11,5.0,-0.0068525418823969595,0.012991241166012486
30.12,5.0,-0.006851914812492362,0.012984518347237064
30.13,5.0,-0.006851286885451674,0.012977800035348104
30.14,5.0,-0.0068506581027523985,0.012971086226357367
30.150000000000002,5.0,-0.006850028465869818,0.012964376916281396
30.16,5.0,-0.006849397976276989,0.012957672101141526
30.17,5.0,-0.006848766635444753,0.01295097177696384
30.18,5.0,-0.006848134444841742,0.012944275939779206
30.19,5.0,-0.006847501405934378,0.012937584585623234
30.2,5.0,-0.006846867520186873,0.012930897710536281
30.21,5.0,-0.0068462327890612485,0.012924215310563453
30.22,5.0,-0.006845597214017319,0.012917537381754583
30.23,5.0,-0.006844960796512716,0.012910863920164224
30.240000000000002,5.0,-0.0068443235380028725,0.012904194921851657
30.25,5.0,-0.006843685439941044,0.01289753038288087
30.26,5.0,-0.0068430465037783,0.012890870299320548
30.27,5.0,-0.006842406730963536,0.012884214667244083
30.28,5.0,-0.006841766122943472,0.01287756348272954
30.29,5.0,-0.0068411246811626615,0.012870916741859683
30.3,5.0,-0.006840482407063485,0.012864274440721931
30.310000000000002,5.0,-0.006839839302086173,0.012857636575408383
30.32,5.0,-0.006839195367668788,0.012851003142015791
30.330000000000002,5.0,-0.006838550605247242,0.01284437413664556
30.34,5.0,-0.006837905016255294,0.012837749555403734
30.35,5.0,-0.006837258602124566,0.012831129394401005
30.36,5.0,-0.006836611364284525,0.01282451364975269
30.37,5.0,-0.0068359633041625055,0.012817902317578716
30.38,5.0,-0.006835314423183705,0.012811295394003644
30.39,5.0,-0.006834664722771192,0.012804692875156632
30.400000000000002,5.0,-0.006834014204345907,0.012798094757171447
30.41,5.0,-0.006833362869326664,0.012791501036186441
30.42,5.0,-0.00683271071913016,0.012784911708344553
30.43,5.0,-0.006832057755170972,0.012778326769793307
30.44,5.0,-0.006831403978861569,0.012771746216684797
30.45,5.0,-0.006830749391612308,0.01276517004517568
30.46,5.0,-0.006830093994831444,0.012758598251427172
30.47,5.0,-0.006829437789925129,0.012752030831605041
30.48,5.0,-0.006828780778297414,0.012745467781879594
30.490000000000002,5.0,-0.00682812296135026,0.01273890909842568
30.5,5.0,-0.006827464340483539,0.01273235477742268
30.51,5.0,-0.006826804917095031,0.012725804815054484
30.52,5.0,-0.00682614469258044,0.012719259207509515
30.53,5.0,-0.006825483668333384,0.01271271795098069
30.54,5.0,-0.0068248218457454095,0.012706181041665435
30.55,5.0,-0.00682415922620599,0.012699648475765669
30.560000000000002,5.0,-0.006823495811102531,0.012693120249487794
30.57,5.0,-0.006822831601820374,0.0126865963590427
30.580000000000002,5.0,-0.0068221665997427955,0.012680076800645746
30.59,5.0,-0.006821500806251021,0.012673561570516757
30.6,5.0,-0.006820834222724216,0.012667050664880018
30.61,5.0,-0.0068201668505395024,0.012660544079964267
30.62,5.0,-0.006819498691071948,0.012654041812002689
30.63,5.0,-0.006818829745694582,0.012647543857232905
30.64,5.0,-0.006818160015778394,0.01264105021189697
30.650000000000002,5.0,-0.00681748950269234,0.012634560872241364
30.66,5.0,-0.006816818207803337,0.012628075834516986
30.67,5.0,-0.006816146132476279,0.012621595094979144
30.68,5.0,-0.0068154732780740315,0.012615118649887548
30.69,5.0,-0.00681479964595744,0.012608646495506312
30.7,5.0,-0.006814125237485335,0.01260217862810394
30.71,5.0,-0.006813450054014526,0.012595715043953312
30.72,5.0,-0.006812774096899813,0.012589255739331702
30.73,5.0,-0.006812097367493993,0.012582800710520732
30.740000000000002,5.0,-0.006811419867147855,0.012576349953806406
30.75,5.0,-0.006810741597210189,0.012569903465479081
30.76,5.0,-0.006810062559027786,0.012563461241833454
30.77,5.0,-0.006809382753945446,0.012557023279168583
30.78,5.0,-0.006808702183305975,0.012550589573787848
30.79,5.0,-0.006808020848450198,0.01254416012199897
30.8,5.0,-0.00680733875071695,0.01253773492011398
30.810000000000002,5.0,-0.006806655891443092,0.012531313964449236
30.82,5.0,-0.0068059722719635085,0.012524897251325415
30.830000000000002,5.0,-0.006805287893611105,0.012518484777067476
30.84,5.0,-0.006804602757716826,0.012512076538004688
30.85,5.0,-0.00680391686560964,0.012505672530470609
30.86,5.0,-0.006803230218616564,0.01249927275080308
30.87,5.0,-0.006802542818062649,0.01249287719534422
30.88,5.0,-0.00680185466527099,0.012486485860440415
30.89,5.0,-0.006801165761562731,0.012480098742442323
30.900000000000002,5.0,-0.006800476108257068,0.012473715837704846
30.91,5.0,-0.006799785706671251,0.012467337142587154
30.92,5.0,-0.0067990945581205865,0.012460962653452643
30.93,5.0,-0.006798402663918442,0.012454592366668965
30.94,5.0,-0.006797710025376252,0.012448226278607989
30.95,5.0,-0.0067970166438035134,0.012441864385645816
30.96,5.0,-0.0067963225205078005,0.012435506684162762
30.970000000000002,5.0,-0.0067956276567947595,0.012429153170543359
30.98,5.0,-0.006794932053968111,0.012422803841176342
30.990000000000002,5.0,-0.006794235713329664,0.012416458692454644
31.0,5.0,-0.006793538636179304,0.012410117720775394
31.01,5.0,-0.0067928408238150115,0.0124037809225399
31.02,5.0,-0.006792142277532848,0.01239744829415366
31.03,5.0,-0.006791442998626981,0.012391119832026334
31.04,5.0,-0.006790742988389673,0.012384795532571763
31.05,5.0,-0.006790042248111276,0.012378475392207933
31.060000000000002,5.0,-0.006789340779080261,0.012372159407356994
31.07,5.0,-0.006788638582583199,0.012365847574445246
31.080000000000002,5.0,-0.006787935659904771,0.012359539889903121
31.09,5.0,-0.006787232012327775,0.012353236350165194
31.1,5.0,-0.006786527641133123,0.012346936951670166
31.11,5.0,-0.006785822547599852,0.012340641690860861
31.12,5.0,-0.006785116733005117,0.012334350564184218
31.13,5.0,-0.006784410198624206,0.012328063568091291
31.14,5.0,-0.00678370294573053,0.012321780699037232
31.150000000000002,5.0,-0.006782994975595639,0.012315501953481292
31.16,5.0,-0.006782286289489212,0.012309227327886816
31.17,5.0,-0.006781576888679081,0.012302956818721232
31.18,5.0,-0.0067808667744312075,0.012296690422456045
31.19,5.0,-0.006780155948009705,0.01229042813556684
31.2,5.0,-0.006779444410676836,0.01228416995453326
31.21,5.0,-0.006778732163693015,0.012277915875839011
31.220000000000002,5.0,-0.006778019208316809,0.012271665895971852
31.23,5.0,-0.006777305545804949,0.012265420011423596
31.240000000000002,5.0,-0.0067765911774123255,0.012259178218690095
31.25,5.0,-0.006775876104391991,0.01225294051427123
31.26,5.0,-0.006775160327995169,0.012246706894670917
31.27,5.0,-0.006774443849471254,0.012240477356397099
31.28,5.0,-0.006773726670067819,0.01223425189596173
31.29,5.0,-0.006773008791030603,0.012228030509880777
31.3,5.0,-0.006772290213603537,0.012221813194674217
31.310000000000002,5.0,-0.00677157093902873,0.012215599946866015
31.32,5.0,-0.006770850968546479,0.012209390762984147
31.330000000000002,5.0,-0.0067701303033952664,0.012203185639560552
31.34,5.0,-0.006769408944811782,0.012196984573131175
31.35,5.0,-0.006768686894030891,0.012190787560235916
31.36,5.0,-0.006767964152285676,0.012184594597418656
31.37,5.0,-0.0067672407208074084,0.01217840568122723
31.38,5.0,-0.006766516600825572,0.012172220808213443
31.39,5.0,-0.0067657917935678566,0.012166039974933037
31.400000000000002,5.0,-0.006765066300260162,0.012159863177945705
31.41,5.0,-0.006764340122126608,0.012153690413815081
31.42,5.0,-0.006763613260389524,0.012147521679108729
31.43,5.0,-0.0067628857162694645,0.012141356970398141
31.44,5.0,-0.006762157490985205,0.012135196284258729
31.45,5.0,-0.006761428585753749,0.012129039617269825
31.46,5.0,-0.00676069900179033,0.012122886966014663
31.470000000000002,5.0,-0.00675996874030841,0.012116738327080386
31.48,5.0,-0.006759237802519693,0.012110593697058039
31.490000000000002,5.0,-0.006758506189634112,0.012104453072542546
31.5,5.0,-0.006757773902859851,0.012098316450132728
31.51,5.0,-0.0067570409434033335,0.012092183826431277
31.52,5.0,-0.006756307312469228,0.012086055198044772
31.53,5.0,-0.006755573011260459,0.012079930561583647
31.54,5.0,-0.006754838040978197,0.012073809913662206
31.55,5.0,-0.006754102402821875,0.01206769325089861
31.560000000000002,5.0,-0.006753366097989186,0.012061580569914866
31.57,5.0,-0.006752629127676077,0.012055471867336834
31.580000000000002,5.0,-0.0067518914930767655,0.012049367139794208
31.59,5.0,-0.0067511531953837346,0.012043266383920512
31.6,5.0,-0.006750414235787743,0.012037169596353108
31.61,5.0,-0.006749674615477819,0.012031076773733173
31.62,5.0,-0.0067489343356412655,0.012024987912705702
31.63,5.0,-0.006748193397463667,0.012018903009919504
31.64,5.0,-0.0067474518021288935,0.012012822062027183
31.650000000000002,5.0,-0.006746709550819097,0.012006745065685158
31.66,5.0,-0.006745966644714717,0.012000672017553633
31.67,5.0,-0.006745223084994485,0.01199460291429659
31.68,5.0,-0.006744478872835426,0.011988537752581817
31.69,5.0,-0.006743734009412863,0.011982476529080858
31.7,5.0,-0.006742988495900419,0.011976419240469037
31.71,5.0,-0.006742242333470016,0.011970365883425442
31.720000000000002,5.0,-0.006741495523291884,0.011964316454632919
31.73,5.0,-0.00674074806653456,0.011958270950778073
31.740000000000002,5.0,-0.006739999964364894,0.011952229368551252
31.75,5.0,-0.00673925121794805,0.011946191704646553
31.76,5.0,-0.006738501828447501,0.011940157955761798
31.77,5.0,-0.0067377517970250485,0.01193412811859856
31.78,5.0,-0.006737001124840816,0.011928102189862122
31.79,5.0,-0.006736249813053245,0.011922080166261497
31.8,5.0,-0.00673549786281911,0.011916062044509405
31.810000000000002,5.0,-0.006734745275293514,0.011910047821322283
31.82,5.0,-0.006733992051629894,0.011904037493420273
31.830000000000002,5.0,-0.0067332381929800286,0.011898031057527205
31.84,5.0,-0.006732483700494026,0.011892028510370616
31.85,5.0,-0.006731728575320338,0.01188602984868172
31.86,5.0,-0.00673097281860577,0.01188003506919542
31.87,5.0,-0.006730216431495462,0.011874044168650288
31.88,5.0,-0.0067294594151329126,0.01186805714378858
31.89,5.0,-0.006728701770659971,0.011862073991356198
31.900000000000002,5.0,-0.006727943499216839,0.011856094708102725
31.91,5.0,-0.00672718460194208,0.01185011929078139
31.92,5.0,-0.006726425079972618,0.011844147736149061
31.93,5.0,-0.006725664934443742,0.011838180040966276
31.94,5.0,-0.006724904166489101,0.011832216201997186
31.95,5.0,-0.006724142777240719,0.011826256216009587
31.96,5.0,-0.006723380767828989,0.0118203000797749
31.970000000000002,5.0,-0.006722618139382683,0.011814347790068168
31.98,5.0,-0.006721854893028945,0.011808399343668063
31.990000000000002,5.0,-0.006721091029893302,0.011802454737356851
32.0,5.0,-0.006720326551099661,0.011796513967920414
32.01,5.0,-0.006719561457770315,0.01179057703214823
32.02,5.0,-0.006718795751025946,0.011784643926833373
32.03,5.0,-0.00671802943198563,0.011778714648772524
32.04,5.0,-0.006717262501766826,0.011772789194765926
32.05,5.0,-0.006716494961485398,0.011766867561617414
32.06,5.0,-0.006715726812255607,0.011760949746134388
32.07,5.0,-0.006714958055190115,0.011755035745127838
32.08,5.0,-0.0067141886913999835,0.011749125555412297
32.09,5.0,-0.006713418721994687,0.011743219173805861
32.1,5.0,-0.006712648148082101,0.01173731659713019
32.11,5.0,-0.006711876970768526,0.011731417822210485
32.12,5.0,-0.00671110519115866,0.011725522845875485
32.13,5.0,-0.0067103328103556336,0.011719631664957476
32.14,5.0,-0.006709559829460985,0.011713744276292274
32.15,5.0,-0.006708786249574682,0.011707860676719221
32.160000000000004,5.0,-0.0067080120717951126,0.011701980863081175
32.17,5.0,-0.006707237297219096,0.011696104832224533
32.18,5.0,-0.0067064619269418795,0.011690232580999176
32.19,5.0,-0.006705685962057141,0.01168436410625851
32.2,5.0,-0.006704909403656999,0.011678499404859433
32.21,5.0,-0.006704132252832004,0.01167263847366235
32.22,5.0,-0.006703354510671149,0.01166678130953115
32.230000000000004,5.0,-0.00670257617826187,0.011660927909333202
32.24,5.0,-0.006701797256690049,0.011655078269939376
32.25,5.0,-0.006701017747040014,0.011649232388223999
32.26,5.0,-0.006700237650394545,0.011643390261064875
32.27,5.0,-0.0066994569678348725,0.01163755188534327
32.28,5.0,-0.0066986757004406875,0.011631717257943928
32.29,5.0,-0.006697893849290135,0.011625886375755028
32.3,5.0,-0.006697111415459821,0.011620059235668207
32.31,5.0,-0.006696328400024816,0.01161423583457855
32.32,5.0,-0.006695544804058653,0.01160841616938458
32.33,5.0,-0.006694760628633342,0.011602600236988258
32.34,5.0,-0.0066939758748193485,0.011596788034294968
32.35,5.0,-0.006693190543685626,0.011590979558213534
32.36,5.0,-0.006692404636299596,0.011585174805656188
32.37,5.0,-0.0066916181537271585,0.011579373773538579
32.38,5.0,-0.0066908310970326965,0.011573576458779771
32.39,5.0,-0.006690043467279072,0.011567782858302232
32.4,5.0,-0.006689255265527639,0.01156199296903183
32.410000000000004,5.0,-0.006688466492838232,0.011556206787897825
32.42,5.0,-0.006687677150269183,0.011550424311832877
32.43,5.0,-0.00668688723887731,0.011544645537773027
32.44,5.0,-0.006686096759717935,0.011538870462657686
32.45,5.0,-0.0066853057138448685,0.011533099083429654
32.46,5.0,-0.006684514102310428,0.011527331397035106
32.47,5.0,-0.00668372192616543,0.011521567400423567
32.480000000000004,5.0,-0.006682929186459199,0.011515807090547937
32.49,5.0,-0.006682135884239566,0.011510050464364466
32.5,5.0,-0.006681342020552871,0.011504297518832756
32.51,5.0,-0.006680547596443965,0.011498548250915754
32.52,5.0,-0.006679752612956218,0.011492802657579753
32.53,5.0,-0.006678957071131516,0.011487060735794382
32.54,5.0,-0.006678160972010261,0.011481322482532598
32.55,5.0,-0.0066773643166313824,0.011475587894770687
32.56,5.0,-0.006676567106032332,0.011469856969488254
32.57,5.0,-0.006675769341249085,0.011464129703668235
32.58,5.0,-0.006674971023316151,0.011458406094296865
32.59,5.0,-0.006674172153266569,0.011452686138363682
32.6,5.0,-0.006673372732131913,0.01144696983286155
32.61,5.0,-0.00667257276094229,0.01144125717478661
32.62,5.0,-0.00667177224072635,0.011435548161138308
32.63,5.0,-0.006670971172511279,0.011429842788919365
32.64,5.0,-0.006670169557322814,0.011424141055135803
32.65,5.0,-0.006669367396185231,0.011418442956796919
32.660000000000004,5.0,-0.006668564690121356,0.01141274849091527
32.67,5.0,-0.006667761440152568,0.011407057654506707
32.68,5.0,-0.0066669576472987956,0.011401370444590326
32.69,5.0,-0.006666153312578524,0.011395686858188493
32.7,5.0,-0.006665348437008794,0.011390006892326821
32.71,5.0,-0.006664543021605213,0.01138433054403419
32.72,5.0,-0.00666373706738194,0.01137865781034271
32.730000000000004,5.0,-0.006662930575351704,0.011372988688287736
32.74,5.0,-0.0066621235465258045,0.011367323174907872
32.75,5.0,-0.006661315981914104,0.01136166126724494
32.76,5.0,-0.0066605078825250396,0.011356002962343997
32.77,5.0,-0.006659699249365617,0.01135034825725331
32.78,5.0,-0.006658890083441426,0.01134469714902439
32.79,5.0,-0.00665808038575663,0.011339049634711941
32.8,5.0,-0.006657270157313971,0.01133340571137388
32.81,5.0,-0.006656459399114777,0.011327765376071325
32.82,5.0,-0.006655648112158962,0.01132212862586861
32.83,5.0,-0.006654836297445024,0.011316495457833246
32.84,5.0,-0.006654023955970051,0.01131086586903594
32.85,5.0,-0.006653211088729727,0.011305239856550594
32.86,5.0,-0.006652397696718324,0.011299617417454277
32.87,5.0,-0.006651583780928717,0.011293998548827249
32.88,5.0,-0.00665076934235237,0.011288383247752923
32.89,5.0,-0.00664995438197936,0.011282771511317909
32.9,5.0,-0.006649138900798359,0.011277163336611953
32.910000000000004,5.0,-0.006648322899796645,0.01127155872072797
32.92,5.0,-0.006647506379960107,0.011265957660762035
32.93,5.0,-0.006646689342273239,0.011260360153813367
32.94,5.0,-0.006645871787719153,0.011254766196984326
32.95,5.0,-0.006645053717279567,0.011249175787380411
32.96,5.0,-0.006644235131934825,0.011243588922110278
32.97,5.0,-0.006643416032663883,0.011238005598285692
32.980000000000004,5.0,-0.006642596420444318,0.01123242581302155
32.99,5.0,-0.006641776296252337,0.011226849563435884
33.0,5.0,-0.006640955661062761,0.011221276846649827
33.01,5.0,-0.006640134515849047,0.011215707659787638
33.02,5.0,-0.006639312861583279,0.011210141999976674
33.03,5.0,-0.006638490699236174,0.011204579864347418
33.04,5.0,-0.006637668029777078,0.011199021250033431
33.05,5.0,-0.006636844854173979,0.011193466154171378
33.06,5.0,-0.006636021173393502,0.011187914573901019
33.07,5.0,-0.00663519698840091,0.011182366506365199
33.08,5.0,-0.0066343723001601115,0.011176821948709847
33.09,5.0,-0.006633547109633657,0.011171280898083965
33.1,5.0,-0.006632721417782747,0.01116574335163964
33.11,5.0,-0.006631895225567228,0.011160209306532016
33.12,5.0,-0.0066310685339456,0.011154678759919314
33.13,5.0,-0.006630241343875016,0.011149151708962805
33.14,5.0,-0.006629413656311282,0.011143628150826828
33.15,5.0,-0.006628585472208864,0.011138108082678764
33.160000000000004,5.0,-0.0066277567925208895,0.011132591501689045
33.17,5.0,-0.006626927618199144,0.011127078405031155
33.18,5.0,-0.006626097950194079,0.01112156878988161
33.19,5.0,-0.006625267789454811,0.011116062653419957
33.2,5.0,-0.006624437136929127,0.011110559992828775
33.21,5.0,-0.006623605993563483,0.011105060805293679
33.22,5.0,-0.006622774360303003,0.0110995650880033
33.230000000000004,5.0,-0.006621942238091495,0.01109407283814928
33.24,5.0,-0.006621109627871435,0.01108858405292629
33.25,5.0,-0.006620276530583981,0.011083098729531995
33.26,5.0,-0.006619442947168973,0.011077616865167077
33.27,5.0,-0.006618608878564933,0.011072138457035207
33.28,5.0,-0.006617774325709065,0.011066663502343062
33.29,5.0,-0.0066169392895372645,0.011061191998300312
33.3,5.0,-0.006616103770984114,0.011055723942119604
33.31,5.0,-0.006615267770982886,0.011050259331016577
33.32,5.0,-0.006614431290465548,0.011044798162209853
33.33,5.0,-0.006613594330362762,0.011039340432921022
33.34,5.0,-0.006612756891603887,0.011033886140374649
33.35,5.0,-0.006611918975116983,0.011028435281798268
33.36,5.0,-0.006611080581828808,0.01102298785442237
33.37,5.0,-0.0066102417126648275,0.011017543855480408
33.38,5.0,-0.006609402368549206,0.011012103282208785
33.39,5.0,-0.006608562550404829,0.011006666131846869
33.4,5.0,-0.006607722259153273,0.011001232401636958
33.410000000000004,5.0,-0.00660688149571484,0.010995802088824292
33.42,5.0,-0.006606040261008541,0.010990375190657067
33.43,5.0,-0.0066051985559521026,0.010984951704386393
33.44,5.0,-0.006604356381461968,0.010979531627266318
33.45,5.0,-0.006603513738453301,0.010974114956553812
33.46,5.0,-0.006602670627839991,0.010968701689508774
33.47,5.0,-0.006601827050534641,0.010963291823394011
33.480000000000004,5.0,-0.006600983007448588,0.010957885355475245
33.49,5.0,-0.006600138499491897,0.010952482283021118
33.5,5.0,-0.0065992935275733565,0.010947082603303166
33.51,5.0,-0.006598448092600492,0.010941686313595824
33.52,5.0,-0.00659760219547956,0.010936293411176428
33.53,5.0,-0.0065967558371155515,0.010930903893325211
33.54,5.0,-0.006595909018412197,0.01092551775732529
33.55,5.0,-0.006595061740271967,0.010920135000462666
33.56,5.0,-0.006594214003596073,0.01091475562002622
33.57,5.0,-0.006593365809284468,0.010909379613307712
33.58,5.0,-0.006592517158235854,0.01090400697760178
33.59,5.0,-0.006591668051347676,0.01089863771020592
33.6,5.0,-0.006590818489516131,0.010893271808420497
33.61,5.0,-0.006589968473636164,0.010887909269548737
33.62,5.0,-0.00658911800460148,0.010882550090896725
33.63,5.0,-0.006588267083304532,0.010877194269773393
33.64,5.0,-0.006587415710636532,0.010871841803490526
33.65,5.0,-0.006586563887487454,0.01086649268936275
33.660000000000004,5.0,-0.006585711614746031,0.010861146924707533
33.67,5.0,-0.006584858893299757,0.010855804506845186
33.68,5.0,-0.006584005724034892,0.010850465433098842
33.69,5.0,-0.0065831521078364656,0.010845129700794468
33.7,5.0,-0.006582298045588269,0.010839797307260854
33.71,5.0,-0.006581443538172872,0.010834468249829615
33.72,5.0,-0.00658058858647161,0.010829142525835181
33.730000000000004,5.0,-0.006579733191364598,0.010823820132614789
33.74,5.0,-0.006578877353730724,0.010818501067508497
33.75,5.0,-0.0065780210744476545,0.01081318532785916
33.76,5.0,-0.006577164354391837,0.010807872911012428
33.77,5.0,-0.0065763071944385,0.010802563814316763
33.78,5.0,-0.006575449595461656,0.010797258035123413
33.79,5.0,-0.006574591558334104,0.010791955570786417
33.8,5.0,-0.0065737330839274275,0.010786656418662595
33.81,5.0,-0.006572874173112003,0.010781360576111553
33.82,5.0,-0.006572014826756999,0.010776068040495678
33.83,5.0,-0.006571155045730371,0.010770778809180126
33.84,5.0,-0.006570294830898875,0.01076549287953282
33.85,5.0,-0.006569434183128064,0.010760210248924462
33.86,5.0,-0.006568573103282286,0.010754930914728504
33.87,5.0,-0.00656771159222469,0.010749654874321167
33.88,5.0,-0.006566849650817234,0.010744382125081412
33.89,5.0,-0.006565987279920668,0.01073911266439097
33.9,5.0,-0.006565124480394564,0.01073384648963431
33.910000000000004,5.0,-0.006564261253097285,0.010728583598198635
33.92,5.0,-0.0065633975988860175,0.010723323987473908
33.93,5.0,-0.006562533518616751,0.01071806765485281
33.94,5.0,-0.006561669013144294,0.010712814597730767
33.95,5.0,-0.006560804083322265,0.010707564813505922
33.96,5.0,-0.006559938730003104,0.010702318299579154
33.97,5.0,-0.006559072954038068,0.01069707505335405
33.980000000000004,5.0,-0.006558206756277234,0.010691835072236927
33.99,5.0,-0.0065573401375695044,0.010686598353636808
34.0,5.0,-0.006556473098762602,0.010681364894965427
34.01,5.0,-0.006555605640703079,0.010676134693637223
34.02,5.0,-0.006554737764236312,0.010670907747069336
34.03,5.0,-0.00655386947020651,0.01066568405268161
34.04,5.0,-0.006553000759456717,0.01066046360789658
34.05,5.0,-0.0065521316328288025,0.01065524641013947
34.06,5.0,-0.006551262091163474,0.01065003245683819
34.07,5.0,-0.00655039213530028,0.010644821745423343
34.08,5.0,-0.006549521766077602,0.010639614273328202
34.09,5.0,-0.006548650984332665,0.010634410037988718
34.1,5.0,-0.006547779790901537,0.010629209036843522
34.11,5.0,-0.006546908186619127,0.010624011267333904
34.12,5.0,-0.006546036172319191,0.010618816726903822
34.13,5.0,-0.006545163748834333,0.010613625412999894
34.14,5.0,-0.006544290916996008,0.010608437323071407
34.15,5.0,-0.006543417677634516,0.010603252454570286
34.160000000000004,5.0,-0.006542544031579019,0.010598070804951114
34.17,5.0,-0.006541669979657524,0.010592892371671126
34.18,5.0,-0.0065407955226969025,0.010587717152190193
34.19,5.0,-0.006539920661522876,0.010582545143970824
34.2,5.0,-0.006539045396960031,0.01057737634447817
34.21,5.0,-0.006538169729831817,0.010572210751180014
34.22,5.0,-0.006537293660960544,0.010567048361546766
34.230000000000004,5.0,-0.00653641719116738,0.010561889173051453
34.24,5.0,-0.006535540321272377,0.010556733183169744
34.25,5.0,-0.00653466305209444,0.010551580389379906
34.26,5.0,-0.006533785384451349,0.010546430789162833
34.27,5.0,-0.006532907319159756,0.010541284380002012
34.28,5.0,-0.006532028857035189,0.01053614115938357
34.29,5.0,-0.006531149998892046,0.010531001124796205
34.300000000000004,5.0,-0.006530270745543607,0.010525864273731225
34.31,5.0,-0.006529391097802029,0.010520730603682549
34.32,5.0,-0.00652851105647835,0.010515600112146672
34.33,5.0,-0.0065276306223824845,0.010510472796622684
34.34,5.0,-0.00652674979632324,0.01050534865461226
34.35,5.0,-0.006525868579108303,0.010500227683619662
34.36,5.0,-0.006524986971544246,0.010495109881151723
34.37,5.0,-0.00652410497443654,0.010489995244717864
34.38,5.0,-0.006523222588589535,0.010484883771830059
34.39,5.0,-0.006522339814806478,0.010479775460002871
34.4,5.0,-0.006521456653889513,0.010474670306753416
34.410000000000004,5.0,-0.0065205731066396745,0.010469568309601369
34.42,5.0,-0.006519689173856897,0.010464469466068976
34.43,5.0,-0.006518804856340012,0.010459373773681021
34.44,5.0,-0.006517920154886754,0.010454281229964852
34.45,5.0,-0.006517035070293759,0.010449191832450355
34.46,5.0,-0.006516149603356563,0.010444105578669972
34.47,5.0,-0.006515263754869615,0.010439022466158673
34.480000000000004,5.0,-0.006514377525626263,0.01043394249245397
34.49,5.0,-0.006513490916418771,0.010428865655095912
34.5,5.0,-0.00651260392803831,0.010423791951627077
34.51,5.0,-0.006511716561274961,0.010418721379592568
34.52,5.0,-0.006510828816917724,0.010413653936540004
34.53,5.0,-0.006509940695754509,0.010408589620019542
34.54,5.0,-0.006509052198572147,0.010403528427583839
34.550000000000004,5.0,-0.006508163326156387,0.010398470356788073
34.56,5.0,-0.0065072740792918955,0.010393415405189933
34.57,5.0,-0.006506384458762265,0.010388363570349609
34.58,5.0,-0.006505494465350007,0.010383314849829796
34.59,5.0,-0.006504604099836563,0.010378269241195691
34.6,5.0,-0.006503713363002298,0.010373226742014985
34.61,5.0,-0.006502822255626505,0.010368187349857864
34.62,5.0,-0.006501930778487412,0.010363151062297002
34.63,5.0,-0.006501038932362169,0.010358117876907552
34.64,5.0,-0.006500146718026868,0.010353087791267165
34.65,5.0,-0.006499254136256534,0.01034806080295596
34.660000000000004,5.0,-0.0064983611878251255,0.010343036909556532
34.67,5.0,-0.006497467873505541,0.01033801610865396
34.68,5.0,-0.006496574194069619,0.010332998397835778
34.69,5.0,-0.006495680150288137,0.010327983774691993
34.7,5.0,-0.006494785742930814,0.01032297223681507
34.71,5.0,-0.0064938909727663245,0.010317963781799949
34.72,5.0,-0.0064929958405622705,0.010312958407244006
34.730000000000004,5.0,-0.006492100347085218,0.010307956110747078
34.74,5.0,-0.006491204493100672,0.010302956889911457
34.75,5.0,-0.0064903082793730926,0.010297960742341874
34.76,5.0,-0.00648941170666589,0.010292967665645502
34.77,5.0,-0.006488514775741429,0.010287977657431955
34.78,5.0,-0.006487617487361034,0.010282990715313295
34.79,5.0,-0.006486719842284978,0.010278006836904
34.800000000000004,5.0,-0.0064858218412724945,0.010273026019820981
34.81,5.0,-0.0064849234850817864,0.01026804826168359
34.82,5.0,-0.006484024774470004,0.010263073560113583
34.83,5.0,-0.006483125710193271,0.010258101912735148
34.84,5.0,-0.006482226293006672,0.010253133317174885
34.85,5.0,-0.006481326523664255,0.01024816777106181
34.86,5.0,-0.006480426402919043,0.010243205272027352
34.87,5.0,-0.006479525931523022,0.01023824581770534
34.88,5.0,-0.0064786251102271495,0.010233289405732003
34.89,5.0,-0.006477723939781358,0.010228336033745991
34.9,5.0,-0.006476822420934554,0.010223385699388333
34.910000000000004,5.0,-0.006475920554434614,0.010218438400302454
34.92,5.0,-0.0064750183410284,0.010213494134134183
34.93,5.0,-0.006474115781461742,0.010208552898531717
34.94,5.0,-0.00647321287647946,0.010203614691145656
34.95,5.0,-0.006472309626825349,0.010198679509628964
34.96,5.0,-0.006471406033242191,0.010193747351637006
34.97,5.0,-0.006470502096471747,0.0101888182148275
34.980000000000004,5.0,-0.00646959781725477,0.010183892096860546
34.99,5.0,-0.006468693196330998,0.010178968995398613
35.0,5.0,-0.006467788234439156,0.010174048908106536
35.01,5.0,-0.0064668829323169625,0.01016913183265151
35.02,5.0,-0.006465977290701126,0.010164217766703083
35.03,5.0,-0.00646507131032735,0.010159306707933174
35.04,5.0,-0.006464164991930332,0.010154398654016046
35.050000000000004,5.0,-0.006463258336243767,0.010149493602628309
35.06,5.0,-0.006462351344000345,0.01014459155144893
35.07,5.0,-0.006461444015931761,0.01013969249815921
35.08,5.0,-0.0064605363527687025,0.010134796440442791
35.09,5.0,-0.0064596283552408665,0.010129903375985658
35.1,5.0,-0.006458720024076953,0.01012501330247613
35.11,5.0,-0.006457811360004665,0.010120126217604853
35.12,5.0,-0.006456902363750712,0.010115242119064801
35.13,5.0,-0.006455993036040812,0.010110361004551273
35.14,5.0,-0.006455083377599696,0.0101054828717619
35.15,5.0,-0.006454173389151103,0.010100607718396618
35.160000000000004,5.0,-0.006453263071417786,0.010095735542157681
35.17,5.0,-0.006452352425121509,0.010090866340749667
35.18,5.0,-0.006451441450983055,0.01008600011187945
35.19,5.0,-0.006450530149722225,0.01008113685325622
35.2,5.0,-0.006449618522057831,0.010076276562591458
35.21,5.0,-0.006448706568707716,0.010071419237598966
35.22,5.0,-0.006447794290388736,0.010066564875994827
35.230000000000004,5.0,-0.006446881687816771,0.010061713475497419
35.24,5.0,-0.006445968761706729,0.01005686503382742
35.25,5.0,-0.006445055512772538,0.010052019548707792
35.26,5.0,-0.006444141941727159,0.010047177017863779
35.27,5.0,-0.006443228049282577,0.010042337439022908
35.28,5.0,-0.006442313836149808,0.010037500809914992
35.29,5.0,-0.006441399303038901,0.010032667128272115
35.300000000000004,5.0,-0.0064404844506589344,0.010027836391828632
35.31,5.0,-0.0064395692797180265,0.010023008598321174
35.32,5.0,-0.006438653790923324,0.010018183745488634
35.33,5.0,-0.006437737984981017,0.010013361831072175
35.34,5.0,-0.006436821862596327,0.01000854285281521
35.35,5.0,-0.006435905424473523,0.010003726808463424
35.36,5.0,-0.006434988671315912,0.009998913695764753
35.37,5.0,-0.00643407160382584,0.009994103512469382
35.38,5.0,-0.006433154222704705,0.00998929625632974
35.39,5.0,-0.00643223652865294,0.009984491925100519
35.4,5.0,-0.006431318522370038,0.009979690516538641
35.410000000000004,5.0,-0.0064304002045545245,0.009974892028403268
35.42,5.0,-0.006429481575903989,0.009970096458455811
35.43,5.0,-0.006428562637115063,0.009965303804459907
35.44,5.0,-0.006427643388883436,0.009960514064181424
35.45,5.0,-0.006426723831903842,0.009955727235388456
35.46,5.0,-0.0064258039668700865,0.009950943315851338
35.47,5.0,-0.006424883794475013,0.009946162303342611
35.480000000000004,5.0,-0.006423963315410536,0.00994138419563704
35.49,5.0,-0.006423042530367622,0.009936608990511617
35.5,5.0,-0.0064221214400363045,0.009931836685745538
35.51,5.0,-0.006421200045105674,0.00992706727912021
35.52,5.0,-0.0064202783462638845,0.00992230076841925
35.53,5.0,-0.006419356344198157,0.009917537151428488
35.54,5.0,-0.0064184340395947795,0.009912776425935948
35.550000000000004,5.0,-0.0064175114331391035,0.009908018589731851
35.56,5.0,-0.006416588525515552,0.009903263640608626
35.57,5.0,-0.006415665317407617,0.009898511576360887
35.58,5.0,-0.006414741809497863,0.00989376239478544
35.59,5.0,-0.006413818002467927,0.009889016093681284
35.6,5.0,-0.006412893896998522,0.009884272670849598
35.61,5.0,-0.0064119694937694325,0.009879532124093749
35.62,5.0,-0.006411044793459524,0.009874794451219278
35.63,5.0,-0.006410119796746735,0.009870059650033902
35.64,5.0,-0.006409194504308092,0.00986532771834752
35.65,5.0,-0.006408268916819694,0.009860598653972196
35.660000000000004,5.0,-0.006407343034956727,0.009855872454722159
35.67,5.0,-0.006406416859393459,0.009851149118413815
35.68,5.0,-0.006405490390803245,0.009846428642865723
35.69,5.0,-0.006404563629858519,0.009841711025898602
35.7,5.0,-0.0064036365772308125,0.009836996265335329
35.71,5.0,-0.006402709233590743,0.009832284359000944
35.72,5.0,-0.006401781599608012,0.009827575304722625
35.730000000000004,5.0,-0.006400853675951418,0.0098228691003297
35.74,5.0,-0.006399925463288853,0.009818165743653658
35.75,5.0,-0.006398996962287302,0.009813465232528117
35.76,5.0,-0.006398068173612843,0.009808767564788832
35.77,5.0,-0.006397139097930653,0.009804072738273705
35.78,5.0,-0.006396209735905008,0.009799380750822772
35.79,5.0,-0.006395280088199281,0.009794691600278198
35.800000000000004,5.0,-0.006394350155475946,0.009790005284484272
35.81,5.0,-0.006393419938396583,0.009785321801287423
35.82,5.0,-0.006392489437621869,0.009780641148536192
35.83,5.0,-0.006391558653811588,0.009775963324081241
35.84,5.0,-0.006390627587624633,0.009771288325775354
35.85,5.0,-0.006389696239718999,0.009766616151473435
35.86,5.0,-0.0063887646107517945,0.009761946799032492
35.87,5.0,-0.006387832701379233,0.009757280266311645
35.88,5.0,-0.006386900512256641,0.009752616551172119
35.89,5.0,-0.006385968044038459,0.009747955651477255
35.9,5.0,-0.006385035297378239,0.009743297565092483
35.910000000000004,5.0,-0.006384102272928646,0.009738642289885331
35.92,5.0,-0.006383168971341464,0.009733989823725437
35.93,5.0,-0.0063822353932675956,0.009729340164484521
35.94,5.0,-0.006381301539357058,0.009724693310036397
35.95,5.0,-0.006380367410258991,0.009720049258256962
35.96,5.0,-0.006379433006621655,0.009715408007024211
35.97,5.0,-0.006378498329092433,0.00971076955421821
35.980000000000004,5.0,-0.006377563378317829,0.009706133897721108
35.99,5.0,-0.006376628154943476,0.009701501035417136
36.0,5.0,-0.006375692659614133,0.009696870965192598
36.01,5.0,-0.006374756892973682,0.009692243684935863
36.02,5.0,-0.0063738208556651365,0.009687619192537373
36.03,5.0,-0.006372884548330644,0.009682997485889645
36.04,5.0,-0.006371947971611474,0.009678378562887249
36.050000000000004,5.0,-0.0063710111261480375,0.009673762421426823
36.06,5.0,-0.006370074012579872,0.009669149059407061
36.07,5.0,-0.006369136631545655,0.009664538474728711
36.08,5.0,-0.0063681989836831985,0.00965993066529458
36.09,5.0,-0.006367261069629452,0.009655325629009521
36.1,5.0,-0.006366322890020501,0.009650723363780436
36.11,5.0,-0.006365384445491576,0.009646123867516277
36.12,5.0,-0.006364445736677043,0.009641527138128032
36.13,5.0,-0.006363506764210413,0.009636933173528728
36.14,5.0,-0.006362567528724344,0.009632341971633445
36.15,5.0,-0.006361628030850633,0.009627753530359278
36.160000000000004,5.0,-0.006360688271220225,0.009623167847625366
36.17,5.0,-0.006359748250463212,0.009618584921352877
36.18,5.0,-0.006358807969208835,0.009614004749465005
36.19,5.0,-0.006357867428085486,0.009609427329886965
36.2,5.0,-0.006356926627720704,0.009604852660545999
36.21,5.0,-0.006355985568741185,0.009600280739371367
36.22,5.0,-0.006355044251772772,0.009595711564294344
36.230000000000004,5.0,-0.006354102677440469,0.009591145133248219
36.24,5.0,-0.006353160846368431,0.009586581444168301
36.25,5.0,-0.006352218759179974,0.009582020494991898
36.26,5.0,-0.006351276416497565,0.009577462283658324
36.27,5.0,-0.006350333818942838,0.009572906808108904
36.28,5.0,-0.006349390967136585,0.009568354066286965
36.29,5.0,-0.006348447861698757,0.009563804056137824
36.300000000000004,5.0,-0.006347504503248468,0.0095592567756088
36.31,5.0,-0.006346560892404004,0.009554712222649211
36.32,5.0,-0.006345617029782804,0.009550170395210356
36.33,5.0,-0.006344672916001482,0.009545631291245527
36.34,5.0,-0.006343728551675815,0.009541094908710001
36.35,5.0,-0.006342783937420752,0.009536561245561046
36.36,5.0,-0.006341839073850412,0.009532030299757903
36.37,5.0,-0.006340893961578081,0.009527502069261787
36.38,5.0,-0.006339948601216222,0.009522976552035902
36.39,5.0,-0.0063390029933764695,0.009518453746045421
36.4,5.0,-0.006338057138669632,0.009513933649257485
36.410000000000004,5.0,-0.006337111037705692,0.009509416259641197
36.42,5.0,-0.006336164691093815,0.009504901575167646
36.43,5.0,-0.006335218099442341,0.009500389593809864
36.44,5.0,-0.006334271263358787,0.009495880313542857
36.45,5.0,-0.006333324183449854,0.009491373732343579
36.46,5.0,-0.006332376860321424,0.009486869848190953
36.47,5.0,-0.006331429294578558,0.009482368659065843
36.480000000000004,5.0,-0.0063304814868255085,0.00947787016295107
36.49,5.0,-0.006329533437665706,0.00947337435783141
36.5,5.0,-0.00632858514770177,0.00946888124169357
36.51,5.0,-0.00632763661753551,0.009464390812526214
36.52,5.0,-0.006326687847767916,0.009459903068319933
36.53,5.0,-0.006325738838999178,0.009455418007067281
36.54,5.0,-0.00632478959182867,0.009450935626762722
36.550000000000004,5.0,-0.00632384010685496,0.009446455925402667
36.56,5.0,-0.006322890384675806,0.009441978900985458
36.57,5.0,-0.0063219404258881675,0.009437504551511365
36.58,5.0,-0.006320990231088193,0.009433032874982584
36.59,5.0,-0.0063200398008712265,0.009428563869403227
36.6,5.0,-0.006319089135831819,0.009424097532779348
36.61,5.0,-0.006318138236563707,0.0094196338631189
36.62,5.0,-0.00631718710365984,0.009415172858431764
36.63,5.0,-0.006316235737712356,0.009410714516729726
36.64,5.0,-0.0063152841393126075,0.009406258836026497
36.65,5.0,-0.0063143323090511395,0.009401805814337687
36.660000000000004,5.0,-0.006313380247517707,0.009397355449680813
36.67,5.0,-0.006312427955301272,0.009392907740075307
36.68,5.0,-0.006311475432989997,0.009388462683542495
36.69,5.0,-0.006310522681171256,0.009384020278105601
36.7,5.0,-0.006309569700431636,0.00937958052178975
36.71,5.0,-0.006308616491356925,0.009375143412621967
36.72,5.0,-0.006307663054532128,0.00937070894863116
36.730000000000004,5.0,-0.006306709390541462,0.009366277127848132
36.74,5.0,-0.0063057554999683555,0.009361847948305581
36.75,5.0,-0.006304801383395451,0.009357421408038077
36.76,5.0,-0.006303847041404609,0.009352997505082084
36.77,5.0,-0.006302892474576904,0.009348576237475937
36.78,5.0,-0.00630193768349263,0.009344157603259864
36.79,5.0,-0.006300982668731297,0.009339741600475954
36.800000000000004,5.0,-0.006300027430871638,0.009335328227168177
36.81,5.0,-0.006299071970491608,0.009330917481382381
36.82,5.0,-0.0062981162881683775,0.009326509361166267
36.83,5.0,-0.006297160384478347,0.009322103864569418
36.84,5.0,-0.00629620425999714,0.00931770098964327
36.85,5.0,-0.006295247915299599,0.009313300734441131
36.86,5.0,-0.0062942913509598025,0.009308903097018165
36.87,5.0,-0.006293334567551049,0.009304508075431385
36.88,5.0,-0.0062923775656458705,0.009300115667739672
36.89,5.0,-0.006291420345816024,0.009295725872003753
36.9,5.0,-0.006290462908632504,0.00929133868628621
36.910000000000004,5.0,-0.006289505254665525,0.009286954108651463
36.92,5.0,-0.006288547384484549,0.009282572137165792
36.93,5.0,-0.00628758929865826,0.009278192769897312
36.94,5.0,-0.006286630997754582,0.009273816004915975
36.95,5.0,-0.006285672482340677,0.009269441840293581
36.96,5.0,-0.006284713752982941,0.009265070274103766
36.97,5.0,-0.0062837548102470065,0.009260701304421994
36.980000000000004,5.0,-0.006282795654697751,0.009256334929325562
36.99,5.0,-0.006281836286899285,0.009251971146893604
37.0,5.0,-0.006280876707414968,0.009247609955207077
37.01,5.0,-0.006279916916807397,0.009243251352348759
37.02,5.0,-0.006278956915638412,0.009238895336403253
37.03,5.0,-0.006277996704469101,0.009234541905456991
37.04,5.0,-0.006277036283859794,0.009230191057598213
37.050000000000004,5.0,-0.006276075654370069,0.009225842790916977
37.06,5.0,-0.006275114816558754,0.00922149710350516
37.07,5.0,-0.006274153770983923,0.009217153993456448
37.08,5.0,-0.0062731925182028985,0.009212813458866334
37.09,5.0,-0.006272231058772256,0.009208475497832115
37.1,5.0,-0.0062712693932478235,0.009204140108452906
37.11,5.0,-0.006270307522184681,0.009199807288829612
37.12,5.0,-0.006269345446137162,0.009195477037064945
37.13,5.0,-0.006268383165658852,0.009191149351263405
37.14,5.0,-0.0062674206813026,0.009186824229531305
37.15,5.0,-0.006266457993620505,0.009182501669976738
37.160000000000004,5.0,-0.006265495103163926,0.00917818167070959
37.17,5.0,-0.006264532010483484,0.009173864229841547
37.18,5.0,-0.006263568716129055,0.009169549345486068
37.19,5.0,-0.00626260522064978,0.009165237015758403
37.2,5.0,-0.006261641524594061,0.009160927238775584
37.21,5.0,-0.006260677628509561,0.009156620012656425
37.22,5.0,-0.0062597135329432105,0.009152315335521518
37.230000000000004,5.0,-0.006258749238441204,0.009148013205493225
37.24,5.0,-0.006257784745549004,0.009143713620695692
37.25,5.0,-0.006256820054811336,0.00913941657925483
37.26,5.0,-0.006255855166772194,0.009135122079298319
37.27,5.0,-0.006254890081974845,0.009130830118955605
37.28,5.0,-0.006253924800961826,0.009126540696357908
37.29,5.0,-0.006252959324274942,0.009122253809638202
37.300000000000004,5.0,-0.006251993652455269,0.009117969456931219
37.31,5.0,-0.006251027786043164,0.009113687636373463
37.32,5.0,-0.00625006172557825,0.009109408346103182
37.33,5.0,-0.006249095471599428,0.009105131584260382
37.34,5.0,-0.006248129024644881,0.009100857348986819
37.35,5.0,-0.006247162385252057,0.009096585638426007
37.36,5.0,-0.006246195553957695,0.009092316450723196
37.37,5.0,-0.0062452285312978055,0.00908804978402539
37.38,5.0,-0.006244261317807681,0.00908378563648133
37.39,5.0,-0.006243293914021893,0.009079524006241504
37.4,5.0,-0.006242326320474304,0.009075264891458141
37.410000000000004,5.0,-0.0062413585376980465,0.009071008290285194
37.42,5.0,-0.006240390566225549,0.009066754200878368
37.43,5.0,-0.006239422406588519,0.009062502621395085
37.44,5.0,-0.006238454059317949,0.009058253549994509
37.45,5.0,-0.006237485524944124,0.009054006984837526
37.46,5.0,-0.006236516803996612,0.009049762924086751
37.47,5.0,-0.006235547897004274,0.009045521365906526
37.480000000000004,5.0,-0.006234578804495257,0.009041282308462904
37.49,5.0,-0.006233609526997003,0.00903704574992367
37.5,5.0,-0.006232640065036244,0.009032811688458325
37.51,5.0,-0.0062316704191390055,0.009028580122238079
37.52,5.0,-0.006230700589830605,0.009024351049435856
37.53,5.0,-0.00622973057763566,0.009020124468226306
37.54,5.0,-0.006228760383078078,0.009015900376785771
37.550000000000004,5.0,-0.006227790006681064,0.009011678773292302
37.56,5.0,-0.006226819448967128,0.00900745965592567
37.57,5.0,-0.006225848710458067,0.009003243022867334
37.58,5.0,-0.00622487779167499,0.00899902887230046
37.59,5.0,-0.006223906693138298,0.00899481720240991
37.6,5.0,-0.006222935415367696,0.008990608011382252
37.61,5.0,-0.006221963958882195,0.008986401297405735
37.62,5.0,-0.006220992324200101,0.008982197058670309
37.63,5.0,-0.006220020511839035,0.008977995293367614
37.64,5.0,-0.0062190485223159175,0.00897379599969098
37.65,5.0,-0.006218076356146976,0.008969599175835423
37.660000000000004,5.0,-0.006217104013847746,0.008965404819997635
37.67,5.0,-0.006216131495933073,0.008961212930376007
37.68,5.0,-0.006215158802917106,0.008957023505170594
37.69,5.0,-0.00621418593531331,0.008952836542583139
37.7,5.0,-0.006213212893634461,0.008948652040817058
37.71,5.0,-0.006212239678392642,0.008944469998077444
37.72,5.0,-0.0062112662900992545,0.008940290412571055
37.730000000000004,5.0,-0.006210292729265011,0.008936113282506328
37.74,5.0,-0.006209318996399939,0.008931938606093367
37.75,5.0,-0.006208345092013384,0.008927766381543937
37.76,5.0,-0.006207371016614007,0.008923596607071468
37.77,5.0,-0.006206396770709782,0.008919429280891055
37.78,5.0,-0.006205422354808011,0.008915264401219453
37.79,5.0,-0.0062044477694153085,0.008911101966275075
37.800000000000004,5.0,-0.006203473015037609,0.008906941974277981
37.81,5.0,-0.006202498092180175,0.008902784423449906
37.82,5.0,-0.0062015230013475866,0.008898629312014216
37.83,5.0,-0.006200547743043743,0.008894476638195935
37.84,5.0,-0.006199572317771874,0.00889032640022173
37.85,5.0,-0.006198596726034537,0.008886178596319932
37.86,5.0,-0.006197620968333605,0.008882033224720493
37.87,5.0,-0.006196645045170288,0.00887789028365502
37.88,5.0,-0.006195668957045117,0.008873749771356755
37.89,5.0,-0.006194692704457958,0.008869611686060583
37.9,5.0,-0.006193716287907999,0.00886547602600302
37.910000000000004,5.0,-0.006192739707893763,0.008861342789422216
37.92,5.0,-0.006191762964913107,0.00885721197455796
37.93,5.0,-0.006190786059463215,0.008853083579651665
37.94,5.0,-0.006189808992040606,0.008848957602946373
37.95,5.0,-0.006188831763141135,0.008844834042686748
37.96,5.0,-0.006187854373259991,0.008840712897119091
37.97,5.0,-0.006186876822891699,0.008836594164491313
37.980000000000004,5.0,-0.006185899112530118,0.008832477843052945
37.99,5.0,-0.006184921242668452,0.00882836393105515
38.0,5.0,-0.006183943213799236,0.008824252426750693
38.01,5.0,-0.006182965026414348,0.008820143328393959
38.02,5.0,-0.0061819866810050045,0.008816036634240942
38.03,5.0,-0.00618100817806177,0.008811932342549256
38.04,5.0,-0.0061800295180745425,0.008807830451578114
38.050000000000004,5.0,-0.006179050701532565,0.008803730959588335
38.06,5.0,-0.00617807172892443,0.008799633864842353
38.07,5.0,-0.00617709260073807,0.008795539165604197
38.08,5.0,-0.006176113317460763,0.008791446860139497
38.09,5.0,-0.006175133879579136,0.00878735694671548
38.1,5.0,-0.006174154287579164,0.008783269423600979
38.11,5.0,-0.0061731745419461685,0.008779184289066414
38.12,5.0,-0.006172194643164819,0.0087751015413838
38.13,5.0,-0.006171214591719137,0.00877102117882674
38.14,5.0,-0.006170234388092499,0.008766943199670437
38.15,5.0,-0.006169254032767626,0.008762867602191674
38.160000000000004,5.0,-0.006168273526226597,0.008758794384668813
38.17,5.0,-0.006167292868950843,0.008754723545381815
38.18,5.0,-0.006166312061421148,0.00875065508261221
38.19,5.0,-0.006165331104117655,0.008746588994643116
38.2,5.0,-0.006164349997519858,0.008742525279759217
38.21,5.0,-0.0061633687421066155,0.00873846393624679
38.22,5.0,-0.0061623873383561375,0.008734404962393675
38.230000000000004,5.0,-0.0061614057867459965,0.008730348356489283
38.24,5.0,-0.006160424087753123,0.008726294116824605
38.25,5.0,-0.00615944224185381,0.008722242241692192
38.26,5.0,-0.006158460249523708,0.008718192729386164
38.27,5.0,-0.006157478111237832,0.008714145578202201
38.28,5.0,-0.006156495827470565,0.008710100786437561
38.29,5.0,-0.006155513398695648,0.00870605835239105
38.300000000000004,5.0,-0.006154530825386184,0.008702018274363028
38.31,5.0,-0.006153548108014654,0.008697980550655432
38.32,5.0,-0.006152565247052892,0.008693945179571737
38.33,5.0,-0.006151582242972108,0.008689912159416979
38.34,5.0,-0.006150599096242875,0.00868588148849774
38.35,5.0,-0.006149615807335143,0.008681853165122162
38.36,5.0,-0.00614863237671822,0.008677827187599924
38.37,5.0,-0.006147648804860797,0.008673803554242262
38.38,5.0,-0.006146665092230928,0.008669782263361943
38.39,5.0,-0.006145681239296044,0.008665763313273291
38.4,5.0,-0.00614469724652295,0.008661746702292163
38.410000000000004,5.0,-0.006143713114377818,0.008657732428735949
38.42,5.0,-0.006142728843326206,0.00865372049092359
38.43,5.0,-0.00614174443383304,0.008649710887175553
38.44,5.0,-0.006140759886362625,0.008645703615813842
38.45,5.0,-0.006139775201378641,0.00864169867516198
38.46,5.0,-0.006138790379344153,0.008637696063545043
38.47,5.0,-0.006137805420721599,0.008633695779289617
38.480000000000004,5.0,-0.0061368203259727985,0.008629697820723817
38.49,5.0,-0.006135835095558952,0.00862570218617729
38.5,5.0,-0.006134849729940645,0.008621708873981195
38.51,5.0,-0.00613386422957784,0.008617717882468219
38.52,5.0,-0.006132878594929887,0.008613729209972562
38.53,5.0,-0.006131892826455517,0.00860974285482995
38.54,5.0,-0.006130906924612848,0.008605758815377616
38.550000000000004,5.0,-0.006129920889859383,0.008601777089954306
38.56,5.0,-0.006128934722652014,0.008597797676900283
38.57,5.0,-0.006127948423447016,0.008593820574557322
38.58,5.0,-0.006126961992700057,0.008589845781268696
38.59,5.0,-0.00612597543086619,0.008585873295379187
38.6,5.0,-0.006124988738399861,0.008581903115235092
38.61,5.0,-0.006124001915754904,0.0085779352391842
38.62,5.0,-0.006123014963384546,0.008573969665575802
38.63,5.0,-0.006122027881741408,0.00857000639276069
38.64,5.0,-0.0061210406712775,0.008566045419091157
38.65,5.0,-0.00612005333244423,0.008562086742920987
38.660000000000004,5.0,-0.006119065865692398,0.008558130362605455
38.67,5.0,-0.0061180782714722005,0.008554176276501336
38.68,5.0,-0.006117090550233233,0.008550224482966893
38.69,5.0,-0.0061161027024244806,0.008546274980361871
38.7,5.0,-0.006115114728494335,0.008542327767047508
38.71,5.0,-0.006114126628890583,0.008538382841386529
38.72,5.0,-0.006113138404060411,0.008534440201743137
38.730000000000004,5.0,-0.006112150054450403,0.008530499846483016
38.74,5.0,-0.0061111615805065495,0.008526561773973337
38.75,5.0,-0.006110172982674239,0.008522625982582742
38.76,5.0,-0.006109184261398267,0.008518692470681353
38.77,5.0,-0.006108195417122826,0.008514761236640762
38.78,5.0,-0.006107206450291517,0.008510832278834042
38.79,5.0,-0.006106217361347347,0.008506905595635729
38.800000000000004,5.0,-0.0061052281507327265,0.008502981185421832
38.81,5.0,-0.006104238818889473,0.00849905904656983
38.82,5.0,-0.006103249366258815,0.008495139177458665
38.83,5.0,-0.006102259793281383,0.008491221576468741
38.84,5.0,-0.006101270100397221,0.008487306241981926
38.85,5.0,-0.006100280288045783,0.008483393172381554
38.86,5.0,-0.006099290356665931,0.008479482366052412
38.87,5.0,-0.006098300306695943,0.008475573821380748
38.88,5.0,-0.0060973101385735,0.008471667536754258
38.89,5.0,-0.006096319852735705,0.008467763510562103
38.9,5.0,-0.006095329449619075,0.008463861741194895
38.910000000000004,5.0,-0.006094338929659531,0.00845996222704468
38.92,5.0,-0.006093348293292424,0.008456064966504978
38.93,5.0,-0.006092357540952508,0.008452169957970738
38.94,5.0,-0.006091366673073962,0.00844827719983836
38.95,5.0,-0.00609037569009038,0.008444386690505687
38.96,5.0,-0.006089384592434773,0.008440498428372007
38.97,5.0,-0.006088393380539573,0.008436612411838046
38.980000000000004,5.0,-0.0060874020548366305,0.008432728639305966
38.99,5.0,-0.006086410615757218,0.008428847109179372
39.0,5.0,-0.006085419063732029,0.008424967819863299
39.01,5.0,-0.006084427399191182,0.008421090769764222
39.02,5.0,-0.006083435622564209,0.008417215957290036
39.03,5.0,-0.006082443734280078,0.00841334338085008
39.04,5.0,-0.006081451734767174,0.008409473038855116
39.050000000000004,5.0,-0.006080459624453308,0.00840560492971733
39.06,5.0,-0.006079467403765717,0.008401739051850335
39.07,5.0,-0.00607847507313107,0.008397875403669175
39.08,5.0,-0.006077482632975456,0.008394013983590303
39.09,5.0,-0.006076490083724396,0.008390154790031601
39.1,5.0,-0.00607549742580284,0.008386297821412368
39.11,5.0,-0.0060745046596351665,0.00838244307615332
39.12,5.0,-0.006073511785645185,0.008378590552676587
39.13,5.0,-0.006072518804256139,0.008374740249405713
39.14,5.0,-0.0060715257158906995,0.008370892164765657
39.15,5.0,-0.006070532520970973,0.008367046297182787
39.160000000000004,5.0,-0.006069539219918496,0.008363202645084871
39.17,5.0,-0.006068545813154249,0.008359361206901105
39.18,5.0,-0.006067552301098633,0.00835552198106207
39.19,5.0,-0.006066558684171497,0.00835168496599976
39.2,5.0,-0.00606556496279212,0.008347850160147566
39.21,5.0,-0.00606457113737922,0.00834401756194029
39.22,5.0,-0.006063577208350954,0.008340187169814123
39.230000000000004,5.0,-0.006062583176124916,0.008336358982206657
39.24,5.0,-0.00606158904111814,0.00833253299755688
39.25,5.0,-0.0060605948037471,0.008328709214305174
39.26,5.0,-0.006059600464427713,0.008324887630893316
39.27,5.0,-0.006058606023575333,0.008321068245764464
39.28,5.0,-0.0060576114816047605,0.008317251057363181
39.29,5.0,-0.00605661683893024,0.008313436064135406
39.300000000000004,5.0,-0.006055622095965453,0.008309623264528462
39.31,5.0,-0.0060546272531235325,0.00830581265699107
39.32,5.0,-0.006053632310817058,0.008302004239973324
39.33,5.0,-0.006052637269458044,0.008298198011926697
39.34,5.0,-0.0060516421294579655,0.008294393971304048
39.35,5.0,-0.006050646891227736,0.008290592116559614
39.36,5.0,-0.006049651555177721,0.008286792446149003
39.37,5.0,-0.0060486561217177335,0.008282994958529204
39.38,5.0,-0.006047660591257035,0.008279199652158573
39.39,5.0,-0.00604666496420434,0.008275406525496845
39.4,5.0,-0.006045669240967814,0.00827161557700512
39.410000000000004,5.0,-0.006044673421955069,0.008267826805145866
39.42,5.0,-0.006043677507573178,0.008264040208382924
39.43,5.0,-0.006042681498228662,0.008260255785181497
39.44,5.0,-0.006041685394327494,0.008256473534008147
39.45,5.0,-0.0060406891962751065,0.008252693453330804
39.46,5.0,-0.006039692904476385,0.008248915541618758
39.47,5.0,-0.006038696519335673,0.00824513979734266
39.480000000000004,5.0,-0.006037700041256766,0.00824136621897451
39.49,5.0,-0.006036703470642922,0.008237594804987676
39.5,5.0,-0.006035706807896855,0.008233825553856874
39.51,5.0,-0.00603471005342074,0.008230058464058172
39.52,5.0,-0.006033713207616205,0.008226293534068988
39.53,5.0,-0.0060327162708843475,0.008222530762368096
39.54,5.0,-0.006031719243625719,0.008218770147435618
39.550000000000004,5.0,-0.006030722126240338,0.008215011687753012
39.56,5.0,-0.006029724919127682,0.008211255381803097
39.57,5.0,-0.00602872762268669,0.00820750122807002
39.58,5.0,-0.006027730237315771,0.008203749225039282
39.59,5.0,-0.00602673276341279,0.008199999371197718
39.6,5.0,-0.006025735201375087,0.008196251665033504
39.61,5.0,-0.006024737551599459,0.008192506105036156
39.62,5.0,-0.006023739814482178,0.008188762689696523
39.63,5.0,-0.006022741990418973,0.008185021417506782
39.64,5.0,-0.006021744079805051,0.008181282286960459
39.65,5.0,-0.006020746083035084,0.008177545296552397
39.660000000000004,5.0,-0.006019748000503208,0.008173810444778773
39.67,5.0,-0.006018749832603038,0.008170077730137096
39.68,5.0,-0.006017751579727654,0.0081663471511262
39.69,5.0,-0.006016753242269611,0.008162618706246239
39.7,5.0,-0.006015754820620931,0.008158892393998694
39.71,5.0,-0.006014756315173117,0.008155168212886376
39.72,5.0,-0.006013757726317136,0.008151446161413405
39.730000000000004,5.0,-0.006012759054443436,0.008147726238085223
39.74,5.0,-0.006011760299941937,0.008144008441408597
39.75,5.0,-0.006010761463202036,0.008140292769891602
39.76,5.0,-0.006009762544612604,0.008136579222043633
39.77,5.0,-0.006008763544561991,0.008132867796375393
39.78,5.0,-0.006007764463438025,0.008129158491398902
39.79,5.0,-0.006006765301628009,0.008125451305627487
39.800000000000004,5.0,-0.0060057660595187285,0.008121746237575783
39.81,5.0,-0.006004766737496447,0.008118043285759737
39.82,5.0,-0.006003767335946909,0.008114342448696597
39.83,5.0,-0.006002767855255338,0.008110643724904916
39.84,5.0,-0.006001768295806441,0.00810694711290455
39.85,5.0,-0.00600076865798441,0.008103252611216662
39.86,5.0,-0.005999768942172914,0.008099560218363704
39.87,5.0,-0.005998769148755107,0.008095869932869435
39.88,5.0,-0.005997769278113631,0.008092181753258904
39.89,5.0,-0.005996769330630614,0.008088495678058466
39.9,5.0,-0.005995769306687661,0.00808481170579576
39.910000000000004,5.0,-0.0059947692066658715,0.008081129834999716
39.92,5.0,-0.005993769030945828,0.008077450064200568
39.93,5.0,-0.0059927687799076045,0.008073772391929827
39.94,5.0,-0.005991768453930758,0.008070096816720298
39.95,5.0,-0.005990768053394338,0.008066423337106065
39.96,5.0,-0.005989767578676884,0.00806275195162251
39.97,5.0,-0.005988767030156423,0.00805908265880629
39.980000000000004,5.0,-0.005987766408210476,0.00805541545719534
39.99,5.0,-0.005986765713216054,0.008051750345328892
40.0,5.0,-0.005985764945549659,0.00804808732174744
