omega,k,ReG,ImG,S_chichi,Theta_recovered
0.03,0.0,0.2499460111554452,0.003749223910346871,0.07498447820693742,0.3
0.049974937343358394,0.0,0.24985023621027883,0.006243280875503889,0.07495694290850707,0.3
0.06994987468671679,0.0,0.24970675032328815,0.008733905295443928,0.07491569071047208,0.2999999999999999
0.08992481203007519,0.0,0.2495157107832263,0.01121973397599221,0.07486076682978081,0.30000000000000004
0.10989974937343358,0.0,0.2492773266047141,0.013699412468029958,0.07479223135339504,0.30000000000000004
0.12987468671679198,0.0,0.24899185795794715,0.01617159750723685,0.07471015907434392,0.3
0.14984962406015037,0.0,0.2486596154613622,0.018634959411246172,0.07461463928838158,0.30000000000000004
0.16982456140350877,0.0,0.24828095934083946,0.02108818442532279,0.07450577555227679,0.29999999999999993
0.18979949874686716,0.0,0.24785629845966747,0.023529977008006984,0.07438368540495012,0.30000000000000004
0.20977443609022556,0.0,0.2473860892241137,0.02595906204855286,0.07424850005285011,0.29999999999999993
0.22974937343358395,0.0,0.246870834370022,0.028374187008424347,0.07410036402112784,0.3
0.24972431077694235,0.0,0.24631108163639295,0.030774123979591034,0.07393943477232127,0.29999999999999993
0.26969924812030077,0.0,0.2457074223323921,0.03315767165288509,0.07376588229440284,0.29999999999999993
0.2896741854636592,0.0,0.245060489804669,0.03552365719023499,0.0735798886601683,0.29999999999999993
0.3096491228070175,0.0,0.2443709578122583,0.03787093799517612,0.07338164756005798,0.3
0.32962406015037593,0.0,0.24363953881666595,0.040198403376647804,0.07317136381059525,0.30000000000000004
0.34959899749373435,0.0,0.24286698219501932,0.04250497610171396,0.07294925284070772,0.29999999999999993
0.3695739348370928,0.0,0.242054072384383,0.044789613833488326,0.07271554015826054,0.2999999999999999
0.3895488721804511,0.0,0.24120162696550212,0.04705131045119426,0.07247046079917586,0.29999999999999993
0.4095238095238095,0.0,0.24031049469434462,0.04928909724994416,0.0722142587615461,0.3
0.42949874686716794,0.0,0.23938155348986287,0.05150204401847364,0.07194718642716104,0.29999999999999993
0.44947368421052636,0.0,0.23841570838639273,0.05368925999371085,0.07166950397286928,0.3
0.46944862155388467,0.0,0.23741388945905054,0.055849894691691986,0.0713814787741768,0.2999999999999999
0.4894235588972431,0.0,0.23637704973038343,0.05798313861495005,0.0710833848034568,0.3
0.5093984962406015,0.0,0.23530616306637098,0.060088223837097283,0.07077550202509761,0.3
0.5293734335839599,0.0,0.23420222206968033,0.06216442446589226,0.07045811578986176,0.29999999999999993
0.5493483709273184,0.0,0.23306623597783116,0.06421105698662284,0.07013151623065608,0.3
0.5693233082706767,0.0,0.2318992285736515,0.0662274804881473,0.06979599766183514,0.3000000000000001
0.5892982456140351,0.0,0.2307022361150891,0.06821309677441173,0.06945185798406908,0.29999999999999993
0.6092731829573935,0.0,0.22947630529109955,0.07016735036470244,0.0690993980967082,0.30000000000000004
0.6292481203007518,0.0,0.22822249120996135,0.07208972838629504,0.06873892131946882,0.30000000000000004
0.6492230576441103,0.0,0.22694185542597456,0.07397976036352533,0.06837073282515428,0.30000000000000004
0.6691979949874687,0.0,0.22563546401008788,0.07583701790763131,0.06799513908500407,0.30000000000000004
0.6891729323308271,0.0,0.22430438566957156,0.0776611143119991,0.06761244732814234,0.29999999999999993
0.7091478696741855,0.0,0.22294968992141748,0.07945170405768928,0.06722296501647218,0.2999999999999999
0.7291228070175438,0.0,0.22157244532370182,0.0812084822343223,0.06682699933623248,0.29999999999999993
0.7490977443609023,0.0,0.22017371776869973,0.08293118388156648,0.06642485670730708,0.29999999999999993
0.7690726817042607,0.0,0.21875456884109254,0.08461958325659653,0.06601684231124683,0.2999999999999999
0.789047619047619,0.0,0.2173160542441648,0.0862734930329785,0.06560325963883701,0.3
0.8090225563909774,0.0,0.21585922229644944,0.08789276343648927,0.06518441005791677,0.3
0.8289974937343358,0.0,0.21438511250085218,0.08947728132339676,0.06476059240203519,0.29999999999999993
0.8489724310776943,0.0,0.21289475418786702,0.0910269692067121,0.06433210258040646,0.3000000000000001
0.8689473684210527,0.0,0.2113891652340926,0.09254178423588146,0.06389923320951231,0.29999999999999993
0.888922305764411,0.0,0.20986935085687122,0.0940217171353116,0.06346227326658849,0.3000000000000001
0.9088972431077694,0.0,0.2083363024855016,0.09546679110702622,0.06302150776512361,0.3
0.9288721804511278,0.0,0.206790996709126,0.09687706070262693,0.06257721745240107,0.29999999999999993
0.9488471177944862,0.0,0.20523439430105975,0.09825261066959083,0.062129678529015686,0.3
0.9688220551378446,0.0,0.20366743931902292,0.09959355477677477,0.0616791623902108,0.30000000000000004
0.988796992481203,0.0,0.2020910582804437,0.10090003462381786,0.061225935388796775,0.3
1.0087719298245614,0.0,0.20050615941173733,0.10217221843894185,0.06077025861933585,0.3
1.0287468671679199,0.0,0.19891363197022155,0.10341029986944521,0.06031238772320799,0.30000000000000004
1.0487218045112783,0.0,0.19731434563710545,0.10461449676897185,0.05985257271410921,0.3
1.0686967418546367,0.0,0.19570914997979327,0.1057850499854153,0.05939105782347602,0.2999999999999999
1.088671679197995,0.0,0.19409887398156386,0.10692222215309073,0.05892808136527907,0.3
1.1086466165413533,0.0,0.19248432563653373,0.10802629649257729,0.058463875619584035,0.29999999999999993
1.1286215538847117,0.0,0.19086629160767618,0.10909757562139939,0.057998666734240124,0.3
1.1485964912280702,0.0,0.18924553694555407,0.11013638037848292,0.05753267464402193,0.30000000000000004
1.1685714285714286,0.0,0.1876228048653305,0.11114304866508964,0.05706611300652523,0.29999999999999993
1.188546365914787,0.0,0.18599881657954473,0.11211793430470299,0.05659918915409378,0.3
1.2085213032581454,0.0,0.1843742711840823,0.11306140592411315,0.05613210406103833,0.3
1.2284962406015036,0.0,0.18274984559472676,0.1139738458577264,0.055665052325396695,0.29999999999999993
1.248471177944862,0.0,0.18112619453165424,0.11485564907690986,0.0551982221644763,0.3
1.2684461152882205,0.0,0.1795039505492207,0.11570722214597215,0.05473179542341728,0.2999999999999998
1.288421052631579,0.0,0.1778837241083936,0.11652898220617981,0.054265947596015114,0.3
1.3083959899749373,0.0,0.1762661036891931,0.11732135598901482,0.05380084785704462,0.3
1.3283709273182958,0.0,0.17465165594053594,0.11808477885969378,0.05333665910533695,0.3
1.3483458646616542,0.0,0.1730409258649078,0.11881969389179237,0.052873538016868504,0.29999999999999993
1.3683208020050126,0.0,0.17143443703533845,0.11952655097365181,0.05241163510713649,0.3
1.388295739348371,0.0,0.16983269184220434,0.12020580594708528,0.051951094802108966,0.30000000000000004
1.4082706766917292,0.0,0.16823617176744587,0.12085791977875435,0.051492055517056046,0.3
1.4282456140350877,0.0,0.16664533768385273,0.12148335776444652,0.051034649742587784,0.3
1.448220551378446,0.0,0.16506063017714262,0.1220825887663544,0.050579004137244296,0.3
1.4681954887218045,0.0,0.16348246988863582,0.1226560844833383,0.05012523962600705,0.3
1.488170426065163,0.0,0.16191125787640862,0.12320431875404214,0.04967347150412222,0.30000000000000004
1.5081453634085213,0.0,0.16034737599289164,0.12372776689263086,0.04922380954565154,0.2999999999999998
1.5281203007518798,0.0,0.15879118727696565,0.12422690505682571,0.04877635811619115,0.3
1.548095238095238,0.0,0.15724303635869363,0.12470220964782758,0.04833121628922263,0.3
1.5680701754385964,0.0,0.15570324987491774,0.12515415674164426,0.047888477965587754,0.3
1.5880451127819548,0.0,0.1541721368940376,0.1255832215512688,0.047448231995602726,0.3
1.6080200501253132,0.0,0.15264998934837537,0.12598987791909497,0.04701056230335309,0.3000000000000001
1.6279949874686717,0.0,0.1511370824726222,0.12637459783890462,0.046575548012737285,0.29999999999999993
1.64796992481203,0.0,0.14963367524694712,0.12673785100671306,0.04614326357485037,0.3000000000000001
1.6679448621553885,0.0,0.14814001084343645,0.12708010439972134,0.04571377889632506,0.3
1.687919799498747,0.0,0.14665631707461618,0.1274018218825887,0.04528715946827186,0.3
1.7078947368421054,0.0,0.1451828068428927,0.1277034638402127,0.04486346649548305,0.3000000000000001
1.7278696741854636,0.0,0.14371967858982782,0.12798548683618013,0.044442757025588926,0.2999999999999999
1.747844611528822,0.0,0.142267116744243,0.12824834329603663,0.04402508407787776,0.3
1.7678195488721804,0.0,0.14082529216822315,0.1284924812145087,0.04361049677151154,0.29999999999999993
1.7877944862155388,0.0,0.13939436260016377,0.12871834388580433,0.04319904045289214,0.29999999999999993
1.8077694235588972,0.0,0.13797447309407654,0.128926369656114,0.04279075682195161,0.30000000000000004
1.8277443609022557,0.0,0.13656575645443525,0.12911699169743276,0.04238568405716045,0.3
1.847719298245614,0.0,0.13516833366591033,0.1292906378018274,0.04198385693906662,0.3
1.8676942355889723,0.0,0.13378231431740073,0.1294477301952775,0.041585306972194994,0.29999999999999993
1.8876691729323307,0.0,0.1324077970198325,0.1295886853702282,0.041190062505154994,0.3000000000000001
1.9076441102756891,0.0,0.13104486981724858,0.1297139139360024,0.040798148848819514,0.3
1.9276190476190476,0.0,0.12969361059076878,0.12982382048623406,0.04040958839245428,0.30000000000000004
1.947593984962406,0.0,0.12835408745504778,0.12991880348249835,0.0400244007176905,0.30000000000000004
1.9675689223057644,0.0,0.12702635914690816,0.12999925515333036,0.039642602710247984,0.29999999999999993
1.9875438596491228,0.0,0.12571047540586958,0.1300655614078436,0.03926420866932872,0.3
2.007518796992481,0.0,0.12440647734633661,0.1301181017631766,0.038889230414612334,0.30000000000000004
2.0274937343358395,0.0,0.12311439782124911,0.13015724928501793,0.038517677390797304,0.3
2.047468671679198,0.0,0.12183426177703323,0.13018337054047968,0.038149556769641386,0.3
2.0674436090225563,0.0,0.12056608659972794,0.1301968255626116,0.037784873549465046,0.29999999999999993
2.0874185463659147,0.0,0.11930988245219222,0.13019796782587087,0.03742363065209091,0.29999999999999993
2.107393483709273,0.0,0.11806565260232846,0.130187144231884,0.03706582901720048,0.29999999999999993
2.127368421052631,0.0,0.11683339374228457,0.13016469510486156,0.036711467694097506,0.2999999999999998
2.1473433583959896,0.0,0.11561309629862318,0.13013095419604886,0.03636054393087466,0.29999999999999993
2.167318295739348,0.0,0.11440474473346844,0.13008624869661833,0.036013053260986215,0.30000000000000004
2.1872932330827064,0.0,0.11320831783666306,0.13003089925843395,0.0356689895872367,0.29999999999999993
2.207268170426065,0.0,0.11202378900898756,0.12996522002213967,0.03532834526320001,0.30000000000000004
2.2272431077694232,0.0,0.11085112653651043,0.12988951865204698,0.03499111117208869,0.30000000000000004
2.2472180451127817,0.0,0.1096902938561552,0.1298040963773196,0.03465727680309858,0.29999999999999993
2.26719298245614,0.0,0.10854124981258378,0.1297092480389751,0.03432683032525691,0.30000000000000004
2.2871679197994985,0.0,0.1074039489065085,0.12960526214224471,0.03399975865880622,0.29999999999999993
2.307142857142857,0.0,0.10627834153455745,0.12949242091385507,0.03367604754416046,0.30000000000000004
2.3271177944862154,0.0,0.1051643742208269,0.12937100036381485,0.03335568160847076,0.2999999999999999
2.347092731829574,0.0,0.10406198984026455,0.12924127035131128,0.03303864442984325,0.2999999999999998
2.367067669172932,0.0,0.1029711278340341,0.12910349465433993,0.032724918599251404,0.30000000000000004
2.3870426065162906,0.0,0.10189172441701955,0.12895793104271153,0.03241448578018872,0.3
2.407017543859649,0.0,0.10082371277763248,0.1288048313540978,0.032107326766108925,0.3
2.426992481203007,0.0,0.09976702327009068,0.12864444157279603,0.03180342153570162,0.30000000000000004
2.4469674185463655,0.0,0.09872158359934041,0.12847700191091063,0.031502749306053235,0.30000000000000004
2.466942355889724,0.0,0.09768731899879805,0.12830274689166568,0.03120528858374371,0.30000000000000004
2.4869172932330823,0.0,0.09666415240108858,0.12812190543457982,0.030911017213929946,0.29999999999999993
2.5068922305764407,0.0,0.09565200460196091,0.12793470094224985,0.030619912427467748,0.3
2.526867167919799,0.0,0.09465079441756055,0.12774135138850465,0.03033195088612407,0.29999999999999993
2.5468421052631576,0.0,0.09366043883524092,0.12754206940770574,0.030047108725931915,0.29999999999999993
2.566817042606516,0.0,0.0926808531580948,0.1273370623849848,0.029765361598739798,0.2999999999999999
2.5867919799498744,0.0,0.09171195114338664,0.1271265325472211,0.029486684712007924,0.30000000000000004
2.606766917293233,0.0,0.09075364513506551,0.12691067705457543,0.029211052866902558,0.2999999999999999
2.6267418546365913,0.0,0.08980584619053804,0.12668968809240894,0.028938440494740522,0.3
2.6467167919799497,0.0,0.08886846420187755,0.12646375296342632,0.028668821691833886,0.29999999999999993
2.666691729323308,0.0,0.08794140801164543,0.1262330541798954,0.028402170252786116,0.3
2.6866666666666665,0.0,0.08702458552349715,0.12599776955580386,0.02813845970228871,0.30000000000000004
2.706641604010025,0.0,0.0861179038077436,0.12575807229882555,0.0278776633254677,0.30000000000000004
2.7266165413533834,0.0,0.08522126920203577,0.12551413110197726,0.027619754196828213,0.29999999999999993
2.746591478696742,0.0,0.08433458740733729,0.12526611023485654,0.027364705207844457,0.30000000000000004
2.7665664160401,0.0,0.08345776357934746,0.12501416963435946,0.027112489093241595,0.30000000000000004
2.786541353383458,0.0,0.08259070241553267,0.12475846499478564,0.026863078456015477,0.3
2.8065162907268166,0.0,0.08173330823792274,0.12449914785724528,0.02661644579123461,0.29999999999999993
2.826491228070175,0.0,0.08088548507182326,0.12423636569829043,0.026372563508668196,0.3
2.8464661654135335,0.0,0.08004713672059317,0.12397026201769974,0.026131403954282963,0.3000000000000001
2.866441102756892,0.0,0.07921816683663267,0.12370097642535226,0.02589293943065055,0.30000000000000004
2.8864160401002503,0.0,0.07839847898872251,0.12342864472713216,0.025657142216306137,0.3000000000000001
2.9063909774436087,0.0,0.07758797672585321,0.12315339900981179,0.025423984584097736,0.29999999999999993
2.926365914786967,0.0,0.0767865636376778,0.12287536772486633,0.02519343881856512,0.30000000000000004
2.9463408521303256,0.0,0.07599414341171913,0.12259467577117825,0.024965477232385503,0.3
2.966315789473684,0.0,0.07521061988745864,0.12231144457659433,0.024740072181922916,0.3
2.9862907268170424,0.0,0.07443589710742968,0.12202579217830307,0.024517196081916322,0.3
3.006265664160401,0.0,0.0736698793654354,0.12173783330200406,0.0242968214193412,0.29999999999999993
3.0262406015037593,0.0,0.07291247125200714,0.12144767943984514,0.024078920766477784,0.3
3.0462155388471177,0.0,0.0721635776972159,0.1211554389271065,0.02386346679321835,0.3000000000000001
3.0661904761904757,0.0,0.07142310401094604,0.1208612170176153,0.02365043227864502,0.3
3.086165413533834,0.0,0.07069095592073674,0.12056511595787608,0.023439790121908385,0.3000000000000001
3.1061403508771925,0.0,0.0699670396072934,0.12026723505990661,0.023231513352436076,0.30000000000000004
3.126115288220551,0.0,0.06925126173776798,0.11996767077277108,0.023025575139500203,0.29999999999999993
3.1460902255639094,0.0,0.06854352949690332,0.11966651675280505,0.022821948801170677,0.30000000000000004
3.166065162907268,0.0,0.06784375061613442,0.11936386393252892,0.02262060781268102,0.3
3.1860401002506262,0.0,0.0671518334007353,0.11905980058824954,0.022421525814232623,0.3
3.2060150375939847,0.0,0.0664676867550977,0.11875441240635072,0.022224676618261694,0.29999999999999993
3.225989974937343,0.0,0.06579122020622441,0.118447782548276,0.022030034216193106,0.30000000000000004
3.2459649122807015,0.0,0.06512234392551758,0.11813999171420857,0.021837572784704,0.30000000000000004
3.26593984962406,0.0,0.06446096874893886,0.11783111820545468,0.0216472666915194,0.2999999999999999
3.2859147869674183,0.0,0.06380700619561591,0.11752123798553862,0.021459090500761165,0.3
3.3058897243107768,0.0,0.06316036848496662,0.11721042474001848,0.021273018977870758,0.3
3.325864661654135,0.0,0.06252096855241032,0.11689874993503334,0.021089027094125922,0.3
3.3458395989974936,0.0,0.06188872006373192,0.11658628287459331,0.02090709003076999,0.2999999999999999
3.365814536340852,0.0,0.061263537428163074,0.11627309075662555,0.020727183182772505,0.30000000000000004
3.3857894736842105,0.0,0.060645335810241535,0.11595923872778888,0.020549282162238346,0.29999999999999993
3.4057644110275684,0.0,0.0600340311405078,0.1156447899370728,0.020373362801482987,0.3
3.425739348370927,0.0,0.05942954012509564,0.11532980558819475,0.020199401155789377,0.3
3.4457142857142853,0.0,0.05883178025427093,0.11501434499081177,0.020027373505862752,0.30000000000000004
3.4656892230576437,0.0,0.05824066980997126,0.11469846561056345,0.019857256359998042,0.3
3.485664160401002,0.0,0.057656127872396094,0.11438222311796224,0.019689026455974458,0.29999999999999993
3.5056390977443606,0.0,0.05707807432569619,0.11406567143614892,0.019522660762691015,0.30000000000000004
3.525614035087719,0.0,0.05650642986280784,0.1137488627875306,0.019358136481556258,0.2999999999999999
3.5455889724310774,0.0,0.055941115989476896,0.11343184773931957,0.019195431047645137,0.2999999999999999
3.565563909774436,0.0,0.05538205502751439,0.1131146752479908,0.01903452213063487,0.30000000000000004
3.5855388471177942,0.0,0.05482917011732508,0.11279739270267707,0.018875387635531822,0.3
3.6055137844611527,0.0,0.05428238521974736,0.11248004596751984,0.01871800570320051,0.3
3.625488721804511,0.0,0.053741625117242314,0.1121626794229952,0.01856235471070536,0.30000000000000004
3.6454636591478695,0.0,0.053206815414467395,0.11184533600623305,0.01840841327147565,0.3
3.665438596491228,0.0,0.052677882538269126,0.11152805725034921,0.018256160235303423,0.3000000000000001
3.6854135338345864,0.0,0.05215475373712746,0.11121088332280857,0.018105574688183697,0.2999999999999999
3.7053884711779443,0.0,0.0516373570800833,0.11089385306283896,0.017956635952006254,0.3
3.7253634085213028,0.0,0.05112562145517887,0.11057700401791377,0.017809323584107157,0.3
3.745338345864661,0.0,0.05061947656743994,0.1102603724793229,0.017663617376688756,0.3000000000000001
3.7653132832080196,0.0,0.050118852936426934,0.10994399351685023,0.017519497356115677,0.3
3.785288220551378,0.0,0.04962368189338142,0.10962790101257633,0.017376943782094496,0.30000000000000004
3.8052631578947365,0.0,0.04913389557799259,0.10931212769382474,0.01723593714674415,0.3
3.825238095238095,0.0,0.048649426934807984,0.10899670516527055,0.01709645817356416,0.3
3.8452130325814533,0.0,0.048170209709310914,0.10868166394022848,0.0169584878163069,0.29999999999999993
3.8651879699248117,0.0,0.04769617844368657,0.10836703347113961,0.016822007257760504,0.3
3.88516290726817,0.0,0.047227268472297294,0.10805284217927333,0.016686997908448076,0.30000000000000004
3.9051378446115286,0.0,0.04676341591688696,0.10773911748366272,0.01655344140524908,0.3
3.925112781954887,0.0,0.046304557681533326,0.1074258858292905,0.01642131960994824,0.29999999999999993
3.9450877192982454,0.0,0.04585063144736621,0.1071131727145425,0.016290614607717142,0.3
3.965062656641604,0.0,0.045401575667068574,0.10680100271794556,0.016161308705533405,0.30000000000000016
3.9850375939849623,0.0,0.04495732955917704,0.10648939952420636,0.016033384430542197,0.3000000000000001
4.005012531328321,0.0,0.04451783310219709,0.10617838594956774,0.015906824528364526,0.29999999999999993
4.02498746867168,0.0,0.04408302702854783,0.10586798396649824,0.01578161196135648,0.29999999999999993
4.0449624060150375,0.0,0.04365285281835034,0.10555821472773065,0.0156577299068235,0.30000000000000004
4.064937343358396,0.0,0.043227252693072996,0.1052490985896657,0.015535161755193547,0.3
4.084912280701754,0.0,0.0428061696090465,0.10494065513515524,0.015413891108152849,0.3
4.104887218045113,0.0,0.04238954725086043,0.10463290319568068,0.015293901776747538,0.30000000000000004
4.124862155388471,0.0,0.04197733002465318,0.10432586087294096,0.015175177779454655,0.29999999999999993
4.14483709273183,0.0,0.0415694630513057,0.1040195455598645,0.015057703340225518,0.3
4.164812030075188,0.0,0.04116589215954983,0.10371397396105987,0.014941462886504511,0.30000000000000004
4.184786967418547,0.0,0.0407665638790005,0.10340916211271786,0.014826441047225988,0.29999999999999993
4.204761904761905,0.0,0.040371425433121694,0.10310512540198011,0.014712622650792182,0.3000000000000001
4.224736842105263,0.0,0.03998042473213424,0.10280187858578618,0.01459999272303429,0.3
4.244711779448622,0.0,0.03959351036587447,0.1024994358092133,0.014488536485159575,0.30000000000000004
4.26468671679198,0.0,0.039210631596611124,0.10219781062332066,0.014378239351686327,0.30000000000000004
4.284661654135339,0.0,0.038831738351828134,0.10189701600251144,0.014269086928369095,0.3
4.304636591478697,0.0,0.0384567812169805,0.10159706436142456,0.014161065010116181,0.3000000000000001
4.3246115288220555,0.0,0.03808571142822949,0.1012979675713679,0.014054159578901127,0.3
4.344586466165413,0.0,0.037718480865163995,0.10099973697630539,0.013948356801670333,0.29999999999999993
4.364561403508772,0.0,0.03735504204351351,0.10070238340840859,0.013843643028248144,0.3
4.38453634085213,0.0,0.03699534810785862,0.10040591720318472,0.013740004789241306,0.3
4.404511278195489,0.0,0.036639352824344155,0.10011034821419154,0.013637428793944154,0.30000000000000004
4.424486215538847,0.0,0.036287010573400016,0.09981568582735029,0.013535901928246009,0.3
4.444461152882206,0.0,0.03593827634247424,0.09952193897486651,0.013435411252542115,0.29999999999999993
4.464436090225564,0.0,0.035593105718782984,0.09922911614876978,0.013335943999649406,0.3
4.484411027568923,0.0,0.035251454882081035,0.09893722541408143,0.013237487572728187,0.3
4.504385964912281,0.0,0.034913280597457436,0.09864627442162087,0.013140029543211033,0.29999999999999993
4.524360902255639,0.0,0.03457854020815897,0.09835627042045932,0.013043557648739742,0.29999999999999993
4.544335839598998,0.0,0.03424719162844577,0.09806722027003062,0.012948059791111428,0.3
4.564310776942356,0.0,0.033919193336481634,0.09777913045190816,0.01285352403423467,0.3
4.5842857142857145,0.0,0.033594504367262155,0.09749200708125652,0.012759938602096522,0.3
4.6042606516290725,0.0,0.03327308430558361,0.09720585591796682,0.0126672918767412,0.3
4.624235588972431,0.0,0.03295489327905484,0.09692068237748373,0.012575572396261179,0.3000000000000001
4.644210526315789,0.0,0.03263989195115491,0.09663649154133278,0.012484768852801375,0.2999999999999999
4.664185463659148,0.0,0.032328041514338324,0.0963532881673558,0.012394870090577145,0.29999999999999993
4.684160401002506,0.0,0.03201930368319026,0.09607107669966213,0.012305865103906468,0.29999999999999993
4.704135338345865,0.0,0.03171364068763339,0.09578986127830338,0.012217743035257106,0.29999999999999993
4.724110275689223,0.0,0.03141101526618828,0.09550964574867936,0.012130493173309128,0.30000000000000004
4.744085213032582,0.0,0.03111139065928871,0.0952304336706817,0.012044104951033177,0.3
4.76406015037594,0.0,0.03081473060265372,0.09495222832758318,0.011958567943785138,0.3000000000000001
4.784035087719299,0.0,0.03052099932071733,0.09467503273467871,0.011873871867417257,0.30000000000000004
4.804010025062657,0.0,0.030230161520117566,0.09439884964768538,0.01179000657640645,0.3000000000000001
4.823984962406015,0.0,0.02994218238324548,0.09412368157090745,0.011706962061999743,0.3
4.843959899749374,0.0,0.02965702756185555,0.09384953076517324,0.011624728450377429,0.3
4.8639348370927316,0.0,0.029374663170738065,0.09357639925554964,0.011543296000834013,0.2999999999999999
4.88390977443609,0.0,0.029095055781454448,0.09330428883884048,0.011462655103977263,0.3
4.903884711779448,0.0,0.028818172416136156,0.09303320109087455,0.011382796279945507,0.3000000000000001
4.923859649122807,0.0,0.028543980541347744,0.09276313737358904,0.01130371017664343,0.3
4.943834586466165,0.0,0.028272448062014833,0.092494098841914,0.0112253875679965,0.3000000000000001
4.963809523809524,0.0,0.028003543315416976,0.09222608645046286,0.011147819352224024,0.3000000000000001
4.983784461152882,0.0,0.027737235065246457,0.09195910096003515,0.011070996550131208,0.29999999999999993
5.003759398496241,0.0,0.027473492495732638,0.09169314294393535,0.010994910303420048,0.30000000000000004
5.023734335839599,0.0,0.027212285205832704,0.09142821279411402,0.010919551873019252,0.30000000000000004
5.043709273182958,0.0,0.026953583203488486,0.09116431072713525,0.01084491263743325,0.2999999999999999
5.063684210526316,0.0,0.026697356899949936,0.09090143678997578,0.01077098409111032,0.3
5.083659147869675,0.0,0.026443577104164857,0.0906395908656597,0.010697757842829713,0.3
5.103634085213033,0.0,0.02619221501723536,0.09037877267873408,0.010625225614108053,0.29999999999999993
5.1236090225563915,0.0,0.025943242226940624,0.0901189818005891,0.010553379237624746,0.29999999999999993
5.1435839598997495,0.0,0.025696630702326185,0.08986021765462748,0.010482210655666506,0.29999999999999993
5.1635588972431075,0.0,0.025452352788359334,0.08960247952128698,0.010411711918590909,0.3
5.183533834586466,0.0,0.02521038120065077,0.08934576654292033,0.010341875183308976,0.3
5.203508771929824,0.0,0.02497068902024207,0.08909007772853618,0.010272692711786704,0.2999999999999999
5.223483709273183,0.0,0.024733249688458747,0.08883541195840512,0.010204156869565432,0.30000000000000004
5.243458646616541,0.0,0.024498037001828853,0.08858176798853443,0.010136260124301024,0.3
5.2634335839599,0.0,0.024265025107066476,0.08832914445501501,0.010068995044321767,0.29999999999999993
5.283408521303258,0.0,0.024034188496120084,0.08807753987824425,0.010002354297204882,0.2999999999999999
5.303383458646617,0.0,0.023805502001285228,0.08782695266702809,0.009936330648371506,0.30000000000000004
5.323358395989975,0.0,0.023578940790381208,0.08757738112256565,0.009870916959700106,0.30000000000000004
5.343333333333334,0.0,0.023354480361991302,0.08732882344231958,0.009806106188158156,0.3
5.363308270676692,0.0,0.023132096540766214,0.08708127772377551,0.009741891384451981,0.30000000000000004
5.383283208020051,0.0,0.022911765472790117,0.0868347419680933,0.00967826569169458,0.30000000000000004
5.4032581453634085,0.0,0.022693463621008984,0.08658921408365346,0.00961522234409139,0.2999999999999999
5.423233082706767,0.0,0.0224771677607206,0.08634469188950124,0.009552754665643775,0.3
5.443208020050125,0.0,0.022262854975125847,0.08610117311869164,0.009490856068870075,0.3000000000000001
5.463182957393484,0.0,0.0220505026509406,0.08585865542153762,0.009429520053544166,0.30000000000000004
5.483157894736842,0.0,0.02184008847406795,0.0856171363687646,0.009368740205451299,0.29999999999999993
5.5031328320802,0.0,0.021631590425329857,0.0853766134545735,0.00930851019516106,0.3
5.523107769423559,0.0,0.02142498677625802,0.08513708409961507,0.009248823776817313,0.30000000000000004
5.543082706766917,0.0,0.021220256084943198,0.08489854565387792,0.009189674786944994,0.3
5.563057644110276,0.0,0.02101737719194242,0.08466099539949244,0.009131057143273514,0.3
5.583032581453634,0.0,0.02081632921624362,0.08442443055345333,0.009072964843576682,0.29999999999999993
5.603007518796993,0.0,0.020617091551286923,0.08418884827026252,0.009015391964528914,0.29999999999999993
5.622982456140351,0.0,0.020419643861042173,0.08395424564449502,0.008958332660577608,0.2999999999999999
5.64295739348371,0.0,0.02022396607614197,0.08372061971328977,0.00890178116283147,0.29999999999999993
5.662932330827068,0.0,0.020030038390069695,0.0834879674587675,0.008845731777964667,0.30000000000000004
5.6829072681704265,0.0,0.019837841255401775,0.0832562858103775,0.00879017888713654,0.2999999999999999
5.702882205513784,0.0,0.01964735538010382,0.08302557164717567,0.008735116944926874,0.3
5.722857142857143,0.0,0.019458561723879716,0.0827958218000352,0.008680540478286264,0.29999999999999993
5.742832080200501,0.0,0.01927144149457334,0.08256703305379237,0.008626444085501768,0.30000000000000004
5.76280701754386,0.0,0.019085976144622045,0.08233920214932858,0.008572822435177293,0.3
5.782781954887218,0.0,0.018902147367561448,0.082112325785591,0.008519670265228851,0.30000000000000004
5.802756892230576,0.0,0.01871993709458084,0.08188640062155318,0.008466982381894283,0.3
5.822731829573935,0.0,0.018539327491128577,0.08166142327811736,0.008414753658757396,0.3
5.842706766917293,0.0,0.01836030095356694,0.08143739033996016,0.008362979035786304,0.30000000000000004
5.862681704260652,0.0,0.01818284010587564,0.08121429835732308,0.008311653518385755,0.3
5.88265664160401,0.0,0.01800692779640363,0.08099214384774966,0.008260772176463359,0.29999999999999993
5.902631578947369,0.0,0.017832547094668288,0.08077092329777023,0.008210330143509411,0.29999999999999993
5.922606516290727,0.0,0.017659681288201706,0.08055063316453631,0.008160322615690269,0.29999999999999993
5.9425814536340855,0.0,0.017488313879443135,0.0803312698774057,0.008110744850955013,0.3
5.9625563909774435,0.0,0.01731842858267726,0.08011282983947958,0.008061592168155246,0.30000000000000016
5.982531328320802,0.0,0.017150009321017488,0.07989530942909327,0.008012859946177859,0.3000000000000001
6.00250626566416,0.0,0.01698304022343383,0.07967870500126169,0.007964543623090627,0.30000000000000004
6.022481203007519,0.0,0.016817505621824557,0.07946301288908067,0.00791663869530036,0.29999999999999993
6.042456140350877,0.0,0.016653390048131364,0.0792482294050859,0.007869140716723587,0.30000000000000004
6.062431077694236,0.0,0.01649067823149703,0.0790343508425698,0.00782204529796942,0.30000000000000004
6.082406015037594,0.0,0.01632935509546542,0.07882137347685837,0.007775348105534637,0.3000000000000001
6.102380952380952,0.0,0.01616940575522288,0.07860929356654867,0.007729044861010638,0.3
6.122355889724311,0.0,0.01601081551488071,0.07839810735470791,0.007683131340302222,0.3
6.142330827067669,0.0,0.015853569864798054,0.0781878110700357,0.007637603372857955,0.30000000000000004
6.162305764411028,0.0,0.015697654478944528,0.07797840092798991,0.007592456840911998,0.3
6.182280701754386,0.0,0.01554305521230228,0.07776987313187779,0.007547687678737251,0.29999999999999993
6.202255639097745,0.0,0.015389758098306592,0.07756222387391258,0.0075032918719095945,0.30000000000000004
6.222230576441103,0.0,0.015237749346324865,0.07735544933623728,0.0074592654565831164,0.30000000000000004
6.242205513784461,0.0,0.015087015339173032,0.07714954569191602,0.0074156045187761775,0.30000000000000004
6.262180451127819,0.0,0.014937542630669208,0.07694450910589413,0.007372305193668102,0.3
6.282155388471178,0.0,0.014789317943223782,0.07674033573592778,0.0073293636649064105,0.30000000000000004
6.302130325814536,0.0,0.014642328165465643,0.07653702173348399,0.007286776163924388,0.30000000000000004
6.322105263157895,0.0,0.014496560349903789,0.07633456324461182,0.007244538969268853,0.3
6.342080200501253,0.0,0.014352001710624014,0.07613295641078568,0.007202648405938018,0.30000000000000004
6.362055137844612,0.0,0.01420863962102,0.07593219736972133,0.007161100844729202,0.30000000000000004
6.38203007518797,0.0,0.014066461611558423,0.07573228225616552,0.007119892701596362,0.3
6.402005012531329,0.0,0.013925455367577472,0.07553320720265992,0.007079020437017218,0.29999999999999993
6.421979949874687,0.0,0.013785608727118398,0.07533496834028017,0.007038480555369861,0.3
6.441954887218045,0.0,0.01364690967878948,0.07513756179935037,0.006998269604318681,0.3
6.461929824561404,0.0,0.01350934635966201,0.0749409837101344,0.006958384174209529,0.29999999999999993
6.481904761904762,0.0,0.013372907053197856,0.07474523020350392,0.0069188208974739155,0.3
6.5018796992481205,0.0,0.01323758018720796,0.07455029741158435,0.006879576448042129,0.3
6.5218546365914785,0.0,0.01310335433184154,0.07435618146837909,0.006840647540765174,0.29999999999999993
6.541829573934837,0.0,0.012970218197605311,0.07416287851037268,0.006802030930845347,0.3
6.561804511278195,0.0,0.012838160633412482,0.07397038467711355,0.006763723413275349,0.30000000000000004
6.581779448621554,0.0,0.012707170624660862,0.0737786961117768,0.006725721822285784,0.3
6.601754385964912,0.0,0.012577237291339877,0.07358780896170788,0.006688023030800982,0.3
6.621729323308271,0.0,0.012448349886165805,0.07339771937894718,0.0066506239499029,0.30000000000000004
6.641704260651629,0.0,0.01232049779274504,0.07320842352073668,0.006613521528303106,0.3
6.661679197994988,0.0,0.012193670523764738,0.07301991755000868,0.006576712751822634,0.30000000000000004
6.681654135338346,0.0,0.012067857719210663,0.07283219763585733,0.0065401946428796315,0.29999999999999993
6.701629072681705,0.0,0.011943049144611563,0.07264525995399355,0.006503964259984687,0.29999999999999993
6.721604010025063,0.0,0.01181923468930991,0.07245910068718356,0.00646801869724367,0.3
6.741578947368422,0.0,0.011696404364758411,0.0722737160256716,0.006432355083868033,0.30000000000000004
6.7615538847117795,0.0,0.01157454830284203,0.07208910216758745,0.006396970583692419,0.29999999999999993
6.7815288220551375,0.0,0.01145365675422503,0.07190525531933879,0.006361862394699486,0.30000000000000004
6.801503759398496,0.0,0.01133372008672272,0.07172217169598936,0.0063270277485517916,0.3
6.821478696741854,0.0,0.011214728783697538,0.07153984752162283,0.006292463910130725,0.29999999999999993
6.841453634085213,0.0,0.011096673442478973,0.07135827902969301,0.00625816817708225,0.2999999999999999
6.861428571428571,0.0,0.01097954477280713,0.07117746246336092,0.006224137879369473,0.29999999999999993
6.88140350877193,0.0,0.010863333595299424,0.07099739407581879,0.006190370378831842,0.29999999999999993
6.901378446115288,0.0,0.010748030839940175,0.07081807013060167,0.006156863068750947,0.3000000000000001
6.921353383458647,0.0,0.01063362754459263,0.07063948690188668,0.006123613373422726,0.3
6.941328320802005,0.0,0.01052011485353316,0.0704616406747807,0.006090618747736126,0.3
6.961303258145364,0.0,0.010407484016007204,0.07028452774559629,0.006057876676757929,0.3
6.981278195488722,0.0,0.010295726384806752,0.07010814442211667,0.00602538467532381,0.3
7.001253132832081,0.0,0.010184833414868828,0.06993248702384974,0.005993140287635447,0.2999999999999999
7.021228070175439,0.0,0.010074796661894909,0.06975755188227169,0.005961141086863627,0.30000000000000004
7.0412030075187975,0.0,0.009965607780990695,0.06958333534106025,0.005929384674757183,0.3
7.061177944862155,0.0,0.009857258525326122,0.0694098337563182,0.005897868681257815,0.3
7.081152882205513,0.0,0.009749740744815152,0.06923704349678712,0.005866590764120519,0.2999999999999999
7.101127819548872,0.0,0.00964304638481513,0.06906496094405179,0.005835548608539714,0.3
7.12110275689223,0.0,0.00953716748484539,0.0688935824927356,0.005804739926780826,0.2999999999999999
7.141077694235589,0.0,0.009432096177324744,0.06872290455068708,0.0057741624578173814,0.3
7.161052631578947,0.0,0.009327824686327648,0.06855292353915794,0.005743813966973398,0.3
7.181027568922306,0.0,0.009224345326358671,0.06838363589297268,0.005713692245571092,0.30000000000000004
7.201002506265664,0.0,0.009121650501145096,0.06821503806069029,0.0056837951105837585,0.29999999999999993
7.220977443609023,0.0,0.009019732702447209,0.06804712650475804,0.005654120404293769,0.3000000000000001
7.240952380952381,0.0,0.008918584508886183,0.0678798977016577,0.005624665993955589,0.29999999999999993
7.26092731829574,0.0,0.008818198584789121,0.06771334814204437,0.005595429771463776,0.3
7.280902255639098,0.0,0.008718567679051097,0.06754747433087827,0.005566409653025823,0.3
7.3008771929824565,0.0,0.008619684624013878,0.06738227278754937,0.0055376035788398115,0.29999999999999993
7.3208521303258145,0.0,0.008521542334361127,0.06721774004599561,0.005509009512776822,0.3000000000000001
7.340827067669173,0.0,0.0084241338060297,0.06705387265481423,0.005480625442067925,0.3000000000000001
7.360802005012531,0.0,0.008327452115136984,0.0668906671773671,0.005452449376995833,0.29999999999999993
7.380776942355889,0.0,0.008231490416923816,0.06672812019187963,0.005424479350591011,0.30000000000000004
7.400751879699248,0.0,0.0081362419447129,0.06656622829153395,0.005396713418332226,0.30000000000000004
7.420726817042606,0.0,0.008041700008882432,0.06640498808455622,0.005369149657851494,0.2999999999999999
7.440701754385965,0.0,0.007947857995854611,0.06624439619429821,0.005341786168643307,0.30000000000000004
7.460676691729323,0.0,0.007854709367098974,0.06608444925931369,0.005314621071778075,0.29999999999999993
7.480651629072682,0.0,0.007762247658150145,0.06592514393342934,0.005287652509619798,0.29999999999999993
7.50062656641604,0.0,0.007670466477639933,0.06576647688581073,0.005260878645547771,0.3
7.520601503759399,0.0,0.007579359506343413,0.0656084448010232,0.0052342976636823675,0.30000000000000004
7.540576441102757,0.0,0.007488920496238899,0.06545104437908801,0.005207907768614804,0.3000000000000001
7.560551378446116,0.0,0.0073991432695814895,0.06529427233553387,0.005181707185140786,0.3
7.580526315789474,0.0,0.007310021717990058,0.06513812540144388,0.005155694157998059,0.30000000000000004
7.600501253132832,0.0,0.007221549801547394,0.06498260032349822,0.005129866951607686,0.29999999999999993
7.62047619047619,0.0,0.007133721547913408,0.06482769386401246,0.005104223849819141,0.30000000000000004
7.640451127819549,0.0,0.007046531051451049,0.06467340280097197,0.005078763155659001,0.30000000000000004
7.660426065162907,0.0,0.006959972472364891,0.06451972392806217,0.005053483191083323,0.30000000000000004
7.680401002506266,0.0,0.0068740400358520415,0.06436665405469497,0.0050283822967335315,0.3
7.700375939849624,0.0,0.006788728031265339,0.0642141900060317,0.005003458831695876,0.30000000000000016
7.720350877192982,0.0,0.006704030811288493,0.0640623286230021,0.004978711173264263,0.3
7.740325814536341,0.0,0.006619942791123099,0.06391106676232014,0.004954137716706581,0.29999999999999993
7.760300751879699,0.0,0.006536458447687305,0.06376040129649624,0.004929736875034299,0.30000000000000004
7.780275689223058,0.0,0.006453572318825907,0.06361032911384629,0.004905507078775388,0.3
7.800250626566416,0.0,0.006371279002531787,0.06346084711849762,0.004881446775750516,0.30000000000000004
7.820225563909775,0.0,0.006289573156178413,0.06331195223039171,0.004857554430852388,0.3000000000000001
7.840200501253133,0.0,0.00620844949576334,0.06316364138528414,0.004833828525828269,0.3
7.8601754385964915,0.0,0.006127902795162438,0.06301591153474156,0.0048102675590656,0.29999999999999993
7.8801503759398495,0.0,0.006047927885394774,0.06286875964613592,0.0047868700453806545,0.30000000000000016
7.900125313283208,0.0,0.005968519653897888,0.062722182702636,0.00476363451581018,0.3
7.920100250626566,0.0,0.005889673043813424,0.06257617770319653,0.004740559517406064,0.3000000000000001
7.940075187969925,0.0,0.0058113830532828085,0.062430741662544496,0.004717643613032823,0.3000000000000001
7.960050125313283,0.0,0.0057336447347529785,0.062285871611163335,0.004694885381168018,0.2999999999999999
7.980025062656642,0.0,0.005656453194291868,0.06214156459527468,0.004672283415705493,0.30000000000000004
8.0,0.0,0.0055798035909136,0.06199781767681778,0.004649836325761335,0.3000000000000001
0.03,1.5,0.247166605887766,0.0036662863633065606,0.0733257272661312,0.29999999999999993
0.049974937343358394,1.5,0.24707403370268669,0.006105223391190412,0.07329942225932723,0.30000000000000004
0.06994987468671679,1.5,0.24693534311627674,0.008540881144507372,0.07326001239681351,0.30000000000000004
0.08992481203007519,1.5,0.2467506826544279,0.010971957104786467,0.07320753987976254,0.3
0.10989974937343358,1.5,0.2465202497017651,0.013397156916115687,0.07314206079174675,0.29999999999999993
0.12987468671679198,1.5,0.24624428997545592,0.015815196663613664,0.07306364494923022,0.29999999999999993
0.14984962406015037,1.5,0.24592309687246058,0.018224805113056203,0.07297237571610063,0.3000000000000001
0.16982456140350877,1.5,0.24555701069344762,0.020624725903537,0.07286834978315755,0.2999999999999999
0.18979949874686716,1.5,0.24514641774718943,0.023013719685338743,0.07275167691364183,0.30000000000000004
0.20977443609022556,1.5,0.2446917493398068,0.02539056619553474,0.07262247965604562,0.30000000000000004
0.22974937343358395,1.5,0.24419348065375898,0.027754066264228987,0.07248089302559638,0.30000000000000004
0.24972431077694235,1.5,0.24365212952195897,0.030103043744770533,0.07232706415594206,0.30000000000000004
0.26969924812030077,1.5,0.2430682551028401,0.032436347361741884,0.07216115192269314,0.3000000000000001
0.2896741854636592,1.5,0.2424424564626016,0.03475285247101731,0.07198332654059132,0.3000000000000001
0.3096491228070175,1.5,0.2417753710712143,0.03705146272670998,0.07179376913617457,0.29999999999999993
0.32962406015037593,1.5,0.24106767321907607,0.03933111165037295,0.07159267129789601,0.3
0.34959899749373435,1.5,0.24032007236146247,0.041590764098382915,0.07138023460572707,0.3
0.3695739348370928,1.5,0.23953331139812617,0.0438294176240125,0.07115667014233415,0.3000000000000001
0.3895488721804511,1.5,0.23870816489555582,0.04604610373128282,0.07092219798796308,0.2999999999999998
0.4095238095238095,1.5,0.2378454372595082,0.048239889018275715,0.07067704670119467,0.30000000000000004
0.42949874686716794,1.5,0.2369459608654869,0.050409876208173936,0.07042145278775071,0.3
0.44947368421052636,1.5,0.23601059415484588,0.05255520506687906,0.07015566015953408,0.29999999999999993
0.46944862155388467,1.5,0.23504021970415662,0.054675053206628986,0.0698799195860711,0.2999999999999999
0.4894235588972431,1.5,0.23403574227539142,0.056768636775595335,0.0695944881405035,0.29999999999999993
0.5093984962406015,1.5,0.23299808685434847,0.058835211033981615,0.0692996286422396,0.30000000000000004
0.5293734335839599,1.5,0.2319281966845714,0.0608740708176618,0.06899560909832511,0.2999999999999999
0.5493483709273184,1.5,0.2308270313038124,0.06288455089089487,0.0686827021455369,0.3000000000000001
0.5693233082706767,1.5,0.22969556458984194,0.06486602619011766,0.06836118449513195,0.3000000000000001
0.5892982456140351,1.5,0.22853478282213713,0.06681791196125812,0.06803133638210859,0.3
0.6092731829573935,1.5,0.2273456827656773,0.06873966379341699,0.06769344102074877,0.3
0.6292481203007518,1.5,0.22612926978274756,0.07063077755214063,0.06734778406811831,0.29999999999999993
0.6492230576441103,1.5,0.224886555978305,0.07249078921584673,0.06699465309710355,0.29999999999999993
0.6691979949874687,1.5,0.2236185583840943,0.07431927461926935,0.06663433708045796,0.3
0.6891729323308271,1.5,0.2223262971863201,0.0761158491080578,0.06626712588722468,0.3000000000000001
0.7091478696741855,1.5,0.2210107940012926,0.07788016710889668,0.06589330979278976,0.3
0.7291228070175438,1.5,0.21967307020306445,0.07961192161971087,0.06551317900370816,0.3
0.7490977443609023,1.5,0.21831414530667395,0.08131084362468065,0.06512702319832897,0.3
0.7690726817042607,1.5,0.21693503541020626,0.08297670143891835,0.064735131084133,0.3
0.789047619047619,1.5,0.2155367516984833,0.08460929998775159,0.06433778997258117,0.3
0.8090225563909774,1.5,0.21412029901079352,0.0862084800256175,0.0639352853721587,0.3
0.8289974937343358,1.5,0.21268667447468506,0.08777411729960262,0.06352790060019006,0.3
0.8489724310776943,1.5,0.21123686620746276,0.08930612166266262,0.06311591641389097,0.3
0.8689473684210527,1.5,0.20977185208666138,0.0908044361415281,0.06269961066101878,0.3
0.888922305764411,1.5,0.20829259859041052,0.09226903596424921,0.062279257950381355,0.3
0.9088972431077694,1.5,0.20680005970826545,0.0936999275522544,0.06185512934236785,0.3
0.9288721804511278,1.5,0.20529517592275257,0.09509714748169773,0.06142749205957164,0.30000000000000004
0.9488471177944862,1.5,0.20377887326157176,0.09646076141875241,0.06099660921748944,0.3
0.9688220551378446,1.5,0.20225206242010688,0.09779086303336776,0.060562739575197234,0.3
0.988796992481203,1.5,0.20071563795362615,0.09908757289585665,0.0601261373058274,0.30000000000000004
1.0087719298245614,1.5,0.19917047753830378,0.10035103736051211,0.05968705178660025,0.30000000000000004
1.0287468671679199,1.5,0.19761744129996228,0.10158142744027453,0.05924572740809736,0.30000000000000004
1.0487218045112783,1.5,0.19605737120922434,0.10277893767628209,0.058802403402404,0.30000000000000004
1.0686967418546367,1.5,0.19449109054157296,0.1039437850059419,0.05835731368969417,0.30000000000000004
1.088671679197995,1.5,0.19291940340064626,0.10507620763295726,0.05791068674278273,0.29999999999999993
1.1086466165413533,1.5,0.19134309430294194,0.10617646390253951,0.057462745469126164,0.3
1.1286215538847117,1.5,0.18976292782197499,0.10724483118482533,0.05701370710971572,0.29999999999999993
1.1485964912280702,1.5,0.18817964828981557,0.10828160476930856,0.05656378315427452,0.3
1.1685714285714286,1.5,0.18659397955384038,0.10928709677288688,0.056113179272142405,0.3
1.188546365914787,1.5,0.18500662478644936,0.110261635063914,0.055662095258210156,0.29999999999999993
1.2085213032581454,1.5,0.18341826634543806,0.1112055622044424,0.05521072499324659,0.29999999999999993
1.2284962406015036,1.5,0.18182956568266734,0.11211923441263927,0.054759256417948536,0.2999999999999999
1.248471177944862,1.5,0.18024116329864018,0.11300302054715992,0.05430787152003469,0.29999999999999993
1.2684461152882205,1.5,0.17865367874057472,0.11385730111507053,0.053856746333697976,0.3
1.288421052631579,1.5,0.17706771064155763,0.1146824673047264,0.05340605095073042,0.29999999999999993
1.3083959899749373,1.5,0.17548383679836488,0.11547892004483035,0.052955949542634564,0.2999999999999999
1.3283709273182958,1.5,0.17390261428555467,0.1162470690907255,0.05250660039304117,0.3
1.3483458646616542,1.5,0.1723245796034617,0.11698733213880975,0.052058155939759196,0.29999999999999993
1.3683208020050126,1.5,0.1707502488577573,0.11770013396980374,0.05161076282579496,0.30000000000000004
1.388295739348371,1.5,0.1691801179682814,0.11838590562145418,0.05116456195868816,0.30000000000000004
1.4082706766917292,1.5,0.1676146629049033,0.11904508359111496,0.05071968857752789,0.3
1.4282456140350877,1.5,0.16605433994822283,0.11967810906851548,0.05027627232702653,0.3
1.448220551378446,1.5,0.16449958597298542,0.12028542719890252,0.0498344373380473,0.2999999999999999
1.4681954887218045,1.5,0.16295081875215037,0.12086748637662742,0.04939430231400046,0.30000000000000004
1.488170426065163,1.5,0.16140843727962148,0.12142473756914261,0.04895598062254159,0.30000000000000004
1.5081453634085213,1.5,0.15987282210972192,0.12195763367127313,0.048519580392027896,0.3
1.5281203007518798,1.5,0.1583443357115717,0.12246662888953999,0.04808520461220867,0.3
1.548095238095238,1.5,0.156823322836602,0.12295217815622682,0.04765295123864836,0.3
1.5680701754385964,1.5,0.15531011089752153,0.12341473657280894,0.04722291330040351,0.30000000000000004
1.5880451127819548,1.5,0.1538050103571283,0.12385475888229489,0.0467951790104973,0.30000000000000004
1.6080200501253132,1.5,0.15230831512544046,0.12427269896997001,0.04636983187875751,0.3
1.6279949874686717,1.5,0.15082030296370139,0.12466900939197903,0.04594695082660804,0.30000000000000004
1.64796992481203,1.5,0.14934123589389123,0.12504414093113553,0.04552661030342466,0.3000000000000001
1.6679448621553885,1.5,0.14787136061245848,0.12539854217930643,0.04510888040409003,0.3
1.687919799498747,1.5,0.14641090890706127,0.125732659145684,0.04469382698740385,0.3
1.7078947368421054,1.5,0.1449600980751843,0.12604693489022709,0.04428151179502585,0.30000000000000004
1.7278696741854636,1.5,0.14351913134357305,0.12634180918152985,0.043871992570651046,0.3
1.747844611528822,1.5,0.14208819828749786,0.12661771817835496,0.043465323179136754,0.3
1.7678195488721804,1.5,0.1406674752489332,0.12687509413405404,0.04306155372532116,0.29999999999999993
1.7877944862155388,1.5,0.1392571257528041,0.12711436512308585,0.04266073067229297,0.29999999999999993
1.8077694235588972,1.5,0.13785730092051882,0.1273359547888353,0.04226289695888974,0.3
1.8277443609022557,1.5,0.13646813988007,0.12754028211193286,0.04186809211622132,0.29999999999999993
1.847719298245614,1.5,0.13508977017204893,0.12772776119827314,0.041476352383032114,0.30000000000000004
1.8676942355889723,1.5,0.13372230815097436,0.12789880108593335,0.04108771081973195,0.3
1.8876691729323307,1.5,0.1323658593813951,0.1280538055701971,0.04070219742094213,0.30000000000000004
1.9076441102756891,1.5,0.131020519028278,0.1281931730458969,0.04031983922641754,0.29999999999999993
1.9276190476190476,1.5,0.1296863722412446,0.12831729636629835,0.039940660430221334,0.30000000000000004
1.947593984962406,1.5,0.12836349453226717,0.12842656271775926,0.03956468248804072,0.29999999999999993
1.9675689223057644,1.5,0.1270519521464813,0.12852135350941152,0.03919192422254747,0.3
1.9875438596491228,1.5,0.12575180242581488,0.12860204427712732,0.03882240192671687,0.3
2.007518796992481,1.5,0.12446309416517451,0.1286690046010477,0.03845612946503223,0.3
2.0274937343358395,1.5,0.12318586796096771,0.1287225980359682,0.038093118372511704,0.3000000000000001
2.047468671679198,1.5,0.12192015655177624,0.12876318205389475,0.03773337795150489,0.3
2.0674436090225563,1.5,0.12066598515102872,0.1287911079981016,0.03737691536621634,0.29999999999999993
2.0874185463659147,1.5,0.11942337177155195,0.128806721048042,0.03702373573492129,0.2999999999999999
2.107393483709273,1.5,0.11819232754191039,0.12881036019448433,0.036673842219848436,0.3000000000000001
2.127368421052631,1.5,0.11697285701446887,0.12880235822426336,0.0363272361147106,0.29999999999999993
2.1473433583959896,1.5,0.11576495846513997,0.12878304171406055,0.035983916929873246,0.3
2.167318295739348,1.5,0.11456862418480042,0.12875273103264565,0.035643882475155396,0.3000000000000001
2.1872932330827064,1.5,0.11338384076238078,0.12871174035103347,0.035307128940264935,0.3
2.207268170426065,1.5,0.11221058935965482,0.1286603776600311,0.034973650972875484,0.2999999999999999
2.2272431077694232,1.5,0.11104884597777005,0.12859894479467035,0.03464344175435661,0.3
2.2472180451127817,1.5,0.10989858171557934,0.12852773746504198,0.03431649307317435,0.3
2.26719298245614,1.5,0.10875976301984715,0.12844704529306808,0.03399279539598335,0.29999999999999993
2.2871679197994985,1.5,0.10763235192741762,0.12835715185476868,0.033672337936434746,0.29999999999999993
2.307142857142857,1.5,0.10651630629944384,0.12825833472759932,0.03335510872172862,0.30000000000000004
2.3271177944862154,1.5,0.1054115800477882,0.12815086554245447,0.0330410946569418,0.3
2.347092731829574,1.5,0.10431812335371331,0.12803501003995194,0.032730281587165365,0.3
2.367067669172932,1.5,0.10323588287899169,0.12791102813063077,0.03242265435748789,0.30000000000000004
2.3870426065162906,1.5,0.10216480196956923,0.12777917395871363,0.03211819687086299,0.2999999999999999
2.407017543859649,1.5,0.1011048208519246,0.12763969596910288,0.03181689214390174,0.3
2.426992481203007,1.5,0.10005587682227142,0.12749283697729477,0.03151872236063113,0.29999999999999993
2.4469674185463655,1.5,0.09901790442875558,0.12733883424191528,0.031223668924262572,0.29999999999999993
2.466942355889724,1.5,0.09799083564680296,0.12717791953959437,0.030931712507013945,0.3
2.4869172932330823,1.5,0.09697460004777698,0.12701031924191336,0.030642833098030866,0.30000000000000004
2.5068922305764407,1.5,0.09596912496110668,0.1268362543941731,0.030357010049452685,0.30000000000000004
2.526867167919799,1.5,0.09497433563004906,0.12665594079574635,0.030074222120669777,0.30000000000000004
2.5468421052631576,1.5,0.09399015536124972,0.126469589081791,0.029794447520818716,0.3
2.566817042606516,1.5,0.09301650566826687,0.12627740480611377,0.029517663949562217,0.30000000000000004
2.5867919799498744,1.5,0.09205330640922438,0.12607958852498788,0.029243848636200963,0.3
2.606766917293233,1.5,0.09110047591875854,0.12587633588173935,0.028972978377164116,0.29999999999999993
2.6267418546365913,1.5,0.09015793113442357,0.12566783769192882,0.02870502957192531,0.3
2.6467167919799497,1.5,0.08922558771771873,0.12545428002896686,0.028439978257390502,0.3
2.666691729323308,1.5,0.08830336016990017,0.12523584431001192,0.02817780014080398,0.2999999999999999
2.6866666666666665,1.5,0.08739116194273731,0.12501270738200942,0.027918470631217985,0.3
2.706641604010025,1.5,0.0864889055443731,0.12478504160774129,0.027661964869571055,0.29999999999999993
2.7266165413533834,1.5,0.08559650264044452,0.12455301495176369,0.027408257757419868,0.3
2.746591478696742,1.5,0.08471386415061817,0.12431679106612005,0.027157323984368088,0.30000000000000004
2.7665664160401,1.5,0.08384090034069225,0.12407652937572514,0.02690913805423569,0.3000000000000001
2.786541353383458,1.5,0.08297752091041447,0.1238323851633228,0.026663674310010963,0.30000000000000004
2.8065162907268166,1.5,0.08212363507716276,0.12358450965392924,0.02642090695762695,0.3
2.826491228070175,1.5,0.08127915165563165,0.12333305009867945,0.02618081008860305,0.3
2.8464661654135335,1.5,0.08044397913366519,0.12307814985800207,0.02594335770159165,0.30000000000000004
2.866441102756892,1.5,0.07961802574437421,0.12281994848405411,0.025708523722869043,0.29999999999999993
2.8864160401002503,1.5,0.07880119953467175,0.12255858180235313,0.02547628202580868,0.3
2.9063909774436087,1.5,0.07799340843035812,0.1222941819925501,0.025246606449373942,0.29999999999999993
2.926365914786967,1.5,0.07719456029788335,0.12202687766829179,0.025019470815666956,0.29999999999999993
2.9463408521303256,1.5,0.07640456300291176,0.12175679395612674,0.024794848946568738,0.3
2.966315789473684,1.5,0.07562332446580985,0.12148405257341302,0.024572714679505114,0.29999999999999993
2.9862907268170424,1.5,0.07485075271417568,0.12120877190519169,0.024353041882372146,0.2999999999999999
3.006265664160401,1.5,0.07408675593252456,0.12093106707999286,0.024135804467653444,0.30000000000000016
3.0262406015037593,1.5,0.07333124250924242,0.12065105004454629,0.02392097640576112,0.29999999999999993
3.0462155388471177,1.5,0.07258412108091518,0.12036882963737147,0.023708531737631416,0.3
3.0661904761904757,1.5,0.07184530057413922,0.12008451166122616,0.023498444586604286,0.3
3.086165413533834,1.5,0.07111469024491449,0.11979819895439509,0.023290689169616352,0.3
3.1061403508771925,1.5,0.07039219971571954,0.11950999146080461,0.023085239807735213,0.30000000000000004
3.126115288220551,1.5,0.06967773901036346,0.11921998629895042,0.022882070936061906,0.3
3.1460902255639094,1.5,0.06897121858670739,0.1189282778296296,0.022681157113028323,0.29999999999999993
3.166065162907268,1.5,0.06827254936734532,0.1186349577224699,0.022482473029114592,0.3
3.1860401002506262,1.5,0.06758164276833052,0.1183401150212516,0.02228599351501116,0.3
3.2060150375939847,1.5,0.06689841072603124,0.11804383620801973,0.022091693549249468,0.29999999999999993
3.225989974937343,1.5,0.06622276572219651,0.11774620526598605,0.02189954826532398,0.30000000000000004
3.2459649122807015,1.5,0.06555462080731013,0.11744730374122217,0.021709532958327744,0.30000000000000004
3.26593984962406,1.5,0.06489388962230785,0.11714721080314695,0.021521623091123068,0.3
3.2859147869674183,1.5,0.06424048641873077,0.11684600330381284,0.021335794300067733,0.3000000000000001
3.3058897243107768,1.5,0.06359432607738462,0.11654375583599708,0.021152022400316665,0.29999999999999993
3.325864661654135,1.5,0.06295532412557263,0.11624054079010539,0.02097028339071848,0.3000000000000001
3.3458395989974936,1.5,0.06232339675296696,0.11593642840989651,0.020790553458324947,0.29999999999999993
3.365814536340852,1.5,0.06169846082618125,0.11563148684703738,0.020612808982531674,0.2999999999999999
3.3857894736842105,1.5,0.06108043390210485,0.11532578221449959,0.02043702653886671,0.30000000000000004
3.4057644110275684,1.5,0.06046923424005634,0.11501937863880882,0.02026318290244376,0.2999999999999999
3.425739348370927,1.5,0.059864780812812546,0.11471233831115947,0.020091255051095987,0.29999999999999993
3.4457142857142853,1.5,0.05926699331656666,0.11440472153740788,0.019921220168205352,0.29999999999999993
3.4656892230576437,1.5,0.05867579217986687,0.11409658678695758,0.019753055645242407,0.30000000000000004
3.485664160401002,1.5,0.058091098571585356,0.1137879907405514,0.019586739084030545,0.2999999999999999
3.5056390977443606,1.5,0.0575128344079652,0.11347898833698494,0.019422248298748303,0.2999999999999999
3.525614035087719,1.5,0.05694092235879099,0.11316963281875698,0.019259561317682562,0.2999999999999999
3.5455889724310774,1.5,0.056375285852727,0.1128599757766726,0.019098656384745363,0.29999999999999993
3.565563909774436,1.5,0.055815849081865244,0.11255006719341491,0.01893951196076613,0.3000000000000001
3.5855388471177942,1.5,0.05526253700552385,0.11223995548610206,0.01878210672457088,0.3
3.6055137844611527,1.5,0.05471527535333435,0.11192968754784584,0.01862641957385951,0.29999999999999993
3.625488721804511,1.5,0.054173990627655454,0.111619308788329,0.018472429625891563,0.29999999999999993
3.6454636591478695,1.5,0.05363861010534864,0.11130886317341794,0.01832011621799074,0.3
3.665438596491228,1.5,0.053109061838950096,0.11099839326382831,0.018169458907877894,0.3
3.6854135338345864,1.5,0.05258527465727137,0.11068794025286013,0.01802043747384168,0.3
3.7053884711779443,1.5,0.052067178165460457,0.11037754400322022,0.017873031914755942,0.3
3.7253634085213028,1.5,0.05155470274455309,0.11006724308294873,0.017727222449952184,0.3
3.745338345864661,1.5,0.05104777955054322,0.10975707480046727,0.01758298951895547,0.3
3.7653132832080196,1.5,0.050546340512999895,0.10944707523876583,0.017440313781091444,0.3
3.785288220551378,1.5,0.05005031833325716,0.10913727928874542,0.017299176114971997,0.3
3.8052631578947365,1.5,0.04955964648220187,0.10882772068173367,0.017159557617866722,0.3
3.825238095238095,1.5,0.049074259197683684,0.10851843202119044,0.017021439604967003,0.29999999999999993
3.8452130325814533,1.5,0.048594091481570054,0.10820944481361984,0.016884803608549243,0.3
3.8651879699248117,1.5,0.04811907909646828,0.10790078949870598,0.016749631377043474,0.3
3.88516290726817,1.5,0.047649158562135585,0.10759249547868835,0.01661590487401333,0.29999999999999993
3.9051378446115286,1.5,0.04718426715159726,0.10728459114699392,0.016483606277053135,0.3
3.925112781954887,1.5,0.04672434288699188,0.10697710391614133,0.01635271797660731,0.3000000000000001
3.9450877192982454,1.5,0.04626932453516198,0.10667006024493396,0.016223222574717578,0.3
3.965062656641604,1.5,0.04581915160300754,0.10636348566495725,0.016095102883702743,0.29999999999999993
3.9850375939849623,1.5,0.04537376433261894,0.1060574048063961,0.015968341924775774,0.3
4.005012531328321,1.5,0.04493310369620498,0.10575184142318747,0.01584292292660268,0.3
4.02498746867168,1.5,0.0444971113908313,0.1054468184175238,0.01571882932380754,0.29999999999999993
4.0449624060150375,1.5,0.044065729832983506,0.10514235786372168,0.01559604475542769,0.29999999999999993
4.064937343358396,1.5,0.043638902152968576,0.10483848103147105,0.015474553063322972,0.3
4.084912280701754,1.5,0.04321657218916761,0.10453520840847877,0.01535433829054275,0.3
4.104887218045113,1.5,0.04279868448215234,0.1042325597225215,0.015235384679654207,0.3
4.124862155388471,1.5,0.042385184268677344,0.10393055396292139,0.015117676671035338,0.3
4.14483709273183,1.5,0.041976017475558645,0.10362920940145835,0.015001198901135653,0.30000000000000004
4.164812030075188,1.5,0.04157113071345014,0.10332854361273283,0.014885936200707824,0.29999999999999993
4.184786967418547,1.5,0.04117047127052716,0.10302857349399193,0.014771873593013036,0.29999999999999993
4.204761904761905,1.5,0.04077398710608753,0.10272931528443202,0.014658996292002756,0.3
4.224736842105263,1.5,0.04038162684407847,0.10243078458399062,0.014547289700479546,0.3
4.244711779448622,1.5,0.03999333976655877,0.10213299637164014,0.014436739408239445,0.30000000000000004
4.26468671679198,1.5,0.039609075807103926,0.10183596502319574,0.014327331190198139,0.29999999999999993
4.284661654135339,1.5,0.03922878554416214,0.10153970432864903,0.014219051004503198,0.3
4.304636591478697,1.5,0.038852420194368714,0.10124422750903989,0.014111884990634427,0.3000000000000001
4.3246115288220555,1.5,0.03847993160582551,0.10094954723287743,0.014005819467494351,0.3
4.344586466165413,1.5,0.03811127225135256,0.10065567563212204,0.013900840931490814,0.3
4.364561403508772,1.5,0.03774639522171743,0.10036262431773858,0.013796936054613152,0.30000000000000004
4.38453634085213,1.5,0.03738525421884895,0.10007040439483277,0.013694091682503995,0.3
4.404511278195489,1.5,0.03702780354904024,0.09977902647738014,0.01359229483252805,0.2999999999999999
4.424486215538847,1.5,0.03667399811614682,0.09948850070255891,0.013491532691839446,0.3
4.444461152882206,1.5,0.03632379341478436,0.09919883674469601,0.01339179261544894,0.3
4.464436090225564,1.5,0.035977145523531144,0.09891004382883706,0.013293062124292569,0.30000000000000004
4.484411027568923,1.5,0.035634011098139226,0.09862213074394904,0.01319532890330267,0.30000000000000004
4.504385964912281,1.5,0.0352943473647589,0.09833510585576592,0.013098580799482742,0.29999999999999993
4.524360902255639,1.5,0.03495811211317988,0.09804897711928569,0.013002805819987034,0.3
4.544335839598998,1.5,0.03462526369009332,0.0977637520909286,0.01290799213020605,0.30000000000000004
4.564310776942356,1.5,0.03429576099237787,0.09747943794036483,0.012814128051858895,0.30000000000000004
4.5842857142857145,1.5,0.033969563460412876,0.09719604146202024,0.012721202061093327,0.29999999999999993
4.6042606516290725,1.5,0.03364663107142219,0.09691356908626911,0.012629202786594537,0.3
4.624235588972431,1.5,0.03332692433285078,0.09663202689032108,0.01253811900770316,0.30000000000000004
4.644210526315789,1.5,0.03301040427577742,0.09635142060881151,0.012447939652543642,0.29999999999999993
4.664185463659148,1.5,0.032697032448365325,0.09607175564410184,0.012358653796163362,0.3
4.684160401002506,1.5,0.032386770909353636,0.09579303707629856,0.012270250658683281,0.30000000000000004
4.704135338345865,1.5,0.0320795822215912,0.09551526967299752,0.012182719603460722,0.3
4.724110275689223,1.5,0.03177542944561527,0.09523845789876115,0.012096050135264848,0.3
4.744085213032582,1.5,0.03147427613327645,0.09496260592433566,0.012010231898465283,0.29999999999999993
4.76406015037594,1.5,0.031176086321411906,0.0946877176356149,0.011925254675234476,0.3
4.784035087719299,1.5,0.030880824525568194,0.09441379664235781,0.011841108383764115,0.3
4.804010025062657,1.5,0.03058845573377527,0.09414084628666596,0.011757783076496156,0.30000000000000004
4.823984962406015,1.5,0.030298945400372864,0.09386886965122722,0.011675268938368637,0.30000000000000004
4.843959899749374,1.5,0.03001225943989057,0.09359786956733258,0.011593556285076844,0.3
4.8639348370927316,1.5,0.02972836422098264,0.09332784862267125,0.011512635561349968,0.3
4.88390977443609,1.5,0.029447226560418396,0.09305880916891052,0.011432497339243576,0.29999999999999993
4.903884711779448,1.5,0.02916881371712946,0.09279075332906608,0.011353132316448229,0.3000000000000001
4.923859649122807,1.5,0.028893093386314087,0.09252368300466818,0.011274531314614308,0.30000000000000004
4.943834586466165,1.5,0.028620033693599927,0.09225759988272934,0.01119668527769349,0.29999999999999993
4.963809523809524,1.5,0.028349603189265268,0.09199250544251884,0.011119585270296791,0.30000000000000004
4.983784461152882,1.5,0.028081770842519765,0.0917284009621491,0.011043222476069509,0.3000000000000001
5.003759398496241,1.5,0.027816506035844762,0.09146528752497911,0.010967588196083145,0.3
5.023734335839599,1.5,0.027553778559393987,0.0912031660258399,0.010892673847244443,0.29999999999999993
5.043709273182958,1.5,0.02729355860545455,0.09094203717708657,0.010818470960721574,0.3
5.063684210526316,1.5,0.027035816762968925,0.09068190151448186,0.01074497118038762,0.29999999999999993
5.083659147869675,1.5,0.026780524012117748,0.0904227594029156,0.010672166261281408,0.2999999999999999
5.103634085213033,1.5,0.026527651718963985,0.09016461104196463,0.01060004806808571,0.30000000000000004
5.1236090225563915,1.5,0.02627717163015816,0.08990745647129726,0.010528608573622802,0.3000000000000001
5.1435839598997495,1.5,0.02602905586770511,0.08965129557592676,0.010457839857367555,0.29999999999999993
5.1635588972431075,1.5,0.025783276923791953,0.08939612809131778,0.010387734103977884,0.3
5.183533834586466,1.5,0.025539807655677395,0.08914195360834967,0.010318283601842596,0.30000000000000004
5.203508771929824,1.5,0.025298621280642357,0.08888877157814079,0.010249480741646713,0.3
5.223483709273183,1.5,0.025059691371001554,0.08863658131673721,0.010181318014954099,0.29999999999999993
5.243458646616541,1.5,0.024822991849176218,0.0883853820096698,0.01011378801280744,0.30000000000000004
5.2634335839599,1.5,0.02458849698282746,0.08813517271638321,0.01004688342434546,0.30000000000000004
5.283408521303258,1.5,0.024356181380050336,0.08788595237454014,0.009980597035437418,0.30000000000000004
5.303383458646617,1.5,0.02412601998462807,0.08763771980420416,0.009914921727334646,0.30000000000000004
5.323358395989975,1.5,0.023897988071346455,0.0873904737119049,0.00984985047533923,0.29999999999999993
5.343333333333334,1.5,0.023672061241367927,0.08714421269458807,0.009785376347489612,0.29999999999999993
5.363308270676692,1.5,0.02344821541766506,0.08689893524345407,0.009721492503263098,0.2999999999999999
5.383283208020051,1.5,0.023226426840513067,0.08665463974768789,0.009658192192295127,0.2999999999999999
5.4032581453634085,1.5,0.023006672063041092,0.08641132449808328,0.009595468753115238,0.30000000000000004
5.423233082706767,1.5,0.022788927946841675,0.0861689876905643,0.00953331561189956,0.3000000000000001
5.443208020050125,1.5,0.022573171657638204,0.0859276274296067,0.009471726281239799,0.3
5.463182957393484,1.5,0.022359380661009697,0.08568724173156214,0.009410694358928518,0.3
5.483157894736842,1.5,0.02214753271817274,0.08544782852788778,0.009350213526760614,0.30000000000000004
5.5031328320802,1.5,0.021937605881819828,0.08520938566828375,0.009290277549350847,0.29999999999999993
5.523107769423559,1.5,0.021729578492013873,0.08497191092374125,0.009230880272967368,0.29999999999999993
5.543082706766917,1.5,0.0215234291721383,0.08473540198950347,0.009172015624380962,0.3
5.563057644110276,1.5,0.021319136824902177,0.08449985648794177,0.009113677609729988,0.3000000000000001
5.583032581453634,1.5,0.021116680628400036,0.08426527197134957,0.009055860313400829,0.3
5.603007518796993,1.5,0.020916040032225663,0.08403164592465603,0.008998557896923713,0.3
5.622982456140351,1.5,0.020717194753639562,0.0837989757680618,0.008941764597883727,0.29999999999999993
5.64295739348371,1.5,0.020520124773789315,0.0835672588595989,0.008885474728846907,0.2999999999999998
5.662932330827068,1.5,0.02032481033398257,0.08333649249761695,0.008829682676301277,0.30000000000000004
5.6829072681704265,1.5,0.020131231932011828,0.08310667392319754,0.00877438289961256,0.3
5.702882205513784,1.5,0.019939370318530773,0.08287780032249895,0.008719569929994613,0.2999999999999999
5.722857142857143,1.5,0.01974920649348134,0.08264986882903291,0.008665238369494215,0.30000000000000004
5.742832080200501,1.5,0.019560721702571143,0.08242287652587539,0.008611382889990164,0.2999999999999999
5.76280701754386,1.5,0.019373897433800604,0.0821968204478132,0.00855799823220656,0.3
5.782781954887218,1.5,0.01918871541403926,0.0819716975834281,0.008505079204739975,0.30000000000000004
5.802756892230576,1.5,0.019005157605650684,0.08174750487712021,0.008452620683100497,0.30000000000000004
5.822731829573935,1.5,0.018823206203165445,0.08152423923107235,0.008400617608766401,0.29999999999999993
5.842706766917293,1.5,0.01864284363000161,0.08130189750715697,0.008349064988252337,0.3
5.862681704260652,1.5,0.018464052535232013,0.08108047652878701,0.008297957892190788,0.30000000000000004
5.88265664160401,1.5,0.018286815790398068,0.08085997308271269,0.008247291454426767,0.30000000000000004
5.902631578947369,1.5,0.018111116486369185,0.08064038392076517,0.008197060871125482,0.3
5.922606516290727,1.5,0.017936937930247573,0.08042170576154906,0.008147261399892872,0.3
5.9425814536340855,1.5,0.01776426364231753,0.08020393529208465,0.008097888358908798,0.29999999999999993
5.9625563909774435,1.5,0.017593077353039006,0.07998706916940176,0.008048937126072811,0.3
5.982531328320802,1.5,0.017423363000084537,0.07977110402208615,0.008000403138162245,0.3
6.00250626566416,1.5,0.017255104725419308,0.07955603645177997,0.007952281890002558,0.30000000000000004
6.022481203007519,1.5,0.01708828687242349,0.07934186303463747,0.007904568933649695,0.3
6.042456140350877,1.5,0.016922893983056606,0.07912858032273726,0.007857259877584387,0.30000000000000004
6.062431077694236,1.5,0.016758910795063066,0.07891618484545208,0.007810350385918129,0.2999999999999999
6.082406015037594,1.5,0.016596322239218628,0.07870467311077776,0.007763836177610841,0.3
6.102380952380952,1.5,0.01643511343661693,0.07849404160662173,0.0077177130256998365,0.30000000000000004
6.122355889724311,1.5,0.016275269695995857,0.07828428680205293,0.007671976756540177,0.3000000000000001
6.142330827067669,1.5,0.016116776511103,0.07807540514851383,0.007626623249056105,0.3
6.162305764411028,1.5,0.015959619558099724,0.07786739308099545,0.007581648434003446,0.3
6.182280701754386,1.5,0.015803784693003402,0.07766024701917686,0.00753704829324285,0.29999999999999993
6.202255639097745,1.5,0.015649257949167113,0.0774539633685296,0.007492818859023715,0.30000000000000004
6.222230576441103,1.5,0.015496025534796542,0.0772485385213885,0.0074489562132786106,0.30000000000000004
6.242205513784461,1.5,0.015344073830503272,0.07704396885798932,0.007405456486928114,0.2999999999999999
6.262180451127819,1.5,0.015193389386894228,0.07684025074747469,0.0073623158591958875,0.29999999999999993
6.282155388471178,1.5,0.01504395892219655,0.07663738054886858,0.0073195305569338075,0.3000000000000001
6.302130325814536,1.5,0.01489576931991758,0.07643535461202082,0.007277096853957083,0.3
6.322105263157895,1.5,0.01474880762653929,0.07623416927852185,0.0072350110703891845,0.29999999999999993
6.342080200501253,1.5,0.014603061049246836,0.07603382088258924,0.007193269572016431,0.29999999999999993
6.362055137844612,1.5,0.014458516953690572,0.075834305751926,0.007151868769652105,0.3
6.38203007518797,1.5,0.014315162861781227,0.07563562020855204,0.007110805118509973,0.2999999999999999
6.402005012531329,1.5,0.014172986449517613,0.0754377605696093,0.00707007511758709,0.3
6.421979949874687,1.5,0.014031975544846484,0.07524072314814119,0.007029675309055677,0.29999999999999993
6.441954887218045,1.5,0.013892118125554066,0.07504450425384727,0.006989602277664061,0.30000000000000004
6.461929824561404,1.5,0.013753402317188735,0.07484910019381365,0.006949852650146407,0.29999999999999993
6.481904761904762,1.5,0.013615816391014555,0.07465450727321991,0.006910423094641279,0.3
6.5018796992481205,1.5,0.013479348761994954,0.07446072179602314,0.006871310320118703,0.30000000000000004
6.5218546365914785,1.5,0.013343987986806402,0.07426774006561973,0.006832511075815791,0.30000000000000004
6.541829573934837,1.5,0.013209722761881381,0.07407555838548555,0.006794022150680695,0.30000000000000004
6.561804511278195,1.5,0.013076541921480448,0.07388417305979514,0.006755840372824791,0.29999999999999993
6.581779448621554,1.5,0.012944434435792736,0.07369358039402042,0.006717962608982986,0.3
6.601754385964912,1.5,0.012813389409064683,0.07350377669550959,0.006680385763982002,0.29999999999999993
6.621729323308271,1.5,0.012683396077756395,0.07331475827404658,0.006643106780216555,0.30000000000000004
6.641704260651629,1.5,0.012554443808725365,0.07312652144239196,0.006606122637133265,0.3000000000000001
6.661679197994988,1.5,0.012426522097437019,0.0729390625168053,0.0065694303507222275,0.3
6.681654135338346,1.5,0.012299620566201853,0.07275237781755012,0.006533026973016112,0.29999999999999993
6.701629072681705,1.5,0.01217372896243853,0.07256646366938126,0.006496909591596652,0.29999999999999993
6.721604010025063,1.5,0.012048837156962802,0.07238131640201573,0.006461075329108461,0.3
6.741578947368422,1.5,0.011924935142301647,0.07219693235058709,0.00642552134278002,0.3
6.7615538847117795,1.5,0.011802013031032442,0.07201330785608422,0.006390244823951784,0.3
6.7815288220551375,1.5,0.011680061054146571,0.07183043926577433,0.0063552429976112225,0.3
6.801503759398496,1.5,0.011559069559437325,0.07164832293361134,0.006320513121934762,0.30000000000000004
6.821478696741854,1.5,0.011439029009911594,0.07146695522062961,0.006286052487836493,0.30000000000000004
6.841453634085213,1.5,0.011319929982224985,0.07128633249532337,0.006251858418523528,0.30000000000000004
6.861428571428571,1.5,0.011201763165140089,0.0711064511340127,0.006217928269057953,0.3000000000000001
6.88140350877193,1.5,0.011084519358007453,0.07092730752119586,0.006184259425925193,0.29999999999999993
6.901378446115288,1.5,0.010968189469269037,0.0707488980498889,0.006150849306608828,0.2999999999999999
6.921353383458647,1.5,0.010852764514983654,0.07057121912195245,0.00611769535917158,0.30000000000000004
6.941328320802005,1.5,0.0107382356173742,0.07039426714840642,0.0060847950618425455,0.3
6.961303258145364,1.5,0.010624594003396246,0.07021803854973263,0.006052145922610489,0.3
6.981278195488722,1.5,0.010511831003327745,0.07004252975616605,0.006019745478823112,0.2999999999999998
7.001253132832081,1.5,0.010399938049379432,0.06986773720797465,0.005987591296792242,0.29999999999999993
7.021228070175439,1.5,0.01028890667432573,0.06969365735572838,0.005955680971404787,0.2999999999999999
7.0412030075187975,1.5,0.010178728510155699,0.06952028666055754,0.0059240121257394624,0.30000000000000004
7.061177944862155,1.5,0.010069395286743898,0.06934762159440087,0.0058925824106890986,0.30000000000000004
7.081152882205513,1.5,0.009960898830540618,0.06917565864024351,0.005861389504588514,0.29999999999999993
7.101127819548872,1.5,0.009853231063281466,0.0690043942923454,0.005830431112847863,0.3000000000000001
7.12110275689223,1.5,0.0097463840007158,0.06883382505646006,0.005799704967591309,0.3
7.141077694235589,1.5,0.009640349751353769,0.06866394745004434,0.005769208827301054,0.3000000000000001
7.161052631578947,1.5,0.009535120515231746,0.06849475800245909,0.005738940476466513,0.30000000000000004
7.181027568922306,1.5,0.009430688582695764,0.06832625325516134,0.00570889772523868,0.3
7.201002506265664,1.5,0.009327046333202802,0.06815842976188793,0.005679078409089506,0.29999999999999993
7.220977443609023,1.5,0.009224186234139491,0.06799128408883104,0.005649480388476261,0.3
7.240952380952381,1.5,0.009122100839658155,0.06782481281480582,0.005620101548510808,0.30000000000000004
7.26092731829574,1.5,0.009020782789529731,0.06765901253141014,0.005590939798633667,0.2999999999999999
7.280902255639098,1.5,0.008920224808013478,0.06749387984317719,0.0055619930722928855,0.29999999999999993
7.3008771929824565,1.5,0.008820419702743089,0.06732941136772042,0.005533259326627507,0.2999999999999999
7.3208521303258145,1.5,0.00872136036362905,0.0671656037358718,0.0055047365421557245,0.3000000000000001
7.340827067669173,1.5,0.008623039761776892,0.06700245359181294,0.005476422722467477,0.30000000000000004
7.360802005012531,1.5,0.008525450948421224,0.06683995759319976,0.005448315893921615,0.3000000000000001
7.380776942355889,1.5,0.008428587053875159,0.06667811241128065,0.005420414105347357,0.30000000000000004
7.400751879699248,1.5,0.00833244128649501,0.0665169147310083,0.005392715427750141,0.30000000000000004
7.420726817042606,1.5,0.008237006931659992,0.06635636125114568,0.0053652179540217134,0.29999999999999993
7.440701754385965,1.5,0.008142277350766626,0.06619644868436575,0.005337919798654409,0.29999999999999993
7.460676691729323,1.5,0.008048245980237748,0.06603717375734586,0.005310819097459562,0.3
7.480651629072682,1.5,0.007954906330545767,0.0658785332108563,0.005283914007289983,0.3
7.50062656641604,1.5,0.007862251985250071,0.06572052379984362,0.005257202705766457,0.30000000000000004
7.520601503759399,1.5,0.007770276600048255,0.06556314229350871,0.005230683391008153,0.3
7.540576441102757,1.5,0.007678973901841055,0.0654063854753797,0.00520435428136694,0.29999999999999993
7.560551378446116,1.5,0.007588337687810696,0.06525025014338016,0.005178213615165517,0.29999999999999993
7.580526315789474,1.5,0.007498361824512519,0.0650947331098923,0.0051522596504393,0.30000000000000004
7.600501253132832,1.5,0.007409040246979594,0.06493983120181569,0.005126490664682014,0.3
7.62047619047619,1.5,0.007320366957840254,0.0647855412606215,0.005100904954594955,0.2999999999999999
7.640451127819549,1.5,0.007232336026448186,0.06463186014240233,0.0050755008358398185,0.3000000000000001
7.660426065162907,1.5,0.007144941588025037,0.06447878471791782,0.005050276642795058,0.2999999999999999
7.680401002506266,1.5,0.007058177842815234,0.06432631187263634,0.005025230728315777,0.29999999999999993
7.700375939849624,1.5,0.006972039055252905,0.06417443850677246,0.005000361463496991,0.30000000000000004
7.720350877192982,1.5,0.006886519553140655,0.06402316153532081,0.004975667237440283,0.2999999999999999
7.740325814536341,1.5,0.006801613726840057,0.06387247788808612,0.0049511464570238285,0.30000000000000016
7.760300751879699,1.5,0.006717316028473693,0.06372238450970967,0.004926797546675611,0.3
7.780275689223058,1.5,0.006633620971138481,0.06357287835969226,0.004902618948149947,0.29999999999999993
7.800250626566416,1.5,0.006550523128130234,0.06342395641241384,0.004878609120307128,0.3
7.820225563909775,1.5,0.006468017132179175,0.0632756156571498,0.004854766538896206,0.3000000000000001
7.840200501253133,1.5,0.006386097674696325,0.06312785309808414,0.004831089696340862,0.29999999999999993
7.8601754385964915,1.5,0.006304759505030521,0.06298066575431954,0.004807577101528308,0.29999999999999993
7.8801503759398495,1.5,0.00622399742973597,0.06283405065988452,0.004784227279601153,0.3
7.900125313283208,1.5,0.006143806311850115,0.06268800486373766,0.004761038771752231,0.3
7.920100250626566,1.5,0.006064181070181737,0.06254252542976908,0.004738010135022314,0.2999999999999999
7.940075187969925,1.5,0.005985116678609011,0.0623976094367992,0.004715139942100675,0.30000000000000004
7.960050125313283,1.5,0.005906608165387531,0.06225325397857494,0.004692426781128456,0.30000000000000004
7.980025062656642,1.5,0.005828650612467983,0.06210945616376337,0.0046698692555048014,0.30000000000000004
8.0,1.5,0.005751239154823454,0.06196621311594295,0.004647465983695721,0.3
0.03,3.0,0.23918722736770212,0.003433339053174172,0.06866678106348345,0.3
0.049974937343358394,3.0,0.23910345172344663,0.00571744765757216,0.0686437798005404,0.30000000000000004
0.06994987468671679,3.0,0.23897793255648717,0.007998688605013975,0.06860931752204748,0.29999999999999993
0.08992481203007519,3.0,0.2388107953806584,0.010275922394495469,0.06856342868568048,0.30000000000000004
0.10989974937343358,3.0,0.23860220703319798,0.012548016191565833,0.06850615909374824,0.3
0.12987468671679198,3.0,0.23835237525934644,0.014813845692045358,0.06843756577915204,0.30000000000000004
0.14984962406015037,3.0,0.23806154819677774,0.017072296956095526,0.0683577168638446,0.3
0.16982456140350877,3.0,0.2377300137622409,0.019322268206417834,0.06826669139044318,0.30000000000000004
0.18979949874686716,3.0,0.23735809894322973,0.021562671584569742,0.06816457912776966,0.3
0.20977443609022556,3.0,0.23694616899791365,0.023792434859631898,0.06805148035120523,0.30000000000000004
0.22974937343358395,3.0,0.23649462656695464,0.026010503083738673,0.067927505598855,0.3
0.24972431077694235,3.0,0.2360039107012025,0.028215840189290676,0.0677927754046185,0.3
0.26969924812030077,3.0,0.23547449580959703,0.030407430523001662,0.06764742000935411,0.29999999999999993
0.2896741854636592,3.0,0.2349068905319141,0.03258428031228943,0.06749157905141104,0.29999999999999993
0.3096491228070175,3.0,0.23430163654126598,0.03474541905989806,0.06732540123787611,0.29999999999999993
0.32962406015037593,3.0,0.23365930728150902,0.036889900863034744,0.06714904399795103,0.30000000000000004
0.34959899749373435,3.0,0.23298050664491593,0.039016805653713384,0.06696267311992964,0.30000000000000004
0.3695739348370928,3.0,0.23226586759564313,0.041125240357418734,0.06676646237329474,0.3
0.3895488721804511,3.0,0.23151605074465603,0.04321433996763245,0.06656059311748833,0.30000000000000004
0.4095238095238095,3.0,0.23073174288187487,0.04528326853419521,0.06634525389893717,0.3
0.42949874686716794,3.0,0.22991365547136686,0.04733122006391284,0.0661206400379339,0.3
0.44947368421052636,3.0,0.2290625231154378,0.04935741933224611,0.0658869532069796,0.3000000000000001
0.46944862155388467,3.0,0.2281791019934689,0.051361122605350105,0.06564440100219324,0.3
0.4894235588972431,3.0,0.22726416828130533,0.05334161827214749,0.06539319650938198,0.3000000000000001
0.5093984962406015,3.0,0.22631851655693114,0.05529822738652857,0.06513355786634654,0.29999999999999993
0.5293734335839599,3.0,0.22534295819806174,0.05723030412016404,0.06486570782296784,0.29999999999999993
0.5493483709273184,3.0,0.2243383197771561,0.05913723612679703,0.06458987330058492,0.30000000000000004
0.5693233082706767,3.0,0.22330544145919118,0.061018444819240625,0.06430628495213159,0.30000000000000016
0.5892982456140351,3.0,0.2222451754073618,0.06287338556064995,0.06401517672444859,0.3
0.6092731829573935,3.0,0.2211583842016627,0.06470154777195754,0.06371678542413257,0.29999999999999993
0.6292481203007518,3.0,0.22004593927508748,0.06650245495765959,0.06341135028822122,0.2999999999999999
0.6492230576441103,3.0,0.2189087193719364,0.06827566465241446,0.06309911256094819,0.3
0.6691979949874687,3.0,0.2177476090324693,0.07002076829116466,0.06278031507773048,0.2999999999999999
0.6891729323308271,3.0,0.21656349710787043,0.07173739100571935,0.062455201857477695,0.30000000000000004
0.7091478696741855,3.0,0.21535727530921248,0.07342519135093248,0.06212401770423478,0.29999999999999993
0.7291228070175438,3.0,0.21412983679382008,0.07508386096378628,0.061787007819092646,0.29999999999999993
0.7490977443609023,3.0,0.21288207479214005,0.07671312415883816,0.06144441742321876,0.3
0.7690726817042607,3.0,0.21161488127793004,0.07831273746361145,0.06109649139278035,0.3
0.789047619047619,3.0,0.21032914568427868,0.07988248909760894,0.06074347390644977,0.3
0.8090225563909774,3.0,0.20902575366767587,0.08142219839870281,0.06038560810610115,0.3
0.8289974937343358,3.0,0.20770558592205635,0.08293171520070428,0.06002313577122653,0.29999999999999993
0.8489724310776943,3.0,0.2063695170444517,0.0844109191659454,0.05965629700752001,0.3
0.8689473684210527,3.0,0.20501841445360214,0.0858597190767121,0.059285329950001076,0.3
0.888922305764411,3.0,0.2036531373626052,0.08727805208935487,0.05891047048097315,0.30000000000000004
0.9088972431077694,3.0,0.20227453580641055,0.08866588295487061,0.05853195196303883,0.30000000000000004
0.9288721804511278,3.0,0.20088344972471497,0.0900232032097,0.05815000498732444,0.3000000000000001
0.9488471177944862,3.0,0.1994807081005665,0.0913500303404191,0.057764857136998686,0.3
0.9688220551378446,3.0,0.19806712815475241,0.09264640692592227,0.05737673276610565,0.3000000000000001
0.988796992481203,3.0,0.19664351459582657,0.09391239976059997,0.05698585279367256,0.30000000000000004
1.0087719298245614,3.0,0.19521065892542402,0.09514809896190857,0.056592434512996045,0.3
1.0287468671679199,3.0,0.19376933879831698,0.09635361706561237,0.05619669141595633,0.29999999999999993
1.0487218045112783,3.0,0.19232031743648778,0.09752908811185251,0.055798833032161106,0.30000000000000004
1.0686967418546367,3.0,0.19086434309632808,0.09867466672506292,0.05539906478267411,0.30000000000000004
1.088671679197995,3.0,0.18940214858792379,0.09979052719061396,0.05499758784804315,0.3
1.1086466165413533,3.0,0.18793445084524726,0.10087686253091845,0.054594599050303755,0.2999999999999999
1.1286215538847117,3.0,0.18646195054595663,0.10193388358358504,0.05419029074860157,0.3
1.1485964912280702,3.0,0.1849853317793922,0.1029618180840526,0.053784850748046426,0.3000000000000001
1.1685714285714286,3.0,0.18350526176126505,0.10396090975498315,0.053378462221384995,0.3
1.188546365914787,3.0,0.18202239059345074,0.104931417404539,0.05297130364305639,0.3
1.2085213032581454,3.0,0.1805373510672297,0.10587361403551146,0.05256354873517512,0.3
1.2284962406015036,3.0,0.17905075850826094,0.10678778596711826,0.05215536642497117,0.30000000000000004
1.248471177944862,3.0,0.17756321066152658,0.10767423197113316,0.051746920813203666,0.29999999999999993
1.2684461152882205,3.0,0.1760752876144524,0.10853326242386219,0.051338371153054875,0.29999999999999993
1.288421052631579,3.0,0.1745875517563824,0.10936519847533628,0.05092987183900466,0.3000000000000001
1.3083959899749373,3.0,0.1731005477725723,0.11017037123694624,0.050521572405181375,0.30000000000000004
1.3283709273182958,3.0,0.17161480267085974,0.1109491209886095,0.05011361753268388,0.29999999999999993
1.3483458646616542,3.0,0.17013082583917236,0.1117017964064247,0.04970614706536937,0.29999999999999993
1.3683208020050126,3.0,0.1686491091320439,0.11242875381164102,0.04929929603360477,0.3
1.388295739348371,3.0,0.16717012698432798,0.11313035644164872,0.048893194685485,0.3000000000000001
1.4082706766917292,3.0,0.16569433655032031,0.11380697374357732,0.04848796852502653,0.29999999999999993
1.4282456140350877,3.0,0.16422217786653295,0.11445898069097991,0.04808373835685435,0.29999999999999993
1.448220551378446,3.0,0.16275407403639602,0.11508675712397343,0.04768062033690854,0.29999999999999993
1.4681954887218045,3.0,0.1612904314352048,0.11569068711310804,0.04727872602870908,0.3
1.488170426065163,3.0,0.15983163993367142,0.1162711583471437,0.04687816246472802,0.30000000000000004
1.5081453634085213,3.0,0.15837807313848914,0.11682856154482534,0.0464790322124324,0.30000000000000016
1.5281203007518798,3.0,0.15693008864836683,0.11736328989066681,0.04608143344457396,0.30000000000000004
1.548095238095238,3.0,0.15548802832404382,0.1178757384946782,0.045685460013317296,0.3
1.5680701754385964,3.0,0.15405221857085014,0.11836630387590093,0.04529120152781171,0.2999999999999999
1.5880451127819548,3.0,0.15262297063243394,0.11883538346955239,0.04489874343482922,0.29999999999999993
1.6080200501253132,3.0,0.15120058089433475,0.11928337515752163,0.04450816710210517,0.3
1.6279949874686717,3.0,0.1497853311961403,0.11971067682190689,0.04411954990403575,0.29999999999999993
1.64796992481203,3.0,0.14837748915102264,0.12011768592123452,0.043732965309401024,0.30000000000000004
1.6679448621553885,3.0,0.14697730847150955,0.12050479908895997,0.04334848297079985,0.29999999999999993
1.687919799498747,3.0,0.14558502930040465,0.12087241175380918,0.04296616881549848,0.30000000000000004
1.7078947368421054,3.0,0.14420087854582908,0.12122091778148812,0.0425860851374103,0.3
1.7278696741854636,3.0,0.14282507021941576,0.1215507091372573,0.04220829068994139,0.3
1.747844611528822,3.0,0.14145780577674252,0.12186217556884309,0.04183284077945057,0.29999999999999993
1.7678195488721804,3.0,0.14009927445914896,0.12215570430913635,0.04145978735908932,0.30000000000000004
1.7877944862155388,3.0,0.13874965363613395,0.12243167979811087,0.04108917912280115,0.30000000000000004
1.8077694235588972,3.0,0.1374091091475863,0.12269048342338008,0.04072106159927519,0.30000000000000004
1.8277443609022557,3.0,0.13607779564515163,0.12293249327879835,0.04035547724566253,0.29999999999999993
1.847719298245614,3.0,0.1347558569320899,0.12315808394050624,0.0399924655408784,0.30000000000000004
1.8676942355889723,3.0,0.13344342630102585,0.12336762625981205,0.039632063078325584,0.3
1.8876691729323307,3.0,0.13214062686904232,0.1235614871722998,0.03927430365788865,0.3
1.9076441102756891,3.0,0.13084757190961177,0.12374002952255332,0.03891921837706007,0.30000000000000004
1.9276190476190476,3.0,0.12956436518090367,0.1239036119038861,0.03856683572107126,0.29999999999999993
1.947593984962406,3.0,0.1282911012500487,0.12405258851247199,0.03821718165191393,0.30000000000000004
1.9675689223057644,3.0,0.1270278658129785,0.12418730901527437,0.03787027969614639,0.3
1.9875438596491228,3.0,0.12577473600949998,0.12430811843118109,0.03752615103139195,0.3000000000000001
2.007518796992481,3.0,0.12453178073329625,0.12441535702475712,0.037184814571444263,0.3
2.0274937343358395,3.0,0.12329906093658373,0.12450936021203969,0.036846287049905814,0.3
2.047468671679198,3.0,0.12207662992918461,0.1245904584778079,0.03651058310229296,0.29999999999999993
2.0674436090225563,3.0,0.12086453367180594,0.12465897730377296,0.03617771534655083,0.3
2.0874185463659147,3.0,0.11966281106334521,0.12471523710714556,0.035847694461928065,0.3
2.107393483709273,3.0,0.11847149422206925,0.12475955318905078,0.03552052926616966,0.3
2.127368421052631,3.0,0.11729060876053898,0.12479223569227456,0.03519622679099283,0.3
2.1473433583959896,3.0,0.11612017405417574,0.12481358956783925,0.03487479235581732,0.3
2.167318295739348,3.0,0.11496020350338891,0.12482391454992144,0.034556229639728014,0.3
2.1872932330827064,3.0,0.1138107047892028,0.12482350513863842,0.034240540751652906,0.3
2.207268170426065,3.0,0.11267168012234255,0.12481265059024672,0.03392772629874539,0.29999999999999993
2.2272431077694232,3.0,0.11154312648575523,0.1247916349143096,0.03361778545296423,0.3
2.2472180451127817,3.0,0.11042503587055921,0.12476073687740687,0.0333107160158494,0.3
2.26719298245614,3.0,0.10931739550543049,0.12472023001297532,0.03300651448149621,0.29999999999999993
2.2871679197994985,3.0,0.1082201880794486,0.12467038263688353,0.03270517609773381,0.3
2.307142857142857,3.0,0.10713339195843702,0.12461145786835963,0.03240669492551768,0.30000000000000004
2.3271177944862154,3.0,0.10605698139484596,0.12454371365590663,0.0321110638965494,0.3
2.347092731829574,3.0,0.10499092673123471,0.12446740280785389,0.03181827486913926,0.30000000000000004
2.367067669172932,3.0,0.10393519459742158,0.12438277302720831,0.03152831868233029,0.29999999999999993
2.3870426065162906,3.0,0.10288974810137777,0.12429006695048432,0.031241185208305017,0.3
2.407017543859649,3.0,0.10185454701394897,0.12418952219020406,0.03095686340309751,0.3
2.426992481203007,3.0,0.10082954794749635,0.12408137138077478,0.030675341355636265,0.30000000000000004
2.4469674185463655,3.0,0.09981470452855395,0.12396584222746346,0.03039660633514427,0.3
2.466942355889724,3.0,0.09880996756460587,0.12384315755820177,0.03012064483692486,0.3
2.4869172932330823,3.0,0.09781528520509007,0.12371353537796768,0.02984744262656253,0.3
2.5068922305764407,3.0,0.09683060309674155,0.12357718892550286,0.029576984782569735,0.2999999999999999
2.526867167919799,3.0,0.09585586453338922,0.12343432673213629,0.029309255737511097,0.30000000000000004
2.5468421052631576,3.0,0.09489101060032536,0.12328515268249778,0.02904423931763741,0.2999999999999999
2.566817042606516,3.0,0.09393598031336789,0.12312986607691528,0.028781918781063044,0.30000000000000004
2.5867919799498744,3.0,0.092990710752738,0.12296866169530152,0.028522276854519468,0.29999999999999993
2.606766917293233,3.0,0.09205513719187727,0.12280172986234639,0.028265295768720045,0.2999999999999999
2.6267418546365913,3.0,0.09112919322132924,0.12262925651384123,0.028010957292369392,0.3
2.6467167919799497,3.0,0.0902128108678108,0.12245142326397158,0.027759242764852466,0.3
2.666691729323308,3.0,0.08930592070859995,0.12226840747342464,0.02751013312763777,0.30000000000000004
2.6866666666666665,3.0,0.0884084519813653,0.12208038231816591,0.02726360895442911,0.29999999999999993
2.706641604010025,3.0,0.08752033268956337,0.1218875168587499,0.027019650480100674,0.29999999999999993
2.7266165413533834,3.0,0.08664148970352847,0.1216899761100365,0.02677823762844947,0.3000000000000001
2.746591478696742,3.0,0.0857718488573793,0.12148792111119389,0.02653935003879934,0.29999999999999993
2.7665664160401,3.0,0.08491133504186579,0.12128150899587642,0.02630296709149061,0.30000000000000004
2.786541353383458,3.0,0.08405987229327751,0.12107089306247261,0.026069067932288165,0.30000000000000004
2.8065162907268166,3.0,0.08321738387853468,0.12085622284432652,0.025837631495741902,0.30000000000000004
2.826491228070175,3.0,0.08238379237658003,0.12063764417984131,0.025608636527531325,0.2999999999999999
2.8464661654135335,3.0,0.08155901975618914,0.12041529928238162,0.02538206160582718,0.3
2.866441102756892,3.0,0.08074298745031395,0.12018932680989597,0.025157885161701046,0.30000000000000004
2.8864160401002503,3.0,0.0799356164270733,0.11995986193418753,0.02493608549861463,0.3
2.9063909774436087,3.0,0.07913682725750107,0.11972703640976641,0.02471664081101891,0.3
2.926365914786967,3.0,0.07834654018016142,0.11949097864222175,0.024499529202093053,0.30000000000000004
2.9463408521303256,3.0,0.07756467516273782,0.11925181375605781,0.02428472870065264,0.29999999999999993
2.966315789473684,3.0,0.07679115196070012,0.11900966366194156,0.024072217277255746,0.3
2.9862907268170424,3.0,0.07602589017315223,0.11876464712331515,0.023861972859534925,0.3
3.006265664160401,3.0,0.0752688092959602,0.11851687982232975,0.023653973346782608,0.29999999999999993
3.0262406015037593,3.0,0.07451982877225803,0.11826647442506213,0.02344819662381664,0.30000000000000004
3.0462155388471177,3.0,0.07377886804042624,0.11801354064597826,0.02324462057415191,0.30000000000000004
3.0661904761904757,3.0,0.07304584657963607,0.1177581853116126,0.023043223092503784,0.29999999999999993
3.086165413533834,3.0,0.07232068395304929,0.11750051242343466,0.022843982096647883,0.30000000000000004
3.1061403508771925,3.0,0.07160329984876168,0.11724062321987733,0.022646875538660297,0.3
3.126115288220551,3.0,0.07089361411857523,0.1169786162375053,0.02245188141556198,0.3
3.1460902255639094,3.0,0.0701915468146824,0.11671458737130355,0.02225897777938968,0.3
3.166065162907268,3.0,0.06949701822434286,0.11644862993406972,0.02206814274671587,0.29999999999999993
3.1860401002506262,3.0,0.06880994890263097,0.11618083471489533,0.02187935450763902,0.30000000000000004
3.2060150375939847,3.0,0.0681302597033301,0.1159112900367245,0.021692591334265047,0.3
3.225989974937343,3.0,0.0674578718080472,0.11564008181297973,0.02150783158870029,0.30000000000000004
3.2459649122807015,3.0,0.06679270675361909,0.11536729360324735,0.021325053730575392,0.29999999999999993
3.26593984962406,3.0,0.06613468645787968,0.11509300666801613,0.021144236324119273,0.30000000000000004
3.2859147869674183,3.0,0.0654837332438549,0.11481730002246524,0.020965358044801374,0.3000000000000001
3.3058897243107768,3.0,0.0648397698624501,0.11454025048929875,0.020788397685560157,0.30000000000000004
3.325864661654135,3.0,0.06420271951369287,0.11426193275062578,0.02061333416263493,0.29999999999999993
3.3458395989974936,3.0,0.0635725058665914,0.11398241939888606,0.020440146521017624,0.29999999999999993
3.365814536340852,3.0,0.06294905307766743,0.11370178098682344,0.020268813939540668,0.3
3.3857894736842105,3.0,0.06233228580821984,0.11342008607650919,0.020099315735616432,0.30000000000000004
3.4057644110275684,3.0,0.061722129240374075,0.11313740128741975,0.01993163136964331,0.3
3.425739348370927,3.0,0.061118509091969635,0.11285379134357368,0.019765740449092847,0.29999999999999993
3.4457142857142853,3.0,0.06052135163033679,0.11256931911973334,0.01960162273229187,0.2999999999999999
3.4656892230576437,3.0,0.059930583685011606,0.1122840456866787,0.019439258131913193,0.3
3.485664160401002,3.0,0.059346132659436425,0.11199803035556047,0.019278626718187763,0.3
3.5056390977443606,3.0,0.0587679265416917,0.11171133072134071,0.01911970872185091,0.3
3.525614035087719,3.0,0.05819589391430278,0.1114240027053302,0.018962484536834665,0.3000000000000001
3.5455889724310774,3.0,0.057629963963164464,0.11113610059683197,0.01880693472271775,0.3
3.565563909774436,3.0,0.0570700664856236,0.11084767709390078,0.018653040006944628,0.3
3.5855388471177942,3.0,0.05651613189775926,0.1105587833432294,0.01850078128682407,0.29999999999999993
3.6055137844611527,3.0,0.05596809124089837,0.11026946897917275,0.01835013963131792,0.3
3.625488721804511,3.0,0.05542587618740276,0.1099797821619209,0.018201096282629853,0.3
3.6454636591478695,3.0,0.05488941904576295,0.10968976961483286,0.018053632657603774,0.30000000000000004
3.665438596491228,3.0,0.05435865276503201,0.10939947666094296,0.01790773034894103,0.3
3.6854135338345864,3.0,0.05383351093863195,0.10910894725865238,0.017763371126245427,0.29999999999999993
3.7053884711779443,3.0,0.053313927807563576,0.10881822403661802,0.01762053693690443,0.3
3.7253634085213028,3.0,0.05279983826304965,0.10852734832785133,0.01747920990681477,0.3
3.745338345864661,3.0,0.05229117784863999,0.10823636020303998,0.01733937234096038,0.3000000000000001
3.7653132832080196,3.0,0.0517878827618059,0.10794529850310543,0.0172010067238501,0.2999999999999999
3.785288220551378,3.0,0.051289889855050466,0.10765420087100909,0.017064095719822536,0.2999999999999999
3.8052631578947365,3.0,0.05079713663655982,0.10736310378282046,0.016928622173224803,0.3
3.825238095238095,3.0,0.05030956127041976,0.1070720425780599,0.01679456910847199,0.30000000000000004
3.8452130325814533,3.0,0.04982710257642104,0.10678105148932991,0.016661919729993733,0.3
3.8651879699248117,3.0,0.04934970002947555,0.10649016367124733,0.016530657422073915,0.3
3.88516290726817,3.0,0.04887729375866469,0.10619941122868992,0.016400765748589435,0.30000000000000004
3.9051378446115286,3.0,0.04840982454594078,0.10590882524437052,0.016272228452653657,0.2999999999999999
3.925112781954887,3.0,0.047947233824500585,0.10561843580575137,0.01614502945616994,0.2999999999999998
3.9450877192982454,3.0,0.04748946367685031,0.10532827203131219,0.01601915285930038,0.29999999999999993
3.965062656641604,3.0,0.04703645683257959,0.10503836209618428,0.0158945829398547,0.3000000000000001
3.9850375939849623,3.0,0.046588156665862114,0.10474873325716387,0.015771304152604054,0.29999999999999993
4.005012531328321,3.0,0.04614450719269893,0.10445941187711728,0.01564930112852433,0.3
4.02498746867168,3.0,0.04570545306792046,0.10417042344879023,0.01552855867397297,0.29999999999999993
4.0449624060150375,3.0,0.045270939581962454,0.10388179261803421,0.015409061769803955,0.3000000000000001
4.064937343358396,3.0,0.044840912657429594,0.10359354320646169,0.015290795570424332,0.30000000000000004
4.084912280701754,3.0,0.044415318845461606,0.10330569823354305,0.01517374540279665,0.3
4.104887218045113,3.0,0.04399410532191379,0.10301827993815622,0.015057896765390355,0.29999999999999993
4.124862155388471,3.0,0.0435772198833657,0.10273130979960216,0.014943235327086047,0.30000000000000004
4.14483709273183,3.0,0.04316461094296901,0.10244480855809675,0.014829746926035569,0.30000000000000004
4.164812030075188,3.0,0.04275622752614669,0.10215879623475144,0.014717417568481305,0.3
4.184786967418547,3.0,0.04235201926615402,0.10187329215105362,0.014606233427537522,0.29999999999999993
4.204761904761905,3.0,0.04195193639951212,0.10158831494785824,0.014496180841936733,0.3
4.224736842105263,3.0,0.04155592976132358,0.10130388260390115,0.014387246314743658,0.30000000000000004
4.244711779448622,3.0,0.04116395078048016,0.10102001245384597,0.014279416512039584,0.3
4.26468671679198,3.0,0.04077595147477117,0.10073672120587414,0.014172678261579485,0.3
4.284661654135339,3.0,0.04039188444590121,0.10045402495882937,0.014067018551424176,0.29999999999999993
4.304636591478697,3.0,0.04001170287442571,0.10017193921892666,0.013962424528549995,0.3
4.3246115288220555,3.0,0.039635360514611584,0.09989047891603567,0.013858883497437836,0.3
4.344586466165413,3.0,0.03926281168923102,0.09960965841954914,0.013756382918643928,0.3
4.364561403508772,3.0,0.038894011284294844,0.09932949155384518,0.013654910407353907,0.3
4.38453634085213,3.0,0.038528914743732566,0.09904999161335394,0.013554453731922355,0.2999999999999999
4.404511278195489,3.0,0.03816747806402536,0.09877117137723748,0.013455000812399368,0.3
4.424486215538847,3.0,0.03780965778879798,0.09849304312369232,0.013356539719045832,0.3
4.444461152882206,3.0,0.037455411003375357,0.09821561864388359,0.013259058670839053,0.3
4.464436090225564,3.0,0.03710469532930946,0.09793890925551985,0.013162546033970195,0.3
4.484411027568923,3.0,0.03675746891888133,0.09766292581607697,0.013066990320334896,0.3
4.504385964912281,3.0,0.0364136904495835,0.09738767873567995,0.012972380186018519,0.30000000000000004
4.524360902255639,3.0,0.03607331911858713,0.09711317798965059,0.012878704429777179,0.30000000000000004
4.544335839598998,3.0,0.03573631463719845,0.0968394331307296,0.012785951991515875,0.30000000000000004
4.564310776942356,3.0,0.035402637225308696,0.09656645330098088,0.012694111950764803,0.30000000000000004
4.5842857142857145,3.0,0.03507224760584117,0.09629424724338574,0.012603173525154878,0.29999999999999993
4.6042606516290725,3.0,0.03474510699919958,0.09602282331313504,0.012513126068893652,0.3
4.624235588972431,3.0,0.03442117711772077,0.09575218948862625,0.012423959071242347,0.29999999999999993
4.644210526315789,3.0,0.0341004201601354,0.09548235338217334,0.012335662154995196,0.3
4.664185463659148,3.0,0.03378279880603948,0.09521332225043591,0.012248225074961637,0.30000000000000004
4.684160401002506,3.0,0.033468276210380093,0.09494510300457547,0.012161637716452489,0.30000000000000004
4.704135338345865,3.0,0.03315681599795737,0.0946777022201447,0.01207589009377055,0.29999999999999993
4.724110275689223,3.0,0.0328483822579462,0.09441112614671744,0.011990972348706653,0.2999999999999999
4.744085213032582,3.0,0.032542939538439335,0.09414538071726491,0.01190687474904153,0.30000000000000004
4.76406015037594,3.0,0.032240452841014636,0.09388047155728531,0.011823587687054334,0.3
4.784035087719299,3.0,0.03194088761532847,0.09361640399369274,0.011741101678038398,0.29999999999999993
4.804010025062657,3.0,0.03164420975373728,0.09335318306347141,0.011659407358824635,0.30000000000000004
4.823984962406015,3.0,0.031350385585949145,0.09309081352210137,0.011578495486313206,0.3
4.843959899749374,3.0,0.031059381873707177,0.0928292998517613,0.01149835693601398,0.30000000000000004
4.8639348370927316,3.0,0.030771165805506442,0.09256864626931438,0.011418982700596105,0.30000000000000004
4.88390977443609,3.0,0.030485704991345605,0.09230885673408214,0.011340363888447185,0.29999999999999993
4.903884711779448,3.0,0.03020296745751521,0.0920499349554126,0.011262491722242493,0.29999999999999993
4.923859649122807,3.0,0.029922921641423388,0.09179188440004706,0.011185357537524436,0.29999999999999993
4.943834586466165,3.0,0.029645536386460686,0.09153470829929142,0.011108952781292798,0.29999999999999993
4.963809523809524,3.0,0.029370780936904657,0.09127840965599651,0.011033269010605867,0.2999999999999999
4.983784461152882,3.0,0.029098624932865705,0.0910229912513527,0.010958297891192906,0.2999999999999999
5.003759398496241,3.0,0.028829038405274704,0.0907684556515034,0.010884031196078092,0.29999999999999993
5.023734335839599,3.0,0.0285619917709136,0.09051480521398216,0.010810460804216241,0.3
5.043709273182958,3.0,0.028297455827489503,0.0902620420939778,0.010737578699140488,0.3
5.063684210526316,3.0,0.028035401748753266,0.09001016825043238,0.010665376967622172,0.30000000000000004
5.083659147869675,3.0,0.027775801079662803,0.08975918545197577,0.010593847798343011,0.30000000000000004
5.103634085213033,3.0,0.02751862573159223,0.08950909528270157,0.010522983480579838,0.3
5.1236090225563915,3.0,0.02726384797758679,0.08925989914778819,0.010452776402901934,0.29999999999999993
5.1435839598997495,3.0,0.027011440447664514,0.08901159827896918,0.010383219051881177,0.3
5.1635588972431075,3.0,0.02676137612416461,0.08876419373985675,0.010314304010814996,0.29999999999999993
5.183533834586466,3.0,0.02651362833714326,0.08851768643112233,0.010246023958462393,0.2999999999999998
5.203508771929824,3.0,0.02626817075981689,0.0882720770955378,0.01017837166779296,0.2999999999999999
5.223483709273183,3.0,0.026024977404053153,0.088027366322881,0.010111340004748991,0.29999999999999993
5.243458646616541,3.0,0.02578402261591009,0.08778355455470918,0.010044921927020842,0.3000000000000001
5.2634335839599,3.0,0.025545281071223204,0.08754064208900376,0.009979110482835424,0.30000000000000004
5.283408521303258,3.0,0.02530872777124101,0.08729862908468984,0.009913898809758048,0.3
5.303383458646617,3.0,0.025074338038308764,0.08705751556603337,0.009849280133507424,0.29999999999999993
5.323358395989975,3.0,0.024842087511600667,0.08681730142691993,0.00978524776678404,0.30000000000000004
5.343333333333334,3.0,0.02461195214290033,0.08657798643501718,0.009721795108111723,0.3
5.363308270676692,3.0,0.024383908192429804,0.08633957023582522,0.009658915640692607,0.2999999999999999
5.383283208020051,3.0,0.02415793222472663,0.08610205235661655,0.009596602931275226,0.29999999999999993
5.4032581453634085,3.0,0.02393400110456936,0.08586543221026964,0.009534850629035927,0.30000000000000004
5.423233082706767,3.0,0.02371209199295093,0.08562970909899803,0.009473652464473433,0.3
5.443208020050125,3.0,0.023492182343100264,0.08539488221797838,0.009413002248316649,0.3000000000000001
5.463182957393484,3.0,0.023274249896551368,0.08516095065887948,0.009352893870445472,0.3
5.483157894736842,3.0,0.023058272679260323,0.08492791341329552,0.009293321298824812,0.3
5.5031328320802,3.0,0.022844228997769417,0.08469576937608535,0.009234278578451478,0.3
5.523107769423559,3.0,0.02263209743541864,0.08446451734862098,0.009175759830314134,0.30000000000000004
5.543082706766917,3.0,0.022421856848604045,0.0842341560419472,0.009117759250366082,0.3
5.563057644110276,3.0,0.022213486363082714,0.08400468407985462,0.00906027110851085,0.29999999999999993
5.583032581453634,3.0,0.022006965370324226,0.08377610000186896,0.009003289747600554,0.2999999999999999
5.603007518796993,3.0,0.021802273523908088,0.083548402266158,0.00894680958244687,0.3
5.622982456140351,3.0,0.02159939073596707,0.08332158925235918,0.008890825098844602,0.29999999999999993
5.64295739348371,3.0,0.02139829717367592,0.08309565926432916,0.008835330852607726,0.30000000000000004
5.662932330827068,3.0,0.021198973255785254,0.08287061053281805,0.008780321468617815,0.3
5.6829072681704265,3.0,0.021001399649200198,0.08264644121806997,0.008725791639884784,0.30000000000000004
5.702882205513784,3.0,0.020805557265603496,0.08242314941235167,0.008671736126619785,0.3
5.722857142857143,3.0,0.020611427258122667,0.08220073314241182,0.00861814975532026,0.3
5.742832080200501,3.0,0.02041899101804086,0.08197919037187196,0.008565027417866947,0.29999999999999993
5.76280701754386,3.0,0.020228230171551023,0.0817585190035514,0.008512364070632784,0.29999999999999993
5.782781954887218,3.0,0.020039126576553015,0.08153871688172787,0.008460154733603623,0.29999999999999993
5.802756892230576,3.0,0.01985166231949324,0.08131978179433527,0.00840839448951059,0.30000000000000004
5.822731829573935,3.0,0.019665819712246374,0.08110171147510042,0.008357078482974017,0.30000000000000004
5.842706766917293,3.0,0.019481581289038943,0.0808845036056204,0.008306201919658862,0.30000000000000004
5.862681704260652,3.0,0.01929892980341406,0.08066815581738201,0.008255760065441433,0.30000000000000004
5.88265664160401,3.0,0.019117848225237224,0.08045266569372493,0.008205748245587364,0.3
5.902631578947369,3.0,0.01893831973774243,0.08023803077174985,0.008156161843940688,0.3
5.922606516290727,3.0,0.018760327734618592,0.08002424854417349,0.008106996302123944,0.3
5.9425814536340855,3.0,0.018583855817135297,0.07981131646113138,0.008058247118749121,0.30000000000000004
5.9625563909774435,3.0,0.018408887791308084,0.0795992319319301,0.008009909848639406,0.3
5.982531328320802,3.0,0.01823540766510229,0.07938799232675034,0.007961980102061571,0.30000000000000004
6.00250626566416,3.0,0.01806339964567541,0.07917759497830187,0.00791445354396888,0.30000000000000004
6.022481203007519,3.0,0.017892848136657237,0.07896803718343186,0.007867325893254427,0.3000000000000001
6.042456140350877,3.0,0.01772373773546767,0.0787593162046877,0.007820592922014745,0.29999999999999993
6.062431077694236,3.0,0.017556053230671467,0.07855142927183563,0.007774250454823636,0.2999999999999999
6.082406015037594,3.0,0.017389779599369704,0.07834437358333625,0.007728294368016012,0.3
6.102380952380952,3.0,0.01722490200462739,0.07813814630777799,0.0076827205889816825,0.3
6.122355889724311,3.0,0.017061405792936912,0.07793274458526993,0.007637525095469018,0.3000000000000001
6.142330827067669,3.0,0.01689927649171683,0.07772816552879465,0.007592703914898233,0.3
6.162305764411028,3.0,0.01673849980684552,0.07752440622552263,0.007548253123684342,0.29999999999999993
6.182280701754386,3.0,0.01657906162022943,0.07732146373808875,0.007504168846569527,0.3
6.202255639097745,3.0,0.016420947987405253,0.07711933510583222,0.0074604472559648555,0.29999999999999993
6.222230576441103,3.0,0.016264145135175923,0.07691801734600082,0.007417084571301298,0.29999999999999993
6.242205513784461,3.0,0.016108639459279657,0.07671750745492034,0.007374077058389784,0.30000000000000004
6.262180451127819,3.0,0.015954417522091948,0.07651780240913024,0.007331421028790319,0.3
6.282155388471178,3.0,0.015801466050359838,0.07631889916648638,0.007289112839189985,0.29999999999999993
6.302130325814536,3.0,0.015649771932968216,0.07612079466723155,0.007247148890789695,0.2999999999999999
6.322105263157895,3.0,0.015499322218737668,0.07592348583503508,0.007205525628699634,0.30000000000000004
6.342080200501253,3.0,0.01535010411425345,0.07572696957800172,0.00716423954134322,0.2999999999999998
6.362055137844612,3.0,0.015202104981725218,0.07553124278965129,0.007123287159869571,0.29999999999999993
6.38203007518797,3.0,0.015055312336877114,0.0753363023498693,0.007082665057574213,0.2999999999999999
6.402005012531329,3.0,0.014909713846867739,0.07514214512582963,0.007042369849328065,0.29999999999999993
6.421979949874687,3.0,0.014765297328239717,0.07494876797289007,0.007002398191014524,0.30000000000000004
6.441954887218045,3.0,0.014622050744898349,0.07475616773546104,0.006962746778974522,0.3
6.461929824561404,3.0,0.014479962206119046,0.0745643412478487,0.00692341234945952,0.2999999999999999
6.481904761904762,3.0,0.014339019964583163,0.07437328533507291,0.006884391678092264,0.30000000000000004
6.5018796992481205,3.0,0.014199212414441694,0.07418299681366043,0.006845681579335185,0.29999999999999993
6.5218546365914785,3.0,0.014060528089406716,0.07399347249241474,0.00680727890596648,0.30000000000000004
6.541829573934837,3.0,0.013922955660869912,0.07380470917316224,0.006769180548563531,0.30000000000000004
6.561804511278195,3.0,0.013786483936048047,0.07361670365147617,0.00673138343499381,0.29999999999999993
6.581779448621554,3.0,0.013651101856154837,0.07342945271737836,0.006693884529912983,0.30000000000000004
6.601754385964912,3.0,0.013516798494599002,0.07324295315601977,0.006656680834270199,0.29999999999999993
6.621729323308271,3.0,0.013383563055207983,0.07305720174834003,0.006619769384820463,0.29999999999999993
6.641704260651629,3.0,0.013251384870477133,0.07287219527170698,0.0065831472536439645,0.30000000000000004
6.661679197994988,3.0,0.013120253399843839,0.07268793050053614,0.006546811547672262,0.3
6.681654135338346,3.0,0.012990158227986444,0.07250440420689133,0.006510759408221286,0.3
6.701629072681705,3.0,0.012861089063147379,0.07232161316106643,0.006474988010530974,0.2999999999999999
6.721604010025063,3.0,0.012733035735480392,0.07213955413214904,0.0064394945633115385,0.30000000000000004
6.741578947368422,3.0,0.012605988195421336,0.07195822388856633,0.006404276308296168,0.3
6.7615538847117795,3.0,0.01247993651208235,0.0717776191986139,0.0063693305198002,0.3
6.7815288220551375,3.0,0.012354870871668951,0.0715977368309677,0.006334654504286546,0.29999999999999993
6.801503759398496,3.0,0.012230781575919824,0.07141857355517967,0.0063002455999373605,0.3
6.821478696741854,3.0,0.012107659040568958,0.0712401261421576,0.0062661011762318395,0.30000000000000004
6.841453634085213,3.0,0.011985493793829722,0.07106239136462955,0.006232218633530049,0.30000000000000004
6.861428571428571,3.0,0.011864276474900716,0.0708853659975931,0.006198595402662732,0.29999999999999993
6.88140350877193,3.0,0.011743997832492931,0.07070904681875018,0.006165228944526961,0.2999999999999999
6.901378446115288,3.0,0.011624648723378045,0.07053343060892754,0.006132116749687598,0.30000000000000004
6.921353383458647,3.0,0.011506220110957447,0.07035851415248348,0.006099256337984425,0.3000000000000001
6.941328320802005,3.0,0.01138870306385174,0.07018429423770099,0.00606664525814493,0.3
6.961303258145364,3.0,0.011272088754510409,0.07001076765716793,0.0060342810874026145,0.3000000000000001
6.981278195488722,3.0,0.011156368457841383,0.0698379312081443,0.006002161431120734,0.2999999999999999
7.001253132832081,3.0,0.011041533549860157,0.0696657816929173,0.005970283922421478,0.29999999999999993
7.021228070175439,3.0,0.010927575506358258,0.06949431591914416,0.005938646221820368,0.2999999999999999
7.0412030075187975,3.0,0.010814485901590683,0.0693235307001833,0.00590724601686595,0.29999999999999993
7.061177944862155,3.0,0.010702256406982129,0.06915342285541404,0.005876081021784587,0.2999999999999999
7.081152882205513,3.0,0.010590878789851639,0.06898398921054527,0.005845148977130349,0.30000000000000016
7.101127819548872,3.0,0.010480344912155477,0.06881522659791316,0.005814447649439852,0.29999999999999993
7.12110275689223,3.0,0.010370646729247965,0.06864713185676859,0.005783974830892121,0.3
7.141077694235589,3.0,0.010261776288659905,0.06847970183355404,0.005753728338973157,0.2999999999999998
7.161052631578947,3.0,0.010153725728894492,0.06831293338217087,0.005723706016145434,0.29999999999999993
7.181027568922306,3.0,0.010046487278240309,0.06814682336423665,0.005693905729521978,0.3000000000000001
7.201002506265664,3.0,0.009940053253601288,0.06798136864933318,0.005664325370545163,0.29999999999999993
7.220977443609023,3.0,0.00983441605934325,0.06781656611524542,0.005634962854670066,0.3
7.240952380952381,3.0,0.009729568186156926,0.06765241264819138,0.005605816121052291,0.3
7.26092731829574,3.0,0.009625502209937055,0.0674889051430435,0.005576883132240273,0.3000000000000001
7.280902255639098,3.0,0.00952221079067748,0.0673260405035414,0.00554816187387191,0.2999999999999999
7.3008771929824565,3.0,0.009419686671381865,0.06716381564249672,0.005519650354375556,0.3
7.3208521303258145,3.0,0.009317922676989943,0.06700222748198972,0.005491346604675195,0.29999999999999993
7.340827067669173,3.0,0.009216911713318897,0.06684127295355832,0.0054632486778998434,0.30000000000000004
7.360802005012531,3.0,0.009116646766019833,0.06668094899837952,0.005435354649097044,0.29999999999999993
7.380776942355889,3.0,0.009017120899548951,0.06652125256744353,0.005407662614950432,0.29999999999999993
7.400751879699248,3.0,0.008918327256153331,0.06636218062172078,0.005380170693501287,0.29999999999999993
7.420726817042606,3.0,0.008820259054871053,0.066203730132322,0.005352877023874024,0.2999999999999999
7.440701754385965,3.0,0.008722909590545395,0.06604589808065157,0.005325779766005572,0.2999999999999999
7.460676691729323,3.0,0.008626272232853041,0.06588868145855437,0.0052988771003785635,0.29999999999999993
7.480651629072682,3.0,0.008530340425345895,0.06573207726845612,0.005272167227758291,0.29999999999999993
7.50062656641604,3.0,0.008435107684506513,0.06557608252349784,0.005245648368933383,0.30000000000000004
7.520601503759399,3.0,0.008340567598816748,0.06542069424766392,0.00521931876446011,0.3
7.540576441102757,3.0,0.008246713827839567,0.06526590947590469,0.005193176674410317,0.2999999999999999
7.560551378446116,3.0,0.008153540101313765,0.06511172525425311,0.005167220378122889,0.3
7.580526315789474,3.0,0.008061040218261397,0.06495813863993605,0.005141448173958696,0.30000000000000004
7.600501253132832,3.0,0.007969208046107729,0.06480514670148008,0.005115858379059004,0.3000000000000001
7.62047619047619,3.0,0.00787803751981359,0.06465274651881227,0.005090449329107258,0.3
7.640451127819549,3.0,0.00778752264101982,0.06450093518335571,0.005065219378094223,0.30000000000000004
7.660426065162907,3.0,0.007697657477203759,0.06434970979812028,0.005040166898086377,0.29999999999999993
7.680401002506266,3.0,0.0076084361608474895,0.06419906747778852,0.005015290278997604,0.30000000000000016
7.700375939849624,3.0,0.007519852888617765,0.06404900534879693,0.004990587928364006,0.3000000000000001
7.720350877192982,3.0,0.007431901920557329,0.06389952054941278,0.004966058271121933,0.30000000000000004
7.740325814536341,3.0,0.007344577579287572,0.06375061022980649,0.004941699749389058,0.3
7.760300751879699,3.0,0.007257874249222299,0.06360227155211984,0.004917510822248541,0.30000000000000004
7.780275689223058,3.0,0.007171786375792415,0.06345450169052991,0.004893489965536157,0.3
7.800250626566416,3.0,0.007086308464681442,0.06330729783130919,0.00486963567163044,0.3
7.820225563909775,3.0,0.0070014350810716315,0.06316065717288165,0.004845946449245695,0.3
7.840200501253133,3.0,0.006917160848900583,0.06301457692587517,0.004822420823227923,0.30000000000000004
7.8601754385964915,3.0,0.006833480450128137,0.06286905431317014,0.004799057334353544,0.29999999999999993
7.8801503759398495,3.0,0.006750388624013485,0.0627240865699447,0.004775854539130953,0.3
7.900125313283208,3.0,0.006667880166402216,0.06257967094371629,0.004752811009604771,0.30000000000000004
7.920100250626566,3.0,0.006585949929023315,0.0624358046943801,0.0047299253331628535,0.3
7.940075187969925,3.0,0.0065045928187957855,0.062292485094243996,0.004707196112345929,0.30000000000000004
7.960050125313283,3.0,0.006423803797144944,0.06214970942806061,0.004684621964659895,0.2999999999999999
7.980025062656642,3.0,0.006343577879328046,0.06200747499305606,0.0046622015223906875,0.30000000000000004
8.0,3.0,0.0062639101337692805,0.06186577909895587,0.004639933432421689,0.29999999999999993
